ubigeo,rank,country,country_code,count,pct_of_foreign_born,foreign_born_total
010101,1.0,Venezuela,4037,276.0,77.3,357.0
010101,2.0,España,6009,11.0,3.1,357.0
010101,3.0,Colombia,4010,11.0,3.1,357.0
010101,4.0,Chile,4009,10.0,2.8,357.0
010101,5.0,Ecuador,4014,7.0,2.0,357.0
010101,6.0,Alemania,6002,6.0,1.7,357.0
010102,,,,,,0.0
010103,,,,,,0.0
010104,1.0,Estados Unidos,4016,1.0,100.0,1.0
010105,,,,,,0.0
010106,1.0,Chile,4009,4.0,100.0,4.0
010107,,,,,,0.0
010108,1.0,Venezuela,4037,5.0,45.5,11.0
010108,2.0,Colombia,4010,2.0,18.2,11.0
010108,3.0,Brasil,4007,2.0,18.2,11.0
010108,4.0,Ecuador,4014,1.0,9.1,11.0
010108,5.0,Argentina,4002,1.0,9.1,11.0
010109,1.0,Venezuela,4037,1.0,50.0,2.0
010109,2.0,Colombia,4010,1.0,50.0,2.0
010110,1.0,Italia,6016,2.0,28.6,7.0
010110,2.0,Australia,7001,2.0,28.6,7.0
010110,3.0,Japón,5020,1.0,14.3,7.0
010110,4.0,Inglaterra,6063,1.0,14.3,7.0
010110,5.0,Estados Unidos,4016,1.0,14.3,7.0
010111,,,,,,0.0
010112,1.0,Venezuela,4037,1.0,100.0,1.0
010113,1.0,Brasil,4007,5.0,100.0,5.0
010114,1.0,Venezuela,4037,3.0,100.0,3.0
010115,,,,,,0.0
010116,1.0,Venezuela,4037,5.0,62.5,8.0
010116,2.0,Ecuador,4014,2.0,25.0,8.0
010116,3.0,España,6009,1.0,12.5,8.0
010117,1.0,Venezuela,4037,1.0,100.0,1.0
010118,1.0,Ecuador,4014,1.0,100.0,1.0
010119,,,,,,0.0
010120,1.0,Venezuela,4037,7.0,100.0,7.0
010121,,,,,,0.0
010201,1.0,Venezuela,4037,66.0,68.8,96.0
010201,2.0,Ecuador,4014,14.0,14.6,96.0
010201,3.0,Colombia,4010,5.0,5.2,96.0
010201,4.0,Bolivia,4006,3.0,3.1,96.0
010201,5.0,Chile,4009,1.0,1.0,96.0
010201,6.0,Estados Unidos,4016,1.0,1.0,96.0
010202,1.0,Venezuela,4037,15.0,83.3,18.0
010202,2.0,Argentina,4002,1.0,5.6,18.0
010202,3.0,Colombia,4010,1.0,5.6,18.0
010202,4.0,Ecuador,4014,1.0,5.6,18.0
010203,1.0,Estados Unidos,4016,2.0,50.0,4.0
010203,2.0,Venezuela,4037,2.0,50.0,4.0
010204,,,,,,0.0
010205,1.0,Venezuela,4037,19.0,76.0,25.0
010205,2.0,Ecuador,4014,3.0,12.0,25.0
010205,3.0,Chile,4009,1.0,4.0,25.0
010205,4.0,Argentina,4002,1.0,4.0,25.0
010205,5.0,Bolivia,4006,1.0,4.0,25.0
010206,1.0,Venezuela,4037,5.0,45.5,11.0
010206,2.0,Chile,4009,2.0,18.2,11.0
010206,3.0,México,4024,2.0,18.2,11.0
010206,4.0,Estados Unidos,4016,1.0,9.1,11.0
010206,5.0,El Salvador,4015,1.0,9.1,11.0
010301,1.0,Argentina,4002,2.0,66.7,3.0
010301,2.0,Estados Unidos,4016,1.0,33.3,3.0
010302,1.0,Argentina,4002,1.0,100.0,1.0
010303,,,,,,0.0
010304,,,,,,0.0
010305,1.0,Francia,6011,1.0,50.0,2.0
010305,2.0,Estados Unidos,4016,1.0,50.0,2.0
010306,1.0,Ecuador,4014,13.0,54.2,24.0
010306,2.0,Venezuela,4037,5.0,20.8,24.0
010306,3.0,Colombia,4010,5.0,20.8,24.0
010306,4.0,Argentina,4002,1.0,4.2,24.0
010307,1.0,Ecuador,4014,4.0,25.0,16.0
010307,2.0,Corea del Sur,5010,3.0,18.8,16.0
010307,3.0,Venezuela,4037,2.0,12.5,16.0
010307,4.0,Chile,4009,2.0,12.5,16.0
010307,5.0,Brasil,4007,2.0,12.5,16.0
010307,6.0,Argentina,4002,2.0,12.5,16.0
010308,,,,,,0.0
010309,,,,,,0.0
010310,,,,,,0.0
010311,1.0,España,6009,1.0,50.0,2.0
010311,2.0,Bolivia,4006,1.0,50.0,2.0
010312,1.0,Ecuador,4014,5.0,71.4,7.0
010312,2.0,Venezuela,4037,2.0,28.6,7.0
010401,1.0,Venezuela,4037,5.0,45.5,11.0
010401,2.0,Ecuador,4014,2.0,18.2,11.0
010401,3.0,España,6009,1.0,9.1,11.0
010401,4.0,Cuba,4012,1.0,9.1,11.0
010401,5.0,Francia,6011,1.0,9.1,11.0
010401,6.0,Brasil,4007,1.0,9.1,11.0
010402,1.0,Ecuador,4014,2.0,100.0,2.0
010403,1.0,Ecuador,4014,13.0,86.7,15.0
010403,2.0,Venezuela,4037,2.0,13.3,15.0
010501,1.0,Venezuela,4037,1.0,100.0,1.0
010502,1.0,Argentina,4002,1.0,25.0,4.0
010502,2.0,Ecuador,4014,1.0,25.0,4.0
010502,3.0,Estados Unidos,4016,1.0,25.0,4.0
010502,4.0,Venezuela,4037,1.0,25.0,4.0
010503,,,,,,0.0
010504,1.0,Argentina,4002,1.0,33.3,3.0
010504,2.0,Filipinas,5013,1.0,33.3,3.0
010504,3.0,India,5014,1.0,33.3,3.0
010505,1.0,Brasil,4007,1.0,50.0,2.0
010505,2.0,Argentina,4002,1.0,50.0,2.0
010506,1.0,Venezuela,4037,2.0,100.0,2.0
010507,,,,,,0.0
010508,1.0,Chile,4009,2.0,100.0,2.0
010509,1.0,México,4024,3.0,60.0,5.0
010509,2.0,Venezuela,4037,1.0,20.0,5.0
010509,3.0,Chile,4009,1.0,20.0,5.0
010510,,,,,,0.0
010511,1.0,Venezuela,4037,1.0,100.0,1.0
010512,1.0,Venezuela,4037,2.0,100.0,2.0
010513,1.0,Estados Unidos,4016,1.0,50.0,2.0
010513,2.0,Venezuela,4037,1.0,50.0,2.0
010514,,,,,,0.0
010515,,,,,,0.0
010516,,,,,,0.0
010517,,,,,,0.0
010518,,,,,,0.0
010519,,,,,,0.0
010520,,,,,,0.0
010521,1.0,Chile,4009,1.0,33.3,3.0
010521,2.0,España,6009,1.0,33.3,3.0
010521,3.0,Angola,3001,1.0,33.3,3.0
010522,1.0,Francia,6011,4.0,80.0,5.0
010522,2.0,Austria,6004,1.0,20.0,5.0
010523,,,,,,0.0
010601,1.0,Venezuela,4037,107.0,82.9,129.0
010601,2.0,Ecuador,4014,11.0,8.5,129.0
010601,3.0,España,6009,4.0,3.1,129.0
010601,4.0,China,5008,2.0,1.6,129.0
010601,5.0,Bolivia,4006,2.0,1.6,129.0
010601,6.0,Chile,4009,1.0,0.8,129.0
010602,,,,,,0.0
010603,,,,,,0.0
010604,1.0,Suiza,6029,2.0,40.0,5.0
010604,2.0,Estados Unidos,4016,1.0,20.0,5.0
010604,3.0,Venezuela,4037,1.0,20.0,5.0
010604,4.0,Colombia,4010,1.0,20.0,5.0
010605,,,,,,0.0
010606,1.0,Ecuador,4014,6.0,85.7,7.0
010606,2.0,Venezuela,4037,1.0,14.3,7.0
010607,1.0,Venezuela,4037,7.0,63.6,11.0
010607,2.0,Chile,4009,3.0,27.3,11.0
010607,3.0,España,6009,1.0,9.1,11.0
010608,1.0,Venezuela,4037,3.0,75.0,4.0
010608,2.0,Sudáfrica,3043,1.0,25.0,4.0
010609,1.0,Italia,6016,8.0,44.4,18.0
010609,2.0,Venezuela,4037,4.0,22.2,18.0
010609,3.0,Chile,4009,3.0,16.7,18.0
010609,4.0,España,6009,2.0,11.1,18.0
010609,5.0,Colombia,4010,1.0,5.6,18.0
010610,1.0,Venezuela,4037,1.0,100.0,1.0
010611,,,,,,0.0
010612,1.0,Estados Unidos,4016,1.0,100.0,1.0
010701,1.0,Venezuela,4037,165.0,77.8,212.0
010701,2.0,Ecuador,4014,15.0,7.1,212.0
010701,3.0,Bolivia,4006,6.0,2.8,212.0
010701,4.0,Estados Unidos,4016,5.0,2.4,212.0
010701,5.0,Chile,4009,5.0,2.4,212.0
010701,6.0,Colombia,4010,4.0,1.9,212.0
010702,1.0,Venezuela,4037,9.0,75.0,12.0
010702,2.0,Ecuador,4014,2.0,16.7,12.0
010702,3.0,Bolivia,4006,1.0,8.3,12.0
010703,1.0,Venezuela,4037,10.0,71.4,14.0
010703,2.0,Chile,4009,1.0,7.1,14.0
010703,3.0,Bolivia,4006,1.0,7.1,14.0
010703,4.0,Rusia,6038,1.0,7.1,14.0
010703,5.0,Ecuador,4014,1.0,7.1,14.0
010704,1.0,Ecuador,4014,2.0,40.0,5.0
010704,2.0,Colombia,4010,2.0,40.0,5.0
010704,3.0,Venezuela,4037,1.0,20.0,5.0
010705,1.0,Bolivia,4006,1.0,33.3,3.0
010705,2.0,Estados Unidos,4016,1.0,33.3,3.0
010705,3.0,Ecuador,4014,1.0,33.3,3.0
010706,1.0,Ecuador,4014,4.0,57.1,7.0
010706,2.0,Venezuela,4037,2.0,28.6,7.0
010706,3.0,Chile,4009,1.0,14.3,7.0
010707,,,,,,0.0
020101,1.0,Venezuela,4037,802.0,90.8,883.0
020101,2.0,Colombia,4010,14.0,1.6,883.0
020101,3.0,Estados Unidos,4016,11.0,1.2,883.0
020101,4.0,Chile,4009,9.0,1.0,883.0
020101,5.0,Argentina,4002,9.0,1.0,883.0
020101,6.0,Francia,6011,5.0,0.6,883.0
020102,,,,,,0.0
020103,,,,,,0.0
020104,,,,,,0.0
020105,1.0,Venezuela,4037,361.0,76.5,472.0
020105,2.0,Colombia,4010,27.0,5.7,472.0
020105,3.0,Chile,4009,12.0,2.5,472.0
020105,4.0,Argentina,4002,12.0,2.5,472.0
020105,5.0,Estados Unidos,4016,10.0,2.1,472.0
020105,6.0,Italia,6016,7.0,1.5,472.0
020106,1.0,Italia,6016,2.0,66.7,3.0
020106,2.0,Colombia,4010,1.0,33.3,3.0
020107,,,,,,0.0
020108,1.0,Chile,4009,2.0,50.0,4.0
020108,2.0,Venezuela,4037,2.0,50.0,4.0
020109,1.0,Argentina,4002,3.0,60.0,5.0
020109,2.0,España,6009,1.0,20.0,5.0
020109,3.0,Bolivia,4006,1.0,20.0,5.0
020110,1.0,Venezuela,4037,5.0,38.5,13.0
020110,2.0,Polonia,6023,3.0,23.1,13.0
020110,3.0,Chile,4009,3.0,23.1,13.0
020110,4.0,Colombia,4010,1.0,7.7,13.0
020110,5.0,España,6009,1.0,7.7,13.0
020111,,,,,,0.0
020112,1.0,Venezuela,4037,6.0,31.6,19.0
020112,2.0,Bolivia,4006,3.0,15.8,19.0
020112,3.0,Colombia,4010,2.0,10.5,19.0
020112,4.0,Argentina,4002,2.0,10.5,19.0
020112,5.0,Estados Unidos,4016,1.0,5.3,19.0
020112,6.0,Rusia,6038,1.0,5.3,19.0
020201,1.0,Estados Unidos,4016,1.0,100.0,1.0
020202,,,,,,0.0
020203,,,,,,0.0
020204,,,,,,0.0
020205,1.0,Venezuela,4037,1.0,100.0,1.0
020301,1.0,Venezuela,4037,3.0,75.0,4.0
020301,2.0,Italia,6016,1.0,25.0,4.0
020302,,,,,,0.0
020303,1.0,España,6009,1.0,100.0,1.0
020304,1.0,Chile,4009,2.0,50.0,4.0
020304,2.0,Ecuador,4014,1.0,25.0,4.0
020304,3.0,Venezuela,4037,1.0,25.0,4.0
020305,,,,,,0.0
020306,,,,,,0.0
020401,1.0,Italia,6016,17.0,81.0,21.0
020401,2.0,Chile,4009,2.0,9.5,21.0
020401,3.0,Honduras,4022,1.0,4.8,21.0
020401,4.0,Paraguay,4027,1.0,4.8,21.0
020402,,,,,,0.0
020501,1.0,Venezuela,4037,3.0,60.0,5.0
020501,2.0,Bélgica,6005,1.0,20.0,5.0
020501,3.0,Paraguay,4027,1.0,20.0,5.0
020502,,,,,,0.0
020503,,,,,,0.0
020504,,,,,,0.0
020505,,,,,,0.0
020506,1.0,Argentina,4002,2.0,40.0,5.0
020506,2.0,Chile,4009,1.0,20.0,5.0
020506,3.0,Venezuela,4037,1.0,20.0,5.0
020506,4.0,República Dominicana,4030,1.0,20.0,5.0
020507,1.0,Venezuela,4037,1.0,50.0,2.0
020507,2.0,España,6009,1.0,50.0,2.0
020508,1.0,México,4024,1.0,100.0,1.0
020509,,,,,,0.0
020510,1.0,Venezuela,4037,1.0,100.0,1.0
020511,,,,,,0.0
020512,1.0,Chile,4009,1.0,100.0,1.0
020513,,,,,,0.0
020514,1.0,Italia,6016,2.0,100.0,2.0
020515,,,,,,0.0
020601,1.0,Venezuela,4037,13.0,44.8,29.0
020601,2.0,Argentina,4002,3.0,10.3,29.0
020601,3.0,Italia,6016,2.0,6.9,29.0
020601,4.0,Estados Unidos,4016,2.0,6.9,29.0
020601,5.0,Bélgica,6005,2.0,6.9,29.0
020601,6.0,Brasil,4007,1.0,3.4,29.0
020602,1.0,Venezuela,4037,4.0,40.0,10.0
020602,2.0,Chile,4009,3.0,30.0,10.0
020602,3.0,Francia,6011,1.0,10.0,10.0
020602,4.0,Bolivia,4006,1.0,10.0,10.0
020602,5.0,Bangladés,5004,1.0,10.0,10.0
020603,,,,,,0.0
020604,1.0,Argentina,4002,3.0,100.0,3.0
020605,,,,,,0.0
020606,1.0,Ecuador,4014,3.0,23.1,13.0
020606,2.0,España,6009,2.0,15.4,13.0
020606,3.0,Venezuela,4037,2.0,15.4,13.0
020606,4.0,Portugal,6024,1.0,7.7,13.0
020606,5.0,Argentina,4002,1.0,7.7,13.0
020606,6.0,Italia,6016,1.0,7.7,13.0
020607,,,,,,0.0
020608,,,,,,0.0
020609,1.0,Italia,6016,6.0,66.7,9.0
020609,2.0,Venezuela,4037,1.0,11.1,9.0
020609,3.0,Argentina,4002,1.0,11.1,9.0
020609,4.0,Chile,4009,1.0,11.1,9.0
020610,1.0,Chile,4009,2.0,66.7,3.0
020610,2.0,Venezuela,4037,1.0,33.3,3.0
020611,1.0,Venezuela,4037,2.0,50.0,4.0
020611,2.0,Bolivia,4006,1.0,25.0,4.0
020611,3.0,Escocia,6064,1.0,25.0,4.0
020701,1.0,Italia,6016,19.0,76.0,25.0
020701,2.0,Ecuador,4014,2.0,8.0,25.0
020701,3.0,Venezuela,4037,2.0,8.0,25.0
020701,4.0,Bolivia,4006,1.0,4.0,25.0
020701,5.0,Chile,4009,1.0,4.0,25.0
020702,,,,,,0.0
020703,,,,,,0.0
020801,1.0,Venezuela,4037,1331.0,88.3,1508.0
020801,2.0,Chile,4009,87.0,5.8,1508.0
020801,3.0,Argentina,4002,33.0,2.2,1508.0
020801,4.0,Colombia,4010,21.0,1.4,1508.0
020801,5.0,España,6009,9.0,0.6,1508.0
020801,6.0,Ecuador,4014,8.0,0.5,1508.0
020802,1.0,Chile,4009,8.0,57.1,14.0
020802,2.0,Venezuela,4037,4.0,28.6,14.0
020802,3.0,Argentina,4002,2.0,14.3,14.0
020803,1.0,Venezuela,4037,28.0,63.6,44.0
020803,2.0,Bolivia,4006,6.0,13.6,44.0
020803,3.0,Chile,4009,5.0,11.4,44.0
020803,4.0,España,6009,2.0,4.5,44.0
020803,5.0,Ecuador,4014,2.0,4.5,44.0
020803,6.0,Colombia,4010,1.0,2.3,44.0
020804,1.0,Venezuela,4037,11.0,55.0,20.0
020804,2.0,Chile,4009,5.0,25.0,20.0
020804,3.0,Argentina,4002,3.0,15.0,20.0
020804,4.0,Brasil,4007,1.0,5.0,20.0
020901,1.0,Noruega,6021,2.0,100.0,2.0
020902,,,,,,0.0
020903,,,,,,0.0
020904,,,,,,0.0
020905,,,,,,0.0
020906,,,,,,0.0
020907,,,,,,0.0
021001,1.0,Venezuela,4037,5.0,62.5,8.0
021001,2.0,Chile,4009,1.0,12.5,8.0
021001,3.0,Bolivia,4006,1.0,12.5,8.0
021001,4.0,Italia,6016,1.0,12.5,8.0
021002,,,,,,0.0
021003,1.0,Estados Unidos,4016,1.0,100.0,1.0
021004,1.0,Venezuela,4037,3.0,42.9,7.0
021004,2.0,Argentina,4002,1.0,14.3,7.0
021004,3.0,Bolivia,4006,1.0,14.3,7.0
021004,4.0,Chile,4009,1.0,14.3,7.0
021004,5.0,Estados Unidos,4016,1.0,14.3,7.0
021005,1.0,Venezuela,4037,2.0,100.0,2.0
021006,,,,,,0.0
021007,,,,,,0.0
021008,1.0,Venezuela,4037,2.0,40.0,5.0
021008,2.0,Bolivia,4006,1.0,20.0,5.0
021008,3.0,Chile,4009,1.0,20.0,5.0
021008,4.0,Suiza,6029,1.0,20.0,5.0
021009,,,,,,0.0
021010,,,,,,0.0
021011,,,,,,0.0
021012,,,,,,0.0
021013,,,,,,0.0
021014,1.0,Venezuela,4037,48.0,82.8,58.0
021014,2.0,Chile,4009,3.0,5.2,58.0
021014,3.0,Argentina,4002,2.0,3.4,58.0
021014,4.0,Colombia,4010,2.0,3.4,58.0
021014,5.0,Bolivia,4006,2.0,3.4,58.0
021014,6.0,Italia,6016,1.0,1.7,58.0
021015,1.0,Bolivia,4006,1.0,100.0,1.0
021016,1.0,Italia,6016,2.0,100.0,2.0
021101,1.0,Venezuela,4037,514.0,83.3,617.0
021101,2.0,Chile,4009,39.0,6.3,617.0
021101,3.0,Argentina,4002,14.0,2.3,617.0
021101,4.0,España,6009,9.0,1.5,617.0
021101,5.0,Colombia,4010,8.0,1.3,617.0
021101,6.0,Ecuador,4014,6.0,1.0,617.0
021102,,,,,,0.0
021103,1.0,Venezuela,4037,44.0,91.7,48.0
021103,2.0,Colombia,4010,4.0,8.3,48.0
021104,1.0,Venezuela,4037,5.0,100.0,5.0
021105,1.0,Venezuela,4037,3.0,100.0,3.0
021201,1.0,Venezuela,4037,86.0,74.8,115.0
021201,2.0,Colombia,4010,8.0,7.0,115.0
021201,3.0,Argentina,4002,4.0,3.5,115.0
021201,4.0,Ecuador,4014,3.0,2.6,115.0
021201,5.0,Brasil,4007,3.0,2.6,115.0
021201,6.0,Estados Unidos,4016,3.0,2.6,115.0
021202,1.0,Chile,4009,2.0,100.0,2.0
021203,,,,,,0.0
021204,,,,,,0.0
021205,1.0,Colombia,4010,1.0,100.0,1.0
021206,1.0,Chile,4009,1.0,100.0,1.0
021207,,,,,,0.0
021208,1.0,Venezuela,4037,1.0,33.3,3.0
021208,2.0,Bolivia,4006,1.0,33.3,3.0
021208,3.0,Argentina,4002,1.0,33.3,3.0
021209,1.0,Venezuela,4037,2.0,66.7,3.0
021209,2.0,Estados Unidos,4016,1.0,33.3,3.0
021210,1.0,Venezuela,4037,2.0,66.7,3.0
021210,2.0,Argentina,4002,1.0,33.3,3.0
021301,1.0,Venezuela,4037,6.0,50.0,12.0
021301,2.0,Italia,6016,6.0,50.0,12.0
021302,,,,,,0.0
021303,,,,,,0.0
021304,,,,,,0.0
021305,,,,,,0.0
021306,1.0,Italia,6016,4.0,100.0,4.0
021307,,,,,,0.0
021308,,,,,,0.0
021401,1.0,Bolivia,4006,2.0,50.0,4.0
021401,2.0,Ecuador,4014,2.0,50.0,4.0
021402,,,,,,0.0
021403,,,,,,0.0
021404,1.0,Chile,4009,1.0,50.0,2.0
021404,2.0,Venezuela,4037,1.0,50.0,2.0
021405,1.0,Venezuela,4037,4.0,80.0,5.0
021405,2.0,Argentina,4002,1.0,20.0,5.0
021406,,,,,,0.0
021407,,,,,,0.0
021408,,,,,,0.0
021409,1.0,Argentina,4002,1.0,100.0,1.0
021410,,,,,,0.0
021501,1.0,Ecuador,4014,2.0,50.0,4.0
021501,2.0,Argentina,4002,1.0,25.0,4.0
021501,3.0,Venezuela,4037,1.0,25.0,4.0
021502,1.0,Polonia,6023,1.0,100.0,1.0
021503,1.0,Venezuela,4037,3.0,60.0,5.0
021503,2.0,Chile,4009,1.0,20.0,5.0
021503,3.0,Argentina,4002,1.0,20.0,5.0
021504,1.0,Venezuela,4037,2.0,66.7,3.0
021504,2.0,Chile,4009,1.0,33.3,3.0
021505,1.0,Ecuador,4014,1.0,50.0,2.0
021505,2.0,Bulgaria,6006,1.0,50.0,2.0
021506,1.0,Venezuela,4037,2.0,66.7,3.0
021506,2.0,México,4024,1.0,33.3,3.0
021507,1.0,Italia,6016,2.0,100.0,2.0
021508,1.0,Venezuela,4037,7.0,70.0,10.0
021508,2.0,Argentina,4002,3.0,30.0,10.0
021509,1.0,Venezuela,4037,1.0,100.0,1.0
021510,,,,,,0.0
021511,1.0,Italia,6016,6.0,75.0,8.0
021511,2.0,Bolivia,4006,2.0,25.0,8.0
021601,1.0,Argentina,4002,2.0,66.7,3.0
021601,2.0,Venezuela,4037,1.0,33.3,3.0
021602,1.0,Italia,6016,2.0,100.0,2.0
021603,1.0,Venezuela,4037,1.0,100.0,1.0
021604,,,,,,0.0
021701,1.0,Tailandia,5035,3.0,37.5,8.0
021701,2.0,España,6009,2.0,25.0,8.0
021701,3.0,Chile,4009,1.0,12.5,8.0
021701,4.0,Estados Unidos,4016,1.0,12.5,8.0
021701,5.0,Argentina,4002,1.0,12.5,8.0
021702,1.0,Venezuela,4037,2.0,40.0,5.0
021702,2.0,Colombia,4010,1.0,20.0,5.0
021702,3.0,Filipinas,5013,1.0,20.0,5.0
021702,4.0,Chile,4009,1.0,20.0,5.0
021703,,,,,,0.0
021704,,,,,,0.0
021705,,,,,,0.0
021706,1.0,Chile,4009,1.0,50.0,2.0
021706,2.0,Venezuela,4037,1.0,50.0,2.0
021707,,,,,,0.0
021708,1.0,Venezuela,4037,1.0,100.0,1.0
021709,,,,,,0.0
021710,,,,,,0.0
021801,1.0,Venezuela,4037,9453.0,87.1,10847.0
021801,2.0,Chile,4009,548.0,5.1,10847.0
021801,3.0,Argentina,4002,377.0,3.5,10847.0
021801,4.0,Colombia,4010,144.0,1.3,10847.0
021801,5.0,España,6009,61.0,0.6,10847.0
021801,6.0,Ecuador,4014,56.0,0.5,10847.0
021802,1.0,Venezuela,4037,3.0,60.0,5.0
021802,2.0,España,6009,1.0,20.0,5.0
021802,3.0,Chile,4009,1.0,20.0,5.0
021803,1.0,Venezuela,4037,260.0,65.8,395.0
021803,2.0,Chile,4009,75.0,19.0,395.0
021803,3.0,Argentina,4002,33.0,8.4,395.0
021803,4.0,Ecuador,4014,9.0,2.3,395.0
021803,5.0,Colombia,4010,8.0,2.0,395.0
021803,6.0,España,6009,3.0,0.8,395.0
021804,1.0,Chile,4009,2.0,100.0,2.0
021805,1.0,Venezuela,4037,105.0,84.0,125.0
021805,2.0,Chile,4009,10.0,8.0,125.0
021805,3.0,Colombia,4010,3.0,2.4,125.0
021805,4.0,Argentina,4002,2.0,1.6,125.0
021805,5.0,Costa Rica,4011,1.0,0.8,125.0
021805,6.0,Bolivia,4006,1.0,0.8,125.0
021806,1.0,Venezuela,4037,89.0,47.3,188.0
021806,2.0,Chile,4009,57.0,30.3,188.0
021806,3.0,Estados Unidos,4016,10.0,5.3,188.0
021806,4.0,Argentina,4002,10.0,5.3,188.0
021806,5.0,Colombia,4010,8.0,4.3,188.0
021806,6.0,Ecuador,4014,5.0,2.7,188.0
021807,1.0,Venezuela,4037,73.0,67.0,109.0
021807,2.0,Chile,4009,23.0,21.1,109.0
021807,3.0,Colombia,4010,3.0,2.8,109.0
021807,4.0,Argentina,4002,3.0,2.8,109.0
021807,5.0,España,6009,2.0,1.8,109.0
021807,6.0,Canadá,4008,2.0,1.8,109.0
021808,1.0,Venezuela,4037,511.0,84.3,606.0
021808,2.0,Chile,4009,62.0,10.2,606.0
021808,3.0,Argentina,4002,15.0,2.5,606.0
021808,4.0,Colombia,4010,10.0,1.7,606.0
021808,5.0,Bolivia,4006,3.0,0.5,606.0
021808,6.0,Italia,6016,2.0,0.3,606.0
021809,1.0,Venezuela,4037,5706.0,78.9,7228.0
021809,2.0,Chile,4009,438.0,6.1,7228.0
021809,3.0,Colombia,4010,384.0,5.3,7228.0
021809,4.0,Argentina,4002,289.0,4.0,7228.0
021809,5.0,Ecuador,4014,93.0,1.3,7228.0
021809,6.0,España,6009,60.0,0.8,7228.0
021901,1.0,Chile,4009,2.0,40.0,5.0
021901,2.0,Ecuador,4014,1.0,20.0,5.0
021901,3.0,España,6009,1.0,20.0,5.0
021901,4.0,Venezuela,4037,1.0,20.0,5.0
021902,,,,,,0.0
021903,,,,,,0.0
021904,,,,,,0.0
021905,,,,,,0.0
021906,,,,,,0.0
021907,,,,,,0.0
021908,,,,,,0.0
021909,,,,,,0.0
021910,,,,,,0.0
022001,1.0,Venezuela,4037,35.0,55.6,63.0
022001,2.0,Estados Unidos,4016,7.0,11.1,63.0
022001,3.0,Italia,6016,6.0,9.5,63.0
022001,4.0,Argentina,4002,4.0,6.3,63.0
022001,5.0,Colombia,4010,3.0,4.8,63.0
022001,6.0,China,5008,3.0,4.8,63.0
022002,,,,,,0.0
022003,1.0,Venezuela,4037,3.0,75.0,4.0
022003,2.0,Alemania,6002,1.0,25.0,4.0
022004,1.0,España,6009,1.0,50.0,2.0
022004,2.0,Alemania,6002,1.0,50.0,2.0
022005,1.0,Brasil,4007,3.0,50.0,6.0
022005,2.0,Venezuela,4037,1.0,16.7,6.0
022005,3.0,Chile,4009,1.0,16.7,6.0
022005,4.0,Ecuador,4014,1.0,16.7,6.0
022006,,,,,,0.0
022007,1.0,Bolivia,4006,1.0,100.0,1.0
022008,1.0,Bolivia,4006,1.0,25.0,4.0
022008,2.0,Chile,4009,1.0,25.0,4.0
022008,3.0,Estados Unidos,4016,1.0,25.0,4.0
022008,4.0,Argentina,4002,1.0,25.0,4.0
030101,1.0,Venezuela,4037,504.0,78.6,641.0
030101,2.0,Bolivia,4006,31.0,4.8,641.0
030101,3.0,Argentina,4002,24.0,3.7,641.0
030101,4.0,Italia,6016,20.0,3.1,641.0
030101,5.0,Chile,4009,11.0,1.7,641.0
030101,6.0,Colombia,4010,9.0,1.4,641.0
030102,1.0,Venezuela,4037,1.0,100.0,1.0
030103,1.0,Argentina,4002,2.0,100.0,2.0
030104,1.0,Alemania,6002,29.0,43.9,66.0
030104,2.0,Venezuela,4037,10.0,15.2,66.0
030104,3.0,Paraguay,4027,7.0,10.6,66.0
030104,4.0,Bolivia,4006,4.0,6.1,66.0
030104,5.0,Suiza,6029,4.0,6.1,66.0
030104,6.0,Estados Unidos,4016,4.0,6.1,66.0
030105,,,,,,0.0
030106,1.0,Bolivia,4006,1.0,100.0,1.0
030107,1.0,Argentina,4002,2.0,100.0,2.0
030108,1.0,Ecuador,4014,3.0,60.0,5.0
030108,2.0,Argentina,4002,1.0,20.0,5.0
030108,3.0,Suiza,6029,1.0,20.0,5.0
030109,1.0,Venezuela,4037,24.0,58.5,41.0
030109,2.0,Colombia,4010,6.0,14.6,41.0
030109,3.0,Bolivia,4006,3.0,7.3,41.0
030109,4.0,Italia,6016,2.0,4.9,41.0
030109,5.0,Suiza,6029,1.0,2.4,41.0
030109,6.0,Inglaterra,6063,1.0,2.4,41.0
030201,1.0,Venezuela,4037,222.0,81.0,274.0
030201,2.0,Bolivia,4006,15.0,5.5,274.0
030201,3.0,Cuba,4012,11.0,4.0,274.0
030201,4.0,Argentina,4002,6.0,2.2,274.0
030201,5.0,Italia,6016,5.0,1.8,274.0
030201,6.0,Australia,7001,3.0,1.1,274.0
030202,,,,,,0.0
030203,,,,,,0.0
030204,,,,,,0.0
030205,1.0,Bolivia,4006,1.0,100.0,1.0
030206,,,,,,0.0
030207,,,,,,0.0
030208,,,,,,0.0
030209,1.0,Venezuela,4037,4.0,100.0,4.0
030210,,,,,,0.0
030211,,,,,,0.0
030212,,,,,,0.0
030213,1.0,Venezuela,4037,20.0,58.8,34.0
030213,2.0,Bolivia,4006,6.0,17.6,34.0
030213,3.0,Estados Unidos,4016,3.0,8.8,34.0
030213,4.0,Ecuador,4014,2.0,5.9,34.0
030213,5.0,Colombia,4010,1.0,2.9,34.0
030213,6.0,Reino Unido,6025,1.0,2.9,34.0
030214,1.0,Bolivia,4006,1.0,100.0,1.0
030215,1.0,Argentina,4002,1.0,100.0,1.0
030216,1.0,Venezuela,4037,63.0,75.9,83.0
030216,2.0,Argentina,4002,4.0,4.8,83.0
030216,3.0,Brasil,4007,4.0,4.8,83.0
030216,4.0,Italia,6016,4.0,4.8,83.0
030216,5.0,Estados Unidos,4016,2.0,2.4,83.0
030216,6.0,Canadá,4008,1.0,1.2,83.0
030217,,,,,,0.0
030218,1.0,Bolivia,4006,1.0,50.0,2.0
030218,2.0,Venezuela,4037,1.0,50.0,2.0
030219,,,,,,0.0
030220,1.0,Venezuela,4037,2.0,100.0,2.0
030301,1.0,Argentina,4002,2.0,66.7,3.0
030301,2.0,Colombia,4010,1.0,33.3,3.0
030302,,,,,,0.0
030303,,,,,,0.0
030304,,,,,,0.0
030305,1.0,Chile,4009,1.0,100.0,1.0
030306,,,,,,0.0
030307,,,,,,0.0
030401,1.0,Venezuela,4037,5.0,50.0,10.0
030401,2.0,Argentina,4002,3.0,30.0,10.0
030401,3.0,Ecuador,4014,2.0,20.0,10.0
030402,1.0,Argentina,4002,2.0,100.0,2.0
030403,,,,,,0.0
030404,1.0,Italia,6016,2.0,100.0,2.0
030405,,,,,,0.0
030406,1.0,Chile,4009,1.0,33.3,3.0
030406,2.0,Venezuela,4037,1.0,33.3,3.0
030406,3.0,Colombia,4010,1.0,33.3,3.0
030407,,,,,,0.0
030408,,,,,,0.0
030409,1.0,Argentina,4002,7.0,53.8,13.0
030409,2.0,Estados Unidos,4016,3.0,23.1,13.0
030409,3.0,Brasil,4007,2.0,15.4,13.0
030409,4.0,Venezuela,4037,1.0,7.7,13.0
030410,1.0,Colombia,4010,1.0,100.0,1.0
030411,1.0,Italia,6016,1.0,50.0,2.0
030411,2.0,Estados Unidos,4016,1.0,50.0,2.0
030412,,,,,,0.0
030413,1.0,Venezuela,4037,1.0,100.0,1.0
030414,,,,,,0.0
030415,1.0,Venezuela,4037,4.0,36.4,11.0
030415,2.0,Argentina,4002,3.0,27.3,11.0
030415,3.0,Estados Unidos,4016,2.0,18.2,11.0
030415,4.0,Brasil,4007,1.0,9.1,11.0
030415,5.0,Italia,6016,1.0,9.1,11.0
030416,,,,,,0.0
030417,,,,,,0.0
030501,1.0,China,5008,3.0,50.0,6.0
030501,2.0,Bolivia,4006,1.0,16.7,6.0
030501,3.0,Colombia,4010,1.0,16.7,6.0
030501,4.0,Chile,4009,1.0,16.7,6.0
030502,,,,,,0.0
030503,1.0,Bolivia,4006,6.0,75.0,8.0
030503,2.0,Estados Unidos,4016,1.0,12.5,8.0
030503,3.0,Venezuela,4037,1.0,12.5,8.0
030504,,,,,,0.0
030505,1.0,Venezuela,4037,1.0,100.0,1.0
030506,1.0,Venezuela,4037,16.0,72.7,22.0
030506,2.0,Colombia,4010,2.0,9.1,22.0
030506,3.0,Países Bajos,6022,1.0,4.5,22.0
030506,4.0,Chile,4009,1.0,4.5,22.0
030506,5.0,Bolivia,4006,1.0,4.5,22.0
030506,6.0,Argentina,4002,1.0,4.5,22.0
030601,1.0,Venezuela,4037,6.0,60.0,10.0
030601,2.0,Italia,6016,1.0,10.0,10.0
030601,3.0,Bolivia,4006,1.0,10.0,10.0
030601,4.0,Colombia,4010,1.0,10.0,10.0
030601,5.0,Argentina,4002,1.0,10.0,10.0
030602,1.0,Venezuela,4037,4.0,26.7,15.0
030602,2.0,Bolivia,4006,4.0,26.7,15.0
030602,3.0,Argentina,4002,3.0,20.0,15.0
030602,4.0,España,6009,1.0,6.7,15.0
030602,5.0,Rusia,6038,1.0,6.7,15.0
030602,6.0,Chile,4009,1.0,6.7,15.0
030603,,,,,,0.0
030604,1.0,Chile,4009,4.0,57.1,7.0
030604,2.0,Venezuela,4037,2.0,28.6,7.0
030604,3.0,Colombia,4010,1.0,14.3,7.0
030605,1.0,Guatemala,4018,2.0,66.7,3.0
030605,2.0,Bolivia,4006,1.0,33.3,3.0
030606,1.0,Japón,5020,1.0,100.0,1.0
030607,,,,,,0.0
030608,,,,,,0.0
030609,1.0,Chile,4009,1.0,100.0,1.0
030610,,,,,,0.0
030611,1.0,Bolivia,4006,1.0,100.0,1.0
030612,1.0,Venezuela,4037,16.0,94.1,17.0
030612,2.0,Argentina,4002,1.0,5.9,17.0
030701,1.0,Italia,6016,2.0,100.0,2.0
030702,,,,,,0.0
030703,1.0,Paraguay,4027,1.0,100.0,1.0
030704,,,,,,0.0
030705,1.0,Italia,6016,1.0,100.0,1.0
030706,,,,,,0.0
030707,,,,,,0.0
030708,1.0,Bolivia,4006,1.0,100.0,1.0
030709,,,,,,0.0
030710,,,,,,0.0
030711,,,,,,0.0
030712,,,,,,0.0
030713,,,,,,0.0
030714,,,,,,0.0
040101,1.0,Venezuela,4037,2107.0,80.0,2635.0
040101,2.0,Bolivia,4006,66.0,2.5,2635.0
040101,3.0,Chile,4009,60.0,2.3,2635.0
040101,4.0,Estados Unidos,4016,58.0,2.2,2635.0
040101,5.0,Colombia,4010,57.0,2.2,2635.0
040101,6.0,Argentina,4002,41.0,1.6,2635.0
040102,1.0,Venezuela,4037,2187.0,87.5,2499.0
040102,2.0,Colombia,4010,66.0,2.6,2499.0
040102,3.0,Bolivia,4006,65.0,2.6,2499.0
040102,4.0,Argentina,4002,48.0,1.9,2499.0
040102,5.0,Chile,4009,37.0,1.5,2499.0
040102,6.0,Brasil,4007,15.0,0.6,2499.0
040103,1.0,Venezuela,4037,1510.0,71.8,2103.0
040103,2.0,Chile,4009,78.0,3.7,2103.0
040103,3.0,Argentina,4002,73.0,3.5,2103.0
040103,4.0,Estados Unidos,4016,67.0,3.2,2103.0
040103,5.0,Colombia,4010,63.0,3.0,2103.0
040103,6.0,Bolivia,4006,62.0,2.9,2103.0
040104,1.0,Venezuela,4037,5303.0,85.7,6191.0
040104,2.0,Bolivia,4006,167.0,2.7,6191.0
040104,3.0,Colombia,4010,159.0,2.6,6191.0
040104,4.0,Chile,4009,120.0,1.9,6191.0
040104,5.0,Argentina,4002,93.0,1.5,6191.0
040104,6.0,Estados Unidos,4016,65.0,1.0,6191.0
040105,1.0,Venezuela,4037,131.0,76.6,171.0
040105,2.0,Chile,4009,15.0,8.8,171.0
040105,3.0,Brasil,4007,7.0,4.1,171.0
040105,4.0,Bolivia,4006,7.0,4.1,171.0
040105,5.0,Noruega,6021,4.0,2.3,171.0
040105,6.0,Colombia,4010,4.0,2.3,171.0
040106,1.0,Venezuela,4037,19.0,86.4,22.0
040106,2.0,Brasil,4007,1.0,4.5,22.0
040106,3.0,Bolivia,4006,1.0,4.5,22.0
040106,4.0,Argentina,4002,1.0,4.5,22.0
040107,1.0,Venezuela,4037,670.0,83.4,803.0
040107,2.0,Bolivia,4006,30.0,3.7,803.0
040107,3.0,Chile,4009,21.0,2.6,803.0
040107,4.0,Argentina,4002,20.0,2.5,803.0
040107,5.0,Colombia,4010,18.0,2.2,803.0
040107,6.0,México,4024,6.0,0.7,803.0
040108,1.0,Venezuela,4037,285.0,78.1,365.0
040108,2.0,Bolivia,4006,20.0,5.5,365.0
040108,3.0,Chile,4009,15.0,4.1,365.0
040108,4.0,Colombia,4010,11.0,3.0,365.0
040108,5.0,Argentina,4002,9.0,2.5,365.0
040108,6.0,Brasil,4007,6.0,1.6,365.0
040109,1.0,Venezuela,4037,2195.0,92.7,2367.0
040109,2.0,Bolivia,4006,42.0,1.8,2367.0
040109,3.0,Colombia,4010,28.0,1.2,2367.0
040109,4.0,Chile,4009,24.0,1.0,2367.0
040109,5.0,Argentina,4002,20.0,0.8,2367.0
040109,6.0,Brasil,4007,13.0,0.5,2367.0
040110,1.0,Venezuela,4037,3451.0,93.5,3691.0
040110,2.0,Colombia,4010,43.0,1.2,3691.0
040110,3.0,Bolivia,4006,42.0,1.1,3691.0
040110,4.0,Chile,4009,31.0,0.8,3691.0
040110,5.0,Argentina,4002,25.0,0.7,3691.0
040110,6.0,México,4024,18.0,0.5,3691.0
040111,1.0,Venezuela,4037,11.0,42.3,26.0
040111,2.0,Bolivia,4006,4.0,15.4,26.0
040111,3.0,Chile,4009,3.0,11.5,26.0
040111,4.0,Colombia,4010,3.0,11.5,26.0
040111,5.0,Brasil,4007,2.0,7.7,26.0
040111,6.0,Argentina,4002,2.0,7.7,26.0
040112,1.0,Venezuela,4037,2911.0,89.8,3242.0
040112,2.0,Bolivia,4006,94.0,2.9,3242.0
040112,3.0,Chile,4009,61.0,1.9,3242.0
040112,4.0,Colombia,4010,38.0,1.2,3242.0
040112,5.0,Argentina,4002,35.0,1.1,3242.0
040112,6.0,Brasil,4007,17.0,0.5,3242.0
040113,,,,,,0.0
040114,1.0,Chile,4009,3.0,75.0,4.0
040114,2.0,Italia,6016,1.0,25.0,4.0
040115,1.0,Venezuela,4037,29.0,65.9,44.0
040115,2.0,Brasil,4007,5.0,11.4,44.0
040115,3.0,Chile,4009,3.0,6.8,44.0
040115,4.0,Japón,5020,2.0,4.5,44.0
040115,5.0,Estados Unidos,4016,2.0,4.5,44.0
040115,6.0,Bolivia,4006,1.0,2.3,44.0
040116,1.0,Venezuela,4037,49.0,59.8,82.0
040116,2.0,Chile,4009,11.0,13.4,82.0
040116,3.0,Bolivia,4006,5.0,6.1,82.0
040116,4.0,México,4024,4.0,4.9,82.0
040116,5.0,Estados Unidos,4016,3.0,3.7,82.0
040116,6.0,España,6009,2.0,2.4,82.0
040117,1.0,Venezuela,4037,320.0,65.3,490.0
040117,2.0,Chile,4009,37.0,7.6,490.0
040117,3.0,Estados Unidos,4016,17.0,3.5,490.0
040117,4.0,Colombia,4010,15.0,3.1,490.0
040117,5.0,Francia,6011,14.0,2.9,490.0
040117,6.0,España,6009,11.0,2.2,490.0
040118,1.0,Bolivia,4006,1.0,100.0,1.0
040119,,,,,,0.0
040120,,,,,,0.0
040121,1.0,Venezuela,4037,27.0,75.0,36.0
040121,2.0,Bolivia,4006,3.0,8.3,36.0
040121,3.0,Argentina,4002,2.0,5.6,36.0
040121,4.0,Eslovenia,6042,1.0,2.8,36.0
040121,5.0,Paraguay,4027,1.0,2.8,36.0
040121,6.0,Chile,4009,1.0,2.8,36.0
040122,1.0,Venezuela,4037,1814.0,86.0,2110.0
040122,2.0,Colombia,4010,104.0,4.9,2110.0
040122,3.0,Bolivia,4006,48.0,2.3,2110.0
040122,4.0,Chile,4009,36.0,1.7,2110.0
040122,5.0,Argentina,4002,27.0,1.3,2110.0
040122,6.0,Brasil,4007,17.0,0.8,2110.0
040123,1.0,Venezuela,4037,186.0,69.7,267.0
040123,2.0,Argentina,4002,17.0,6.4,267.0
040123,3.0,Colombia,4010,16.0,6.0,267.0
040123,4.0,Ecuador,4014,14.0,5.2,267.0
040123,5.0,Bolivia,4006,9.0,3.4,267.0
040123,6.0,Chile,4009,9.0,3.4,267.0
040124,1.0,Venezuela,4037,74.0,71.8,103.0
040124,2.0,Bolivia,4006,13.0,12.6,103.0
040124,3.0,Colombia,4010,6.0,5.8,103.0
040124,4.0,Argentina,4002,3.0,2.9,103.0
040124,5.0,Chile,4009,3.0,2.9,103.0
040124,6.0,México,4024,1.0,1.0,103.0
040125,1.0,Venezuela,4037,6.0,46.2,13.0
040125,2.0,Bolivia,4006,4.0,30.8,13.0
040125,3.0,Italia,6016,1.0,7.7,13.0
040125,4.0,España,6009,1.0,7.7,13.0
040125,5.0,Estados Unidos,4016,1.0,7.7,13.0
040126,1.0,Venezuela,4037,768.0,71.6,1072.0
040126,2.0,Estados Unidos,4016,30.0,2.8,1072.0
040126,3.0,Chile,4009,29.0,2.7,1072.0
040126,4.0,Bolivia,4006,28.0,2.6,1072.0
040126,5.0,Brasil,4007,26.0,2.4,1072.0
040126,6.0,Argentina,4002,24.0,2.2,1072.0
040127,1.0,Venezuela,4037,6.0,40.0,15.0
040127,2.0,Bolivia,4006,4.0,26.7,15.0
040127,3.0,Argentina,4002,3.0,20.0,15.0
040127,4.0,México,4024,1.0,6.7,15.0
040127,5.0,Alemania,6002,1.0,6.7,15.0
040128,1.0,Venezuela,4037,65.0,57.5,113.0
040128,2.0,Bolivia,4006,16.0,14.2,113.0
040128,3.0,Chile,4009,13.0,11.5,113.0
040128,4.0,Argentina,4002,5.0,4.4,113.0
040128,5.0,Brasil,4007,4.0,3.5,113.0
040128,6.0,Cuba,4012,3.0,2.7,113.0
040129,1.0,Venezuela,4037,2562.0,84.1,3048.0
040129,2.0,Argentina,4002,68.0,2.2,3048.0
040129,3.0,Colombia,4010,66.0,2.2,3048.0
040129,4.0,Bolivia,4006,53.0,1.7,3048.0
040129,5.0,Chile,4009,52.0,1.7,3048.0
040129,6.0,Estados Unidos,4016,43.0,1.4,3048.0
040201,1.0,Venezuela,4037,562.0,88.1,638.0
040201,2.0,Colombia,4010,14.0,2.2,638.0
040201,3.0,Bolivia,4006,12.0,1.9,638.0
040201,4.0,Chile,4009,12.0,1.9,638.0
040201,5.0,Cuba,4012,9.0,1.4,638.0
040201,6.0,Ecuador,4014,6.0,0.9,638.0
040202,1.0,Venezuela,4037,32.0,74.4,43.0
040202,2.0,Colombia,4010,6.0,14.0,43.0
040202,3.0,Chile,4009,2.0,4.7,43.0
040202,4.0,Estados Unidos,4016,2.0,4.7,43.0
040202,5.0,Brasil,4007,1.0,2.3,43.0
040203,1.0,Venezuela,4037,82.0,82.0,100.0
040203,2.0,Bolivia,4006,8.0,8.0,100.0
040203,3.0,Colombia,4010,3.0,3.0,100.0
040203,4.0,Paraguay,4027,2.0,2.0,100.0
040203,5.0,Cuba,4012,2.0,2.0,100.0
040203,6.0,Chile,4009,1.0,1.0,100.0
040204,1.0,Venezuela,4037,73.0,73.0,100.0
040204,2.0,Bolivia,4006,9.0,9.0,100.0
040204,3.0,Ecuador,4014,6.0,6.0,100.0
040204,4.0,Argentina,4002,3.0,3.0,100.0
040204,5.0,Italia,6016,2.0,2.0,100.0
040204,6.0,Chile,4009,2.0,2.0,100.0
040205,1.0,Venezuela,4037,41.0,65.1,63.0
040205,2.0,Chile,4009,7.0,11.1,63.0
040205,3.0,Argentina,4002,4.0,6.3,63.0
040205,4.0,Alemania,6002,3.0,4.8,63.0
040205,5.0,Italia,6016,2.0,3.2,63.0
040205,6.0,Colombia,4010,2.0,3.2,63.0
040206,1.0,Venezuela,4037,48.0,78.7,61.0
040206,2.0,Bolivia,4006,7.0,11.5,61.0
040206,3.0,Colombia,4010,5.0,8.2,61.0
040206,4.0,Estados Unidos,4016,1.0,1.6,61.0
040207,1.0,Venezuela,4037,29.0,93.5,31.0
040207,2.0,Colombia,4010,1.0,3.2,31.0
040207,3.0,Bolivia,4006,1.0,3.2,31.0
040208,1.0,Venezuela,4037,178.0,84.0,212.0
040208,2.0,Chile,4009,9.0,4.2,212.0
040208,3.0,Colombia,4010,8.0,3.8,212.0
040208,4.0,Bolivia,4006,6.0,2.8,212.0
040208,5.0,España,6009,2.0,0.9,212.0
040208,6.0,Argentina,4002,2.0,0.9,212.0
040301,1.0,Venezuela,4037,54.0,81.8,66.0
040301,2.0,Argentina,4002,4.0,6.1,66.0
040301,3.0,Estados Unidos,4016,2.0,3.0,66.0
040301,4.0,Chile,4009,2.0,3.0,66.0
040301,5.0,Guatemala,4018,2.0,3.0,66.0
040301,6.0,Paraguay,4027,1.0,1.5,66.0
040302,1.0,Venezuela,4037,48.0,87.3,55.0
040302,2.0,República Dominicana,4030,4.0,7.3,55.0
040302,3.0,Bolivia,4006,2.0,3.6,55.0
040302,4.0,Chile,4009,1.0,1.8,55.0
040303,1.0,Venezuela,4037,123.0,91.1,135.0
040303,2.0,Colombia,4010,7.0,5.2,135.0
040303,3.0,Argentina,4002,2.0,1.5,135.0
040303,4.0,Ecuador,4014,2.0,1.5,135.0
040303,5.0,Chile,4009,1.0,0.7,135.0
040304,1.0,Venezuela,4037,2.0,66.7,3.0
040304,2.0,Brasil,4007,1.0,33.3,3.0
040305,1.0,Venezuela,4037,162.0,95.9,169.0
040305,2.0,Colombia,4010,3.0,1.8,169.0
040305,3.0,Italia,6016,2.0,1.2,169.0
040305,4.0,Ecuador,4014,1.0,0.6,169.0
040305,5.0,Bolivia,4006,1.0,0.6,169.0
040306,1.0,Venezuela,4037,1.0,100.0,1.0
040307,1.0,Venezuela,4037,492.0,93.0,529.0
040307,2.0,Ecuador,4014,9.0,1.7,529.0
040307,3.0,Colombia,4010,8.0,1.5,529.0
040307,4.0,Argentina,4002,8.0,1.5,529.0
040307,5.0,China,5008,2.0,0.4,529.0
040307,6.0,Chile,4009,2.0,0.4,529.0
040308,1.0,Venezuela,4037,42.0,91.3,46.0
040308,2.0,Argentina,4002,2.0,4.3,46.0
040308,3.0,Ecuador,4014,1.0,2.2,46.0
040308,4.0,Italia,6016,1.0,2.2,46.0
040309,1.0,Venezuela,4037,12.0,70.6,17.0
040309,2.0,Colombia,4010,3.0,17.6,17.0
040309,3.0,Brasil,4007,1.0,5.9,17.0
040309,4.0,Bolivia,4006,1.0,5.9,17.0
040310,1.0,Venezuela,4037,9.0,90.0,10.0
040310,2.0,Chile,4009,1.0,10.0,10.0
040311,1.0,Venezuela,4037,33.0,86.8,38.0
040311,2.0,Chile,4009,4.0,10.5,38.0
040311,3.0,Colombia,4010,1.0,2.6,38.0
040312,1.0,Venezuela,4037,3.0,75.0,4.0
040312,2.0,Chile,4009,1.0,25.0,4.0
040313,1.0,Venezuela,4037,90.0,87.4,103.0
040313,2.0,Cuba,4012,5.0,4.9,103.0
040313,3.0,Chile,4009,2.0,1.9,103.0
040313,4.0,Bolivia,4006,2.0,1.9,103.0
040313,5.0,Argentina,4002,2.0,1.9,103.0
040313,6.0,Colombia,4010,1.0,1.0,103.0
040401,1.0,Venezuela,4037,38.0,60.3,63.0
040401,2.0,China,5008,5.0,7.9,63.0
040401,3.0,India,5014,4.0,6.3,63.0
040401,4.0,Bolivia,4006,3.0,4.8,63.0
040401,5.0,Argentina,4002,3.0,4.8,63.0
040401,6.0,Chile,4009,2.0,3.2,63.0
040402,1.0,Cuba,4012,1.0,100.0,1.0
040403,,,,,,0.0
040404,,,,,,0.0
040405,,,,,,0.0
040406,,,,,,0.0
040407,1.0,Venezuela,4037,4.0,50.0,8.0
040407,2.0,Brasil,4007,3.0,37.5,8.0
040407,3.0,España,6009,1.0,12.5,8.0
040408,,,,,,0.0
040409,1.0,Bolivia,4006,4.0,44.4,9.0
040409,2.0,Chile,4009,2.0,22.2,9.0
040409,3.0,Venezuela,4037,2.0,22.2,9.0
040409,4.0,Argentina,4002,1.0,11.1,9.0
040410,1.0,Venezuela,4037,1.0,100.0,1.0
040411,1.0,España,6009,1.0,100.0,1.0
040412,,,,,,0.0
040413,1.0,Venezuela,4037,18.0,78.3,23.0
040413,2.0,Cuba,4012,2.0,8.7,23.0
040413,3.0,Colombia,4010,1.0,4.3,23.0
040413,4.0,Chile,4009,1.0,4.3,23.0
040413,5.0,Ecuador,4014,1.0,4.3,23.0
040414,1.0,India,5014,1.0,33.3,3.0
040414,2.0,Colombia,4010,1.0,33.3,3.0
040414,3.0,España,6009,1.0,33.3,3.0
040501,1.0,Venezuela,4037,12.0,80.0,15.0
040501,2.0,Chile,4009,1.0,6.7,15.0
040501,3.0,Bolivia,4006,1.0,6.7,15.0
040501,4.0,Paraguay,4027,1.0,6.7,15.0
040502,1.0,Brasil,4007,1.0,100.0,1.0
040503,1.0,Chile,4009,1.0,20.0,5.0
040503,2.0,Paraguay,4027,1.0,20.0,5.0
040503,3.0,Israel,5019,1.0,20.0,5.0
040503,4.0,Bolivia,4006,1.0,20.0,5.0
040503,5.0,Venezuela,4037,1.0,20.0,5.0
040504,1.0,Austria,6004,1.0,100.0,1.0
040505,,,,,,0.0
040506,,,,,,0.0
040507,,,,,,0.0
040508,,,,,,0.0
040509,1.0,Ecuador,4014,1.0,100.0,1.0
040510,,,,,,0.0
040511,,,,,,0.0
040512,1.0,Chile,4009,1.0,100.0,1.0
040513,,,,,,0.0
040514,,,,,,0.0
040515,,,,,,0.0
040516,,,,,,0.0
040517,,,,,,0.0
040518,,,,,,0.0
040519,1.0,Venezuela,4037,2.0,100.0,2.0
040520,1.0,Venezuela,4037,397.0,69.6,570.0
040520,2.0,Bolivia,4006,45.0,7.9,570.0
040520,3.0,Colombia,4010,25.0,4.4,570.0
040520,4.0,Chile,4009,24.0,4.2,570.0
040520,5.0,Cuba,4012,21.0,3.7,570.0
040520,6.0,Argentina,4002,20.0,3.5,570.0
040601,1.0,Colombia,4010,4.0,44.4,9.0
040601,2.0,Chile,4009,2.0,22.2,9.0
040601,3.0,Cuba,4012,1.0,11.1,9.0
040601,4.0,México,4024,1.0,11.1,9.0
040601,5.0,Venezuela,4037,1.0,11.1,9.0
040602,,,,,,0.0
040603,,,,,,0.0
040604,,,,,,0.0
040605,1.0,Venezuela,4037,1.0,50.0,2.0
040605,2.0,Bolivia,4006,1.0,50.0,2.0
040606,1.0,Venezuela,4037,30.0,81.1,37.0
040606,2.0,Colombia,4010,3.0,8.1,37.0
040606,3.0,Bolivia,4006,2.0,5.4,37.0
040606,4.0,Alemania,6002,1.0,2.7,37.0
040606,5.0,Chile,4009,1.0,2.7,37.0
040607,,,,,,0.0
040608,1.0,Venezuela,4037,6.0,60.0,10.0
040608,2.0,Bolivia,4006,2.0,20.0,10.0
040608,3.0,Francia,6011,1.0,10.0,10.0
040608,4.0,Chile,4009,1.0,10.0,10.0
040701,1.0,Venezuela,4037,509.0,76.3,667.0
040701,2.0,Colombia,4010,37.0,5.5,667.0
040701,3.0,Bolivia,4006,25.0,3.7,667.0
040701,4.0,Chile,4009,20.0,3.0,667.0
040701,5.0,Argentina,4002,19.0,2.8,667.0
040701,6.0,Estados Unidos,4016,15.0,2.2,667.0
040702,1.0,Venezuela,4037,42.0,75.0,56.0
040702,2.0,Bolivia,4006,5.0,8.9,56.0
040702,3.0,Ecuador,4014,3.0,5.4,56.0
040702,4.0,Canadá,4008,2.0,3.6,56.0
040702,5.0,Chile,4009,2.0,3.6,56.0
040702,6.0,España,6009,1.0,1.8,56.0
040703,1.0,Venezuela,4037,20.0,76.9,26.0
040703,2.0,Bolivia,4006,2.0,7.7,26.0
040703,3.0,Argentina,4002,1.0,3.8,26.0
040703,4.0,México,4024,1.0,3.8,26.0
040703,5.0,Dinamarca,6008,1.0,3.8,26.0
040703,6.0,Eslovenia,6042,1.0,3.8,26.0
040704,1.0,Venezuela,4037,100.0,78.7,127.0
040704,2.0,Bolivia,4006,10.0,7.9,127.0
040704,3.0,Argentina,4002,4.0,3.1,127.0
040704,4.0,Chile,4009,4.0,3.1,127.0
040704,5.0,Colombia,4010,3.0,2.4,127.0
040704,6.0,Paraguay,4027,2.0,1.6,127.0
040705,1.0,Estados Unidos,4016,4.0,50.0,8.0
040705,2.0,India,5014,2.0,25.0,8.0
040705,3.0,Brasil,4007,1.0,12.5,8.0
040705,4.0,Venezuela,4037,1.0,12.5,8.0
040706,1.0,Venezuela,4037,88.0,76.5,115.0
040706,2.0,Colombia,4010,9.0,7.8,115.0
040706,3.0,Chile,4009,9.0,7.8,115.0
040706,4.0,Bolivia,4006,2.0,1.7,115.0
040706,5.0,España,6009,2.0,1.7,115.0
040706,6.0,Estados Unidos,4016,1.0,0.9,115.0
040801,1.0,Venezuela,4037,9.0,100.0,9.0
040802,1.0,Bolivia,4006,2.0,100.0,2.0
040803,,,,,,0.0
040804,1.0,Venezuela,4037,2.0,100.0,2.0
040805,,,,,,0.0
040806,,,,,,0.0
040807,,,,,,0.0
040808,,,,,,0.0
040809,,,,,,0.0
040810,1.0,Bolivia,4006,1.0,100.0,1.0
040811,1.0,Chile,4009,1.0,100.0,1.0
050101,1.0,Venezuela,4037,772.0,87.1,886.0
050101,2.0,Argentina,4002,21.0,2.4,886.0
050101,3.0,Colombia,4010,20.0,2.3,886.0
050101,4.0,Bolivia,4006,18.0,2.0,886.0
050101,5.0,Estados Unidos,4016,8.0,0.9,886.0
050101,6.0,Italia,6016,8.0,0.9,886.0
050102,1.0,Argentina,4002,1.0,100.0,1.0
050103,,,,,,0.0
050104,1.0,Venezuela,4037,53.0,81.5,65.0
050104,2.0,Bolivia,4006,3.0,4.6,65.0
050104,3.0,Argentina,4002,3.0,4.6,65.0
050104,4.0,Colombia,4010,2.0,3.1,65.0
050104,5.0,Escocia,6064,1.0,1.5,65.0
050104,6.0,Chile,4009,1.0,1.5,65.0
050105,1.0,Venezuela,4037,1.0,100.0,1.0
050106,1.0,Venezuela,4037,2.0,66.7,3.0
050106,2.0,España,6009,1.0,33.3,3.0
050107,1.0,Francia,6011,1.0,50.0,2.0
050107,2.0,Venezuela,4037,1.0,50.0,2.0
050108,1.0,Venezuela,4037,6.0,75.0,8.0
050108,2.0,Paraguay,4027,1.0,12.5,8.0
050108,3.0,Colombia,4010,1.0,12.5,8.0
050109,,,,,,0.0
050110,1.0,Venezuela,4037,163.0,79.5,205.0
050110,2.0,Argentina,4002,17.0,8.3,205.0
050110,3.0,Colombia,4010,9.0,4.4,205.0
050110,4.0,Bolivia,4006,3.0,1.5,205.0
050110,5.0,España,6009,2.0,1.0,205.0
050110,6.0,Francia,6011,2.0,1.0,205.0
050111,1.0,Chile,4009,2.0,100.0,2.0
050112,1.0,Venezuela,4037,1.0,100.0,1.0
050113,1.0,Paraguay,4027,4.0,57.1,7.0
050113,2.0,Ecuador,4014,1.0,14.3,7.0
050113,3.0,Venezuela,4037,1.0,14.3,7.0
050113,4.0,Colombia,4010,1.0,14.3,7.0
050114,1.0,Chile,4009,4.0,66.7,6.0
050114,2.0,Venezuela,4037,2.0,33.3,6.0
050115,1.0,Venezuela,4037,83.0,84.7,98.0
050115,2.0,Bolivia,4006,3.0,3.1,98.0
050115,3.0,Chile,4009,2.0,2.0,98.0
050115,4.0,Brasil,4007,2.0,2.0,98.0
050115,5.0,Colombia,4010,2.0,2.0,98.0
050115,6.0,Cuba,4012,1.0,1.0,98.0
050116,1.0,Venezuela,4037,76.0,57.6,132.0
050116,2.0,Colombia,4010,30.0,22.7,132.0
050116,3.0,Cuba,4012,9.0,6.8,132.0
050116,4.0,Ucrania,6039,2.0,1.5,132.0
050116,5.0,Brasil,4007,2.0,1.5,132.0
050116,6.0,Estados Unidos,4016,2.0,1.5,132.0
050201,1.0,Venezuela,4037,2.0,40.0,5.0
050201,2.0,Argentina,4002,2.0,40.0,5.0
050201,3.0,Argelia,3002,1.0,20.0,5.0
050202,1.0,Venezuela,4037,2.0,100.0,2.0
050203,1.0,Venezuela,4037,2.0,40.0,5.0
050203,2.0,República Dominicana,4030,1.0,20.0,5.0
050203,3.0,México,4024,1.0,20.0,5.0
050203,4.0,Argentina,4002,1.0,20.0,5.0
050204,,,,,,0.0
050205,,,,,,0.0
050206,,,,,,0.0
050301,1.0,Venezuela,4037,1.0,100.0,1.0
050302,1.0,Venezuela,4037,3.0,100.0,3.0
050303,,,,,,0.0
050304,,,,,,0.0
050401,1.0,Venezuela,4037,107.0,75.4,142.0
050401,2.0,Argentina,4002,8.0,5.6,142.0
050401,3.0,Bolivia,4006,6.0,4.2,142.0
050401,4.0,Estados Unidos,4016,5.0,3.5,142.0
050401,5.0,España,6009,5.0,3.5,142.0
050401,6.0,Chile,4009,3.0,2.1,142.0
050402,,,,,,0.0
050403,1.0,Venezuela,4037,1.0,100.0,1.0
050404,1.0,Corea del Sur,5010,2.0,66.7,3.0
050404,2.0,Francia,6011,1.0,33.3,3.0
050405,1.0,Venezuela,4037,6.0,54.5,11.0
050405,2.0,Argentina,4002,3.0,27.3,11.0
050405,3.0,Italia,6016,2.0,18.2,11.0
050406,1.0,Venezuela,4037,1.0,100.0,1.0
050407,1.0,Venezuela,4037,2.0,100.0,2.0
050408,1.0,Bolivia,4006,5.0,50.0,10.0
050408,2.0,Venezuela,4037,4.0,40.0,10.0
050408,3.0,Argentina,4002,1.0,10.0,10.0
050409,1.0,Venezuela,4037,2.0,66.7,3.0
050409,2.0,Argentina,4002,1.0,33.3,3.0
050410,,,,,,0.0
050411,,,,,,0.0
050412,,,,,,0.0
050413,,,,,,0.0
050501,1.0,Eslovaquia,6045,2.0,50.0,4.0
050501,2.0,Venezuela,4037,2.0,50.0,4.0
050502,1.0,Venezuela,4037,1.0,100.0,1.0
050503,1.0,Venezuela,4037,40.0,97.6,41.0
050503,2.0,Colombia,4010,1.0,2.4,41.0
050504,1.0,Bolivia,4006,1.0,100.0,1.0
050505,,,,,,0.0
050506,1.0,Bolivia,4006,1.0,100.0,1.0
050507,1.0,Venezuela,4037,9.0,100.0,9.0
050508,,,,,,0.0
050509,1.0,Bolivia,4006,1.0,100.0,1.0
050510,,,,,,0.0
050511,,,,,,0.0
050512,1.0,Venezuela,4037,5.0,83.3,6.0
050512,2.0,Argentina,4002,1.0,16.7,6.0
050513,,,,,,0.0
050514,,,,,,0.0
050515,1.0,México,4024,4.0,66.7,6.0
050515,2.0,Bolivia,4006,1.0,16.7,6.0
050515,3.0,Venezuela,4037,1.0,16.7,6.0
050601,1.0,Venezuela,4037,7.0,46.7,15.0
050601,2.0,Corea del Sur,5010,3.0,20.0,15.0
050601,3.0,Marruecos,3029,1.0,6.7,15.0
050601,4.0,Bolivia,4006,1.0,6.7,15.0
050601,5.0,Australia,7001,1.0,6.7,15.0
050601,6.0,Colombia,4010,1.0,6.7,15.0
050602,1.0,Venezuela,4037,1.0,100.0,1.0
050603,1.0,Venezuela,4037,3.0,100.0,3.0
050604,1.0,España,6009,1.0,25.0,4.0
050604,2.0,Argentina,4002,1.0,25.0,4.0
050604,3.0,Venezuela,4037,1.0,25.0,4.0
050604,4.0,Estados Unidos,4016,1.0,25.0,4.0
050605,1.0,Chile,4009,1.0,100.0,1.0
050606,,,,,,0.0
050607,1.0,Venezuela,4037,1.0,50.0,2.0
050607,2.0,Chile,4009,1.0,50.0,2.0
050608,,,,,,0.0
050609,,,,,,0.0
050610,,,,,,0.0
050611,1.0,México,4024,1.0,100.0,1.0
050612,1.0,Polonia,6023,2.0,40.0,5.0
050612,2.0,Venezuela,4037,2.0,40.0,5.0
050612,3.0,Islandia,6015,1.0,20.0,5.0
050613,,,,,,0.0
050614,1.0,Venezuela,4037,2.0,100.0,2.0
050615,,,,,,0.0
050616,,,,,,0.0
050617,1.0,Venezuela,4037,1.0,100.0,1.0
050618,,,,,,0.0
050619,1.0,Venezuela,4037,16.0,72.7,22.0
050619,2.0,Bolivia,4006,2.0,9.1,22.0
050619,3.0,Ucrania,6039,2.0,9.1,22.0
050619,4.0,Ecuador,4014,1.0,4.5,22.0
050619,5.0,Colombia,4010,1.0,4.5,22.0
050620,1.0,Venezuela,4037,2.0,100.0,2.0
050621,1.0,Venezuela,4037,12.0,92.3,13.0
050621,2.0,Colombia,4010,1.0,7.7,13.0
050701,1.0,Venezuela,4037,3.0,30.0,10.0
050701,2.0,España,6009,2.0,20.0,10.0
050701,3.0,Ecuador,4014,2.0,20.0,10.0
050701,4.0,Argentina,4002,1.0,10.0,10.0
050701,5.0,Bolivia,4006,1.0,10.0,10.0
050701,6.0,Italia,6016,1.0,10.0,10.0
050702,,,,,,0.0
050703,,,,,,0.0
050704,1.0,Argentina,4002,1.0,100.0,1.0
050705,1.0,Venezuela,4037,18.0,75.0,24.0
050705,2.0,Bolivia,4006,3.0,12.5,24.0
050705,3.0,Chile,4009,2.0,8.3,24.0
050705,4.0,Ecuador,4014,1.0,4.2,24.0
050706,1.0,Chile,4009,1.0,33.3,3.0
050706,2.0,Ecuador,4014,1.0,33.3,3.0
050706,3.0,Venezuela,4037,1.0,33.3,3.0
050707,1.0,Venezuela,4037,1.0,100.0,1.0
050708,1.0,Venezuela,4037,1.0,100.0,1.0
050801,1.0,Argentina,4002,3.0,42.9,7.0
050801,2.0,Estados Unidos,4016,1.0,14.3,7.0
050801,3.0,España,6009,1.0,14.3,7.0
050801,4.0,Venezuela,4037,1.0,14.3,7.0
050801,5.0,Chile,4009,1.0,14.3,7.0
050802,1.0,Venezuela,4037,3.0,60.0,5.0
050802,2.0,Argentina,4002,2.0,40.0,5.0
050803,1.0,Francia,6011,1.0,100.0,1.0
050804,1.0,Bolivia,4006,1.0,20.0,5.0
050804,2.0,México,4024,1.0,20.0,5.0
050804,3.0,Argentina,4002,1.0,20.0,5.0
050804,4.0,China,5008,1.0,20.0,5.0
050804,5.0,Ecuador,4014,1.0,20.0,5.0
050805,1.0,Venezuela,4037,3.0,75.0,4.0
050805,2.0,Bolivia,4006,1.0,25.0,4.0
050806,1.0,Venezuela,4037,1.0,100.0,1.0
050807,,,,,,0.0
050808,,,,,,0.0
050809,1.0,Venezuela,4037,2.0,66.7,3.0
050809,2.0,Estados Unidos,4016,1.0,33.3,3.0
050810,1.0,Venezuela,4037,1.0,100.0,1.0
050901,,,,,,0.0
050902,1.0,Venezuela,4037,1.0,100.0,1.0
050903,,,,,,0.0
050904,,,,,,0.0
050905,,,,,,0.0
050906,1.0,Bolivia,4006,1.0,100.0,1.0
050907,,,,,,0.0
050908,,,,,,0.0
050909,,,,,,0.0
050910,,,,,,0.0
050911,,,,,,0.0
051001,1.0,Venezuela,4037,1.0,100.0,1.0
051002,,,,,,0.0
051003,,,,,,0.0
051004,,,,,,0.0
051005,,,,,,0.0
051006,,,,,,0.0
051007,,,,,,0.0
051008,,,,,,0.0
051009,1.0,Venezuela,4037,2.0,100.0,2.0
051010,,,,,,0.0
051011,1.0,Venezuela,4037,1.0,100.0,1.0
051012,,,,,,0.0
051101,1.0,India,5014,3.0,60.0,5.0
051101,2.0,Brasil,4007,2.0,40.0,5.0
051102,,,,,,0.0
051103,,,,,,0.0
051104,,,,,,0.0
051105,,,,,,0.0
051106,,,,,,0.0
051107,,,,,,0.0
051108,,,,,,0.0
060101,1.0,Venezuela,4037,1353.0,79.5,1702.0
060101,2.0,Colombia,4010,57.0,3.3,1702.0
060101,3.0,Ecuador,4014,49.0,2.9,1702.0
060101,4.0,Argentina,4002,39.0,2.3,1702.0
060101,5.0,España,6009,30.0,1.8,1702.0
060101,6.0,Chile,4009,29.0,1.7,1702.0
060102,1.0,Ecuador,4014,2.0,66.7,3.0
060102,2.0,Venezuela,4037,1.0,33.3,3.0
060103,,,,,,0.0
060104,1.0,Chile,4009,2.0,50.0,4.0
060104,2.0,Argentina,4002,1.0,25.0,4.0
060104,3.0,Venezuela,4037,1.0,25.0,4.0
060105,1.0,Ecuador,4014,4.0,33.3,12.0
060105,2.0,Italia,6016,3.0,25.0,12.0
060105,3.0,Bolivia,4006,2.0,16.7,12.0
060105,4.0,Venezuela,4037,2.0,16.7,12.0
060105,5.0,Estados Unidos,4016,1.0,8.3,12.0
060106,1.0,Ecuador,4014,4.0,50.0,8.0
060106,2.0,Venezuela,4037,2.0,25.0,8.0
060106,3.0,España,6009,1.0,12.5,8.0
060106,4.0,Corea del Sur,5010,1.0,12.5,8.0
060107,1.0,Venezuela,4037,2.0,40.0,5.0
060107,2.0,España,6009,1.0,20.0,5.0
060107,3.0,Bélgica,6005,1.0,20.0,5.0
060107,4.0,Uruguay,4036,1.0,20.0,5.0
060108,1.0,Venezuela,4037,82.0,45.6,180.0
060108,2.0,Ecuador,4014,20.0,11.1,180.0
060108,3.0,Colombia,4010,13.0,7.2,180.0
060108,4.0,España,6009,10.0,5.6,180.0
060108,5.0,Chile,4009,9.0,5.0,180.0
060108,6.0,Estados Unidos,4016,8.0,4.4,180.0
060109,1.0,Venezuela,4037,11.0,91.7,12.0
060109,2.0,Honduras,4022,1.0,8.3,12.0
060110,1.0,Inglaterra,6063,2.0,66.7,3.0
060110,2.0,Venezuela,4037,1.0,33.3,3.0
060111,1.0,Ecuador,4014,5.0,71.4,7.0
060111,2.0,Venezuela,4037,2.0,28.6,7.0
060112,,,,,,0.0
060201,1.0,Venezuela,4037,72.0,79.1,91.0
060201,2.0,Chile,4009,5.0,5.5,91.0
060201,3.0,Argentina,4002,5.0,5.5,91.0
060201,4.0,Bolivia,4006,4.0,4.4,91.0
060201,5.0,Colombia,4010,2.0,2.2,91.0
060201,6.0,Honduras,4022,1.0,1.1,91.0
060202,1.0,Brasil,4007,4.0,57.1,7.0
060202,2.0,Argentina,4002,2.0,28.6,7.0
060202,3.0,Bolivia,4006,1.0,14.3,7.0
060203,1.0,Venezuela,4037,3.0,33.3,9.0
060203,2.0,Argentina,4002,2.0,22.2,9.0
060203,3.0,Rusia,6038,1.0,11.1,9.0
060203,4.0,Estados Unidos,4016,1.0,11.1,9.0
060203,5.0,Chile,4009,1.0,11.1,9.0
060203,6.0,Colombia,4010,1.0,11.1,9.0
060204,1.0,Ecuador,4014,2.0,40.0,5.0
060204,2.0,Chile,4009,1.0,20.0,5.0
060204,3.0,España,6009,1.0,20.0,5.0
060204,4.0,Venezuela,4037,1.0,20.0,5.0
060301,1.0,Venezuela,4037,17.0,51.5,33.0
060301,2.0,España,6009,4.0,12.1,33.0
060301,3.0,Chile,4009,4.0,12.1,33.0
060301,4.0,Colombia,4010,3.0,9.1,33.0
060301,5.0,Ecuador,4014,3.0,9.1,33.0
060301,6.0,Estados Unidos,4016,1.0,3.0,33.0
060302,1.0,Venezuela,4037,1.0,100.0,1.0
060303,,,,,,0.0
060304,1.0,Ecuador,4014,3.0,60.0,5.0
060304,2.0,Venezuela,4037,2.0,40.0,5.0
060305,,,,,,0.0
060306,1.0,Venezuela,4037,4.0,66.7,6.0
060306,2.0,Italia,6016,2.0,33.3,6.0
060307,,,,,,0.0
060308,,,,,,0.0
060309,1.0,Colombia,4010,1.0,100.0,1.0
060310,1.0,Venezuela,4037,1.0,100.0,1.0
060311,1.0,Argentina,4002,1.0,100.0,1.0
060312,1.0,Ecuador,4014,3.0,50.0,6.0
060312,2.0,Chile,4009,2.0,33.3,6.0
060312,3.0,Colombia,4010,1.0,16.7,6.0
060401,1.0,Venezuela,4037,40.0,54.8,73.0
060401,2.0,Ecuador,4014,12.0,16.4,73.0
060401,3.0,Chile,4009,6.0,8.2,73.0
060401,4.0,Argentina,4002,5.0,6.8,73.0
060401,5.0,España,6009,4.0,5.5,73.0
060401,6.0,China,5008,2.0,2.7,73.0
060402,1.0,Argentina,4002,1.0,50.0,2.0
060402,2.0,Ecuador,4014,1.0,50.0,2.0
060403,,,,,,0.0
060404,1.0,Ecuador,4014,2.0,100.0,2.0
060405,1.0,Venezuela,4037,1.0,100.0,1.0
060406,,,,,,0.0
060407,,,,,,0.0
060408,1.0,Chile,4009,1.0,50.0,2.0
060408,2.0,Venezuela,4037,1.0,50.0,2.0
060409,1.0,Argentina,4002,1.0,100.0,1.0
060410,1.0,Ecuador,4014,2.0,50.0,4.0
060410,2.0,Bolivia,4006,1.0,25.0,4.0
060410,3.0,Venezuela,4037,1.0,25.0,4.0
060411,1.0,Venezuela,4037,1.0,100.0,1.0
060412,,,,,,0.0
060413,1.0,Ecuador,4014,4.0,100.0,4.0
060414,,,,,,0.0
060415,1.0,Chile,4009,4.0,80.0,5.0
060415,2.0,España,6009,1.0,20.0,5.0
060416,,,,,,0.0
060417,1.0,Ecuador,4014,6.0,66.7,9.0
060417,2.0,Costa Rica,4011,2.0,22.2,9.0
060417,3.0,Suiza,6029,1.0,11.1,9.0
060418,,,,,,0.0
060419,1.0,Ecuador,4014,3.0,37.5,8.0
060419,2.0,Venezuela,4037,2.0,25.0,8.0
060419,3.0,Nicaragua,4025,2.0,25.0,8.0
060419,4.0,Argentina,4002,1.0,12.5,8.0
060501,1.0,Venezuela,4037,4.0,44.4,9.0
060501,2.0,Chile,4009,2.0,22.2,9.0
060501,3.0,México,4024,2.0,22.2,9.0
060501,4.0,Ecuador,4014,1.0,11.1,9.0
060502,1.0,Argentina,4002,1.0,50.0,2.0
060502,2.0,República Dominicana,4030,1.0,50.0,2.0
060503,1.0,Ecuador,4014,1.0,100.0,1.0
060504,,,,,,0.0
060505,1.0,Chile,4009,6.0,100.0,6.0
060506,1.0,Venezuela,4037,1.0,100.0,1.0
060507,1.0,Ecuador,4014,2.0,100.0,2.0
060508,1.0,Venezuela,4037,2.0,28.6,7.0
060508,2.0,Japón,5020,2.0,28.6,7.0
060508,3.0,Chile,4009,1.0,14.3,7.0
060508,4.0,Ecuador,4014,1.0,14.3,7.0
060508,5.0,Argentina,4002,1.0,14.3,7.0
060601,1.0,Venezuela,4037,32.0,53.3,60.0
060601,2.0,Ecuador,4014,8.0,13.3,60.0
060601,3.0,Colombia,4010,5.0,8.3,60.0
060601,4.0,China,5008,5.0,8.3,60.0
060601,5.0,Argentina,4002,4.0,6.7,60.0
060601,6.0,Cuba,4012,3.0,5.0,60.0
060602,1.0,Bolivia,4006,2.0,50.0,4.0
060602,2.0,Chile,4009,1.0,25.0,4.0
060602,3.0,España,6009,1.0,25.0,4.0
060603,1.0,Ecuador,4014,2.0,50.0,4.0
060603,2.0,China,5008,1.0,25.0,4.0
060603,3.0,Colombia,4010,1.0,25.0,4.0
060604,,,,,,0.0
060605,,,,,,0.0
060606,1.0,Argentina,4002,2.0,100.0,2.0
060607,1.0,Argentina,4002,2.0,40.0,5.0
060607,2.0,Chile,4009,2.0,40.0,5.0
060607,3.0,Venezuela,4037,1.0,20.0,5.0
060608,1.0,España,6009,1.0,100.0,1.0
060609,1.0,Venezuela,4037,1.0,100.0,1.0
060610,,,,,,0.0
060611,1.0,Venezuela,4037,1.0,100.0,1.0
060612,1.0,Bolivia,4006,3.0,100.0,3.0
060613,,,,,,0.0
060614,1.0,Venezuela,4037,5.0,83.3,6.0
060614,2.0,Argentina,4002,1.0,16.7,6.0
060615,,,,,,0.0
060701,1.0,Ecuador,4014,64.0,62.7,102.0
060701,2.0,Venezuela,4037,24.0,23.5,102.0
060701,3.0,Chile,4009,3.0,2.9,102.0
060701,4.0,Argentina,4002,3.0,2.9,102.0
060701,5.0,España,6009,2.0,2.0,102.0
060701,6.0,Países Bajos,6022,1.0,1.0,102.0
060702,1.0,Venezuela,4037,1.0,100.0,1.0
060703,1.0,Argentina,4002,2.0,40.0,5.0
060703,2.0,Paraguay,4027,1.0,20.0,5.0
060703,3.0,Venezuela,4037,1.0,20.0,5.0
060703,4.0,Chile,4009,1.0,20.0,5.0
060801,1.0,Venezuela,4037,908.0,84.6,1073.0
060801,2.0,Colombia,4010,46.0,4.3,1073.0
060801,3.0,Ecuador,4014,43.0,4.0,1073.0
060801,4.0,Estados Unidos,4016,14.0,1.3,1073.0
060801,5.0,Argentina,4002,13.0,1.2,1073.0
060801,6.0,Cuba,4012,7.0,0.7,1073.0
060802,1.0,Chile,4009,9.0,37.5,24.0
060802,2.0,Venezuela,4037,9.0,37.5,24.0
060802,3.0,Ecuador,4014,3.0,12.5,24.0
060802,4.0,Argentina,4002,2.0,8.3,24.0
060802,5.0,Brasil,4007,1.0,4.2,24.0
060803,1.0,Brasil,4007,4.0,50.0,8.0
060803,2.0,Venezuela,4037,3.0,37.5,8.0
060803,3.0,Bolivia,4006,1.0,12.5,8.0
060804,1.0,Venezuela,4037,4.0,66.7,6.0
060804,2.0,Ecuador,4014,2.0,33.3,6.0
060805,1.0,Venezuela,4037,7.0,70.0,10.0
060805,2.0,Chile,4009,2.0,20.0,10.0
060805,3.0,Haití,4021,1.0,10.0,10.0
060806,1.0,Venezuela,4037,1.0,50.0,2.0
060806,2.0,Ecuador,4014,1.0,50.0,2.0
060807,1.0,Chile,4009,1.0,50.0,2.0
060807,2.0,Venezuela,4037,1.0,50.0,2.0
060808,1.0,Venezuela,4037,3.0,50.0,6.0
060808,2.0,Italia,6016,1.0,16.7,6.0
060808,3.0,Argentina,4002,1.0,16.7,6.0
060808,4.0,Chile,4009,1.0,16.7,6.0
060809,1.0,Venezuela,4037,2.0,50.0,4.0
060809,2.0,Ecuador,4014,1.0,25.0,4.0
060809,3.0,Bolivia,4006,1.0,25.0,4.0
060810,1.0,Ecuador,4014,1.0,100.0,1.0
060811,1.0,Venezuela,4037,3.0,60.0,5.0
060811,2.0,Ecuador,4014,2.0,40.0,5.0
060812,1.0,Ecuador,4014,5.0,71.4,7.0
060812,2.0,Venezuela,4037,1.0,14.3,7.0
060812,3.0,Bolivia,4006,1.0,14.3,7.0
060901,1.0,Venezuela,4037,59.0,42.8,138.0
060901,2.0,Ecuador,4014,52.0,37.7,138.0
060901,3.0,Colombia,4010,7.0,5.1,138.0
060901,4.0,Argentina,4002,5.0,3.6,138.0
060901,5.0,Rusia,6038,3.0,2.2,138.0
060901,6.0,Chile,4009,3.0,2.2,138.0
060902,1.0,Venezuela,4037,4.0,33.3,12.0
060902,2.0,Colombia,4010,4.0,33.3,12.0
060902,3.0,Ecuador,4014,4.0,33.3,12.0
060903,1.0,Venezuela,4037,9.0,45.0,20.0
060903,2.0,Ecuador,4014,6.0,30.0,20.0
060903,3.0,Colombia,4010,2.0,10.0,20.0
060903,4.0,Estados Unidos,4016,1.0,5.0,20.0
060903,5.0,Argentina,4002,1.0,5.0,20.0
060903,6.0,Italia,6016,1.0,5.0,20.0
060904,1.0,Ecuador,4014,22.0,84.6,26.0
060904,2.0,Venezuela,4037,2.0,7.7,26.0
060904,3.0,Bolivia,4006,1.0,3.8,26.0
060904,4.0,Italia,6016,1.0,3.8,26.0
060905,1.0,Ecuador,4014,31.0,86.1,36.0
060905,2.0,Venezuela,4037,2.0,5.6,36.0
060905,3.0,Colombia,4010,2.0,5.6,36.0
060905,4.0,Argentina,4002,1.0,2.8,36.0
060906,1.0,Ecuador,4014,12.0,70.6,17.0
060906,2.0,Venezuela,4037,4.0,23.5,17.0
060906,3.0,Chile,4009,1.0,5.9,17.0
060907,1.0,Venezuela,4037,7.0,41.2,17.0
060907,2.0,Ecuador,4014,3.0,17.6,17.0
060907,3.0,México,4024,3.0,17.6,17.0
060907,4.0,Bolivia,4006,2.0,11.8,17.0
060907,5.0,Colombia,4010,1.0,5.9,17.0
060907,6.0,Alemania,6002,1.0,5.9,17.0
061001,1.0,Venezuela,4037,5.0,25.0,20.0
061001,2.0,España,6009,4.0,20.0,20.0
061001,3.0,Japón,5020,3.0,15.0,20.0
061001,4.0,Brasil,4007,3.0,15.0,20.0
061001,5.0,Argentina,4002,1.0,5.0,20.0
061001,6.0,Colombia,4010,1.0,5.0,20.0
061002,1.0,Bolivia,4006,2.0,100.0,2.0
061003,1.0,Estados Unidos,4016,1.0,50.0,2.0
061003,2.0,Ecuador,4014,1.0,50.0,2.0
061004,1.0,Chile,4009,1.0,50.0,2.0
061004,2.0,Colombia,4010,1.0,50.0,2.0
061005,,,,,,0.0
061006,1.0,Estados Unidos,4016,1.0,100.0,1.0
061007,1.0,Venezuela,4037,2.0,100.0,2.0
061101,1.0,Venezuela,4037,3.0,60.0,5.0
061101,2.0,Panamá,4026,1.0,20.0,5.0
061101,3.0,Colombia,4010,1.0,20.0,5.0
061102,1.0,Ecuador,4014,1.0,100.0,1.0
061103,,,,,,0.0
061104,,,,,,0.0
061105,,,,,,0.0
061106,1.0,Venezuela,4037,1.0,100.0,1.0
061107,,,,,,0.0
061108,1.0,Argentina,4002,1.0,100.0,1.0
061109,1.0,India,5014,1.0,100.0,1.0
061110,1.0,Venezuela,4037,1.0,100.0,1.0
061111,,,,,,0.0
061112,1.0,Ecuador,4014,1.0,100.0,1.0
061113,1.0,Argentina,4002,1.0,50.0,2.0
061113,2.0,Venezuela,4037,1.0,50.0,2.0
061201,1.0,Bolivia,4006,1.0,33.3,3.0
061201,2.0,Uruguay,4036,1.0,33.3,3.0
061201,3.0,España,6009,1.0,33.3,3.0
061202,1.0,Bolivia,4006,1.0,100.0,1.0
061203,1.0,Chile,4009,1.0,50.0,2.0
061203,2.0,Bolivia,4006,1.0,50.0,2.0
061204,,,,,,0.0
061301,1.0,Venezuela,4037,12.0,92.3,13.0
061301,2.0,Bolivia,4006,1.0,7.7,13.0
061302,,,,,,0.0
061303,,,,,,0.0
061304,,,,,,0.0
061305,1.0,Venezuela,4037,1.0,100.0,1.0
061306,1.0,Chile,4009,1.0,100.0,1.0
061307,1.0,España,6009,1.0,50.0,2.0
061307,2.0,Colombia,4010,1.0,50.0,2.0
061308,,,,,,0.0
061309,,,,,,0.0
061310,,,,,,0.0
061311,1.0,Argentina,4002,2.0,100.0,2.0
070101,1.0,Venezuela,4037,28280.0,92.5,30579.0
070101,2.0,Colombia,4010,444.0,1.5,30579.0
070101,3.0,Argentina,4002,416.0,1.4,30579.0
070101,4.0,Ecuador,4014,212.0,0.7,30579.0
070101,5.0,Chile,4009,194.0,0.6,30579.0
070101,6.0,Estados Unidos,4016,133.0,0.4,30579.0
070102,1.0,Venezuela,4037,4356.0,87.4,4985.0
070102,2.0,Colombia,4010,145.0,2.9,4985.0
070102,3.0,Argentina,4002,78.0,1.6,4985.0
070102,4.0,Estados Unidos,4016,53.0,1.1,4985.0
070102,5.0,Chile,4009,44.0,0.9,4985.0
070102,6.0,Japón,5020,37.0,0.7,4985.0
070103,1.0,Venezuela,4037,3953.0,94.5,4183.0
070103,2.0,Colombia,4010,49.0,1.2,4183.0
070103,3.0,Argentina,4002,38.0,0.9,4183.0
070103,4.0,Ecuador,4014,25.0,0.6,4183.0
070103,5.0,Chile,4009,23.0,0.5,4183.0
070103,6.0,España,6009,18.0,0.4,4183.0
070104,1.0,Venezuela,4037,4699.0,87.8,5352.0
070104,2.0,Colombia,4010,135.0,2.5,5352.0
070104,3.0,Ecuador,4014,56.0,1.0,5352.0
070104,4.0,Cuba,4012,54.0,1.0,5352.0
070104,5.0,Argentina,4002,49.0,0.9,5352.0
070104,6.0,Estados Unidos,4016,49.0,0.9,5352.0
070105,1.0,Venezuela,4037,76.0,43.4,175.0
070105,2.0,Estados Unidos,4016,20.0,11.4,175.0
070105,3.0,Argentina,4002,10.0,5.7,175.0
070105,4.0,Colombia,4010,9.0,5.1,175.0
070105,5.0,Chile,4009,8.0,4.6,175.0
070105,6.0,Brasil,4007,7.0,4.0,175.0
070106,1.0,Venezuela,4037,5474.0,86.0,6363.0
070106,2.0,Argentina,4002,218.0,3.4,6363.0
070106,3.0,Colombia,4010,139.0,2.2,6363.0
070106,4.0,Chile,4009,132.0,2.1,6363.0
070106,5.0,Ecuador,4014,73.0,1.1,6363.0
070106,6.0,Bolivia,4006,61.0,1.0,6363.0
070107,1.0,Venezuela,4037,425.0,74.0,574.0
070107,2.0,Argentina,4002,45.0,7.8,574.0
070107,3.0,Chile,4009,31.0,5.4,574.0
070107,4.0,Ecuador,4014,17.0,3.0,574.0
070107,5.0,Bolivia,4006,14.0,2.4,574.0
070107,6.0,Brasil,4007,11.0,1.9,574.0
080101,1.0,Venezuela,4037,768.0,56.1,1369.0
080101,2.0,Argentina,4002,107.0,7.8,1369.0
080101,3.0,Bolivia,4006,87.0,6.4,1369.0
080101,4.0,Estados Unidos,4016,58.0,4.2,1369.0
080101,5.0,Colombia,4010,41.0,3.0,1369.0
080101,6.0,Italia,6016,32.0,2.3,1369.0
080102,1.0,Venezuela,4037,1.0,33.3,3.0
080102,2.0,Alemania,6002,1.0,33.3,3.0
080102,3.0,Colombia,4010,1.0,33.3,3.0
080103,1.0,Venezuela,4037,12.0,44.4,27.0
080103,2.0,Bolivia,4006,5.0,18.5,27.0
080103,3.0,Argentina,4002,3.0,11.1,27.0
080103,4.0,Estados Unidos,4016,3.0,11.1,27.0
080103,5.0,Italia,6016,1.0,3.7,27.0
080103,6.0,México,4024,1.0,3.7,27.0
080104,1.0,Venezuela,4037,358.0,54.4,658.0
080104,2.0,Colombia,4010,62.0,9.4,658.0
080104,3.0,Bolivia,4006,60.0,9.1,658.0
080104,4.0,Argentina,4002,37.0,5.6,658.0
080104,5.0,Brasil,4007,23.0,3.5,658.0
080104,6.0,Chile,4009,14.0,2.1,658.0
080105,1.0,Venezuela,4037,1094.0,74.5,1468.0
080105,2.0,Bolivia,4006,67.0,4.6,1468.0
080105,3.0,Colombia,4010,47.0,3.2,1468.0
080105,4.0,Argentina,4002,40.0,2.7,1468.0
080105,5.0,Estados Unidos,4016,31.0,2.1,1468.0
080105,6.0,Chile,4009,30.0,2.0,1468.0
080106,1.0,Venezuela,4037,433.0,68.0,637.0
080106,2.0,Bolivia,4006,45.0,7.1,637.0
080106,3.0,Chile,4009,28.0,4.4,637.0
080106,4.0,Argentina,4002,27.0,4.2,637.0
080106,5.0,Brasil,4007,21.0,3.3,637.0
080106,6.0,Colombia,4010,17.0,2.7,637.0
080107,1.0,Venezuela,4037,27.0,55.1,49.0
080107,2.0,Argentina,4002,9.0,18.4,49.0
080107,3.0,Bolivia,4006,3.0,6.1,49.0
080107,4.0,Chile,4009,2.0,4.1,49.0
080107,5.0,Colombia,4010,2.0,4.1,49.0
080107,6.0,Brasil,4007,2.0,4.1,49.0
080108,1.0,Venezuela,4037,567.0,53.2,1065.0
080108,2.0,Bolivia,4006,67.0,6.3,1065.0
080108,3.0,Argentina,4002,63.0,5.9,1065.0
080108,4.0,Estados Unidos,4016,46.0,4.3,1065.0
080108,5.0,Cuba,4012,38.0,3.6,1065.0
080108,6.0,Brasil,4007,37.0,3.5,1065.0
080201,1.0,Argentina,4002,1.0,50.0,2.0
080201,2.0,Chile,4009,1.0,50.0,2.0
080202,,,,,,0.0
080203,1.0,Venezuela,4037,2.0,100.0,2.0
080204,1.0,Venezuela,4037,2.0,100.0,2.0
080205,,,,,,0.0
080206,,,,,,0.0
080207,1.0,Chile,4009,1.0,100.0,1.0
080301,1.0,Venezuela,4037,12.0,32.4,37.0
080301,2.0,Argentina,4002,9.0,24.3,37.0
080301,3.0,Bolivia,4006,6.0,16.2,37.0
080301,4.0,Estados Unidos,4016,6.0,16.2,37.0
080301,5.0,Brasil,4007,2.0,5.4,37.0
080301,6.0,Colombia,4010,1.0,2.7,37.0
080302,1.0,Argentina,4002,6.0,60.0,10.0
080302,2.0,Brasil,4007,2.0,20.0,10.0
080302,3.0,Bolivia,4006,1.0,10.0,10.0
080302,4.0,México,4024,1.0,10.0,10.0
080303,1.0,Venezuela,4037,3.0,50.0,6.0
080303,2.0,Bolivia,4006,2.0,33.3,6.0
080303,3.0,Japón,5020,1.0,16.7,6.0
080304,1.0,Bolivia,4006,1.0,100.0,1.0
080305,1.0,Argentina,4002,4.0,80.0,5.0
080305,2.0,Bolivia,4006,1.0,20.0,5.0
080306,1.0,Venezuela,4037,6.0,33.3,18.0
080306,2.0,Argentina,4002,5.0,27.8,18.0
080306,3.0,Bolivia,4006,3.0,16.7,18.0
080306,4.0,Finlandia,6010,1.0,5.6,18.0
080306,5.0,Alemania,6002,1.0,5.6,18.0
080306,6.0,España,6009,1.0,5.6,18.0
080307,1.0,Venezuela,4037,7.0,100.0,7.0
080308,1.0,Bolivia,4006,4.0,80.0,5.0
080308,2.0,Italia,6016,1.0,20.0,5.0
080309,1.0,Argentina,4002,6.0,85.7,7.0
080309,2.0,Estados Unidos,4016,1.0,14.3,7.0
080401,1.0,Venezuela,4037,86.0,33.0,261.0
080401,2.0,Estados Unidos,4016,42.0,16.1,261.0
080401,3.0,Argentina,4002,13.0,5.0,261.0
080401,4.0,Chile,4009,13.0,5.0,261.0
080401,5.0,España,6009,9.0,3.4,261.0
080401,6.0,Francia,6011,8.0,3.1,261.0
080402,1.0,Francia,6011,3.0,21.4,14.0
080402,2.0,Venezuela,4037,2.0,14.3,14.0
080402,3.0,Chile,4009,2.0,14.3,14.0
080402,4.0,Italia,6016,2.0,14.3,14.0
080402,5.0,Polonia,6023,1.0,7.1,14.0
080402,6.0,Bolivia,4006,1.0,7.1,14.0
080403,1.0,Estados Unidos,4016,6.0,26.1,23.0
080403,2.0,Chile,4009,3.0,13.0,23.0
080403,3.0,Brasil,4007,2.0,8.7,23.0
080403,4.0,Inglaterra,6063,2.0,8.7,23.0
080403,5.0,Francia,6011,2.0,8.7,23.0
080403,6.0,España,6009,2.0,8.7,23.0
080404,,,,,,0.0
080405,1.0,Brasil,4007,26.0,20.5,127.0
080405,2.0,Venezuela,4037,21.0,16.5,127.0
080405,3.0,Chile,4009,10.0,7.9,127.0
080405,4.0,Estados Unidos,4016,9.0,7.1,127.0
080405,5.0,Argentina,4002,8.0,6.3,127.0
080405,6.0,Bolivia,4006,8.0,6.3,127.0
080406,1.0,Bolivia,4006,2.0,16.7,12.0
080406,2.0,Argentina,4002,2.0,16.7,12.0
080406,3.0,Estados Unidos,4016,1.0,8.3,12.0
080406,4.0,Uruguay,4036,1.0,8.3,12.0
080406,5.0,Turquía,5037,1.0,8.3,12.0
080406,6.0,Países Bajos,6022,1.0,8.3,12.0
080407,1.0,Italia,6016,4.0,19.0,21.0
080407,2.0,Alemania,6002,3.0,14.3,21.0
080407,3.0,Brasil,4007,3.0,14.3,21.0
080407,4.0,Francia,6011,2.0,9.5,21.0
080407,5.0,Argentina,4002,2.0,9.5,21.0
080407,6.0,Costa Rica,4011,2.0,9.5,21.0
080408,1.0,Polonia,6023,5.0,31.3,16.0
080408,2.0,Bolivia,4006,3.0,18.8,16.0
080408,3.0,Venezuela,4037,3.0,18.8,16.0
080408,4.0,India,5014,1.0,6.3,16.0
080408,5.0,Brasil,4007,1.0,6.3,16.0
080408,6.0,Argentina,4002,1.0,6.3,16.0
080501,1.0,Paraguay,4027,2.0,33.3,6.0
080501,2.0,Venezuela,4037,1.0,16.7,6.0
080501,3.0,Bolivia,4006,1.0,16.7,6.0
080501,4.0,Cuba,4012,1.0,16.7,6.0
080501,5.0,Brasil,4007,1.0,16.7,6.0
080502,,,,,,0.0
080503,,,,,,0.0
080504,1.0,Bolivia,4006,2.0,100.0,2.0
080505,1.0,Venezuela,4037,3.0,75.0,4.0
080505,2.0,Bolivia,4006,1.0,25.0,4.0
080506,,,,,,0.0
080507,,,,,,0.0
080508,1.0,Argentina,4002,1.0,100.0,1.0
080601,1.0,Venezuela,4037,53.0,47.3,112.0
080601,2.0,Bolivia,4006,27.0,24.1,112.0
080601,3.0,Brasil,4007,7.0,6.3,112.0
080601,4.0,Argentina,4002,7.0,6.3,112.0
080601,5.0,Estados Unidos,4016,4.0,3.6,112.0
080601,6.0,Colombia,4010,3.0,2.7,112.0
080602,1.0,Argentina,4002,1.0,50.0,2.0
080602,2.0,Alemania,6002,1.0,50.0,2.0
080603,1.0,Venezuela,4037,2.0,66.7,3.0
080603,2.0,Brasil,4007,1.0,33.3,3.0
080604,1.0,Bolivia,4006,1.0,50.0,2.0
080604,2.0,Chile,4009,1.0,50.0,2.0
080605,1.0,Argentina,4002,2.0,33.3,6.0
080605,2.0,Bolivia,4006,1.0,16.7,6.0
080605,3.0,Venezuela,4037,1.0,16.7,6.0
080605,4.0,Estados Unidos,4016,1.0,16.7,6.0
080605,5.0,Chile,4009,1.0,16.7,6.0
080606,1.0,Brasil,4007,3.0,42.9,7.0
080606,2.0,España,6009,2.0,28.6,7.0
080606,3.0,Argentina,4002,2.0,28.6,7.0
080607,1.0,República Checa,6007,3.0,100.0,3.0
080608,1.0,Guatemala,4018,5.0,50.0,10.0
080608,2.0,Venezuela,4037,4.0,40.0,10.0
080608,3.0,Indonesia,5015,1.0,10.0,10.0
080701,1.0,Venezuela,4037,4.0,40.0,10.0
080701,2.0,Bolivia,4006,3.0,30.0,10.0
080701,3.0,Argentina,4002,2.0,20.0,10.0
080701,4.0,Paraguay,4027,1.0,10.0,10.0
080702,1.0,Bolivia,4006,1.0,100.0,1.0
080703,1.0,Venezuela,4037,3.0,100.0,3.0
080704,1.0,Bolivia,4006,3.0,50.0,6.0
080704,2.0,Brasil,4007,2.0,33.3,6.0
080704,3.0,Estados Unidos,4016,1.0,16.7,6.0
080705,1.0,Chile,4009,1.0,100.0,1.0
080706,1.0,España,6009,1.0,100.0,1.0
080707,,,,,,0.0
080708,1.0,Bolivia,4006,2.0,66.7,3.0
080708,2.0,Chile,4009,1.0,33.3,3.0
080801,1.0,Venezuela,4037,14.0,43.8,32.0
080801,2.0,Bolivia,4006,6.0,18.8,32.0
080801,3.0,Chile,4009,6.0,18.8,32.0
080801,4.0,República Dominicana,4030,3.0,9.4,32.0
080801,5.0,Argentina,4002,3.0,9.4,32.0
080802,,,,,,0.0
080803,1.0,Venezuela,4037,1.0,100.0,1.0
080804,1.0,Bolivia,4006,1.0,100.0,1.0
080805,,,,,,0.0
080806,,,,,,0.0
080807,,,,,,0.0
080808,1.0,Venezuela,4037,1.0,100.0,1.0
080901,1.0,Venezuela,4037,151.0,67.1,225.0
080901,2.0,Bolivia,4006,18.0,8.0,225.0
080901,3.0,Italia,6016,10.0,4.4,225.0
080901,4.0,Argentina,4002,7.0,3.1,225.0
080901,5.0,Brasil,4007,7.0,3.1,225.0
080901,6.0,España,6009,7.0,3.1,225.0
080902,1.0,Venezuela,4037,3.0,30.0,10.0
080902,2.0,Argentina,4002,2.0,20.0,10.0
080902,3.0,Bolivia,4006,2.0,20.0,10.0
080902,4.0,Colombia,4010,1.0,10.0,10.0
080902,5.0,España,6009,1.0,10.0,10.0
080902,6.0,Suiza,6029,1.0,10.0,10.0
080903,1.0,Estados Unidos,4016,3.0,60.0,5.0
080903,2.0,Brasil,4007,1.0,20.0,5.0
080903,3.0,Chile,4009,1.0,20.0,5.0
080904,1.0,Bolivia,4006,3.0,42.9,7.0
080904,2.0,Colombia,4010,1.0,14.3,7.0
080904,3.0,Países Bajos,6022,1.0,14.3,7.0
080904,4.0,Francia,6011,1.0,14.3,7.0
080904,5.0,Malasia,5026,1.0,14.3,7.0
080905,1.0,Colombia,4010,4.0,57.1,7.0
080905,2.0,México,4024,1.0,14.3,7.0
080905,3.0,Venezuela,4037,1.0,14.3,7.0
080905,4.0,Inglaterra,6063,1.0,14.3,7.0
080906,1.0,Bolivia,4006,4.0,50.0,8.0
080906,2.0,Venezuela,4037,1.0,12.5,8.0
080906,3.0,India,5014,1.0,12.5,8.0
080906,4.0,Colombia,4010,1.0,12.5,8.0
080906,5.0,San Martín (Países Bajos),4048,1.0,12.5,8.0
080907,1.0,Venezuela,4037,77.0,93.9,82.0
080907,2.0,Argentina,4002,2.0,2.4,82.0
080907,3.0,Chile,4009,1.0,1.2,82.0
080907,4.0,Colombia,4010,1.0,1.2,82.0
080907,5.0,Cuba,4012,1.0,1.2,82.0
080908,1.0,Argentina,4002,2.0,40.0,5.0
080908,2.0,Bolivia,4006,1.0,20.0,5.0
080908,3.0,Venezuela,4037,1.0,20.0,5.0
080908,4.0,Chile,4009,1.0,20.0,5.0
080909,1.0,Italia,6016,8.0,72.7,11.0
080909,2.0,Bolivia,4006,2.0,18.2,11.0
080909,3.0,Chile,4009,1.0,9.1,11.0
080910,1.0,Venezuela,4037,128.0,87.7,146.0
080910,2.0,Bolivia,4006,8.0,5.5,146.0
080910,3.0,Colombia,4010,3.0,2.1,146.0
080910,4.0,Ecuador,4014,2.0,1.4,146.0
080910,5.0,Argentina,4002,1.0,0.7,146.0
080910,6.0,Estados Unidos,4016,1.0,0.7,146.0
080911,,,,,,0.0
080912,1.0,Argentina,4002,1.0,50.0,2.0
080912,2.0,Venezuela,4037,1.0,50.0,2.0
080913,,,,,,0.0
080914,1.0,Brasil,4007,4.0,44.4,9.0
080914,2.0,Bolivia,4006,1.0,11.1,9.0
080914,3.0,Venezuela,4037,1.0,11.1,9.0
080914,4.0,Chile,4009,1.0,11.1,9.0
080914,5.0,México,4024,1.0,11.1,9.0
080914,6.0,República Democrática del Congo,3049,1.0,11.1,9.0
080915,1.0,Venezuela,4037,5.0,55.6,9.0
080915,2.0,Bolivia,4006,3.0,33.3,9.0
080915,3.0,Chile,4009,1.0,11.1,9.0
080916,,,,,,0.0
080917,,,,,,0.0
080918,1.0,Venezuela,4037,51.0,94.4,54.0
080918,2.0,Bolivia,4006,3.0,5.6,54.0
081001,,,,,,0.0
081002,,,,,,0.0
081003,,,,,,0.0
081004,1.0,Venezuela,4037,1.0,100.0,1.0
081005,1.0,Venezuela,4037,1.0,50.0,2.0
081005,2.0,Bolivia,4006,1.0,50.0,2.0
081006,,,,,,0.0
081007,,,,,,0.0
081008,,,,,,0.0
081009,,,,,,0.0
081101,1.0,Bolivia,4006,2.0,40.0,5.0
081101,2.0,Brasil,4007,1.0,20.0,5.0
081101,3.0,Venezuela,4037,1.0,20.0,5.0
081101,4.0,Argelia,3002,1.0,20.0,5.0
081102,1.0,República Dominicana,4030,1.0,50.0,2.0
081102,2.0,España,6009,1.0,50.0,2.0
081103,,,,,,0.0
081104,,,,,,0.0
081105,,,,,,0.0
081106,1.0,Venezuela,4037,5.0,31.3,16.0
081106,2.0,Alemania,6002,5.0,31.3,16.0
081106,3.0,Bolivia,4006,2.0,12.5,16.0
081106,4.0,Argentina,4002,2.0,12.5,16.0
081106,5.0,Paraguay,4027,1.0,6.3,16.0
081106,6.0,Colombia,4010,1.0,6.3,16.0
081201,1.0,Venezuela,4037,13.0,68.4,19.0
081201,2.0,Colombia,4010,2.0,10.5,19.0
081201,3.0,Bolivia,4006,2.0,10.5,19.0
081201,4.0,Argentina,4002,1.0,5.3,19.0
081201,5.0,Brasil,4007,1.0,5.3,19.0
081202,1.0,Colombia,4010,5.0,19.2,26.0
081202,2.0,Francia,6011,4.0,15.4,26.0
081202,3.0,México,4024,4.0,15.4,26.0
081202,4.0,Italia,6016,3.0,11.5,26.0
081202,5.0,Venezuela,4037,3.0,11.5,26.0
081202,6.0,Alemania,6002,2.0,7.7,26.0
081203,1.0,Ecuador,4014,3.0,42.9,7.0
081203,2.0,Costa Rica,4011,2.0,28.6,7.0
081203,3.0,Rusia,6038,1.0,14.3,7.0
081203,4.0,Bolivia,4006,1.0,14.3,7.0
081204,,,,,,0.0
081205,1.0,Venezuela,4037,1.0,50.0,2.0
081205,2.0,Bolivia,4006,1.0,50.0,2.0
081206,1.0,Ecuador,4014,1.0,100.0,1.0
081207,1.0,Venezuela,4037,3.0,75.0,4.0
081207,2.0,Bolivia,4006,1.0,25.0,4.0
081208,1.0,Bolivia,4006,1.0,25.0,4.0
081208,2.0,Estados Unidos,4016,1.0,25.0,4.0
081208,3.0,Portugal,6024,1.0,25.0,4.0
081208,4.0,Chile,4009,1.0,25.0,4.0
081209,,,,,,0.0
081210,1.0,España,6009,1.0,100.0,1.0
081211,1.0,Canadá,4008,8.0,27.6,29.0
081211,2.0,México,4024,6.0,20.7,29.0
081211,3.0,Filipinas,5013,3.0,10.3,29.0
081211,4.0,Bolivia,4006,3.0,10.3,29.0
081211,5.0,Colombia,4010,2.0,6.9,29.0
081211,6.0,Argentina,4002,2.0,6.9,29.0
081212,1.0,España,6009,1.0,33.3,3.0
081212,2.0,Colombia,4010,1.0,33.3,3.0
081212,3.0,Bolivia,4006,1.0,33.3,3.0
081301,1.0,Venezuela,4037,171.0,45.4,377.0
081301,2.0,Estados Unidos,4016,37.0,9.8,377.0
081301,3.0,Chile,4009,20.0,5.3,377.0
081301,4.0,Argentina,4002,16.0,4.2,377.0
081301,5.0,Bolivia,4006,13.0,3.4,377.0
081301,6.0,Francia,6011,12.0,3.2,377.0
081302,1.0,Venezuela,4037,3.0,30.0,10.0
081302,2.0,Estados Unidos,4016,3.0,30.0,10.0
081302,3.0,Bélgica,6005,2.0,20.0,10.0
081302,4.0,Bolivia,4006,1.0,10.0,10.0
081302,5.0,Países Bajos,6022,1.0,10.0,10.0
081303,1.0,Venezuela,4037,10.0,35.7,28.0
081303,2.0,Argentina,4002,4.0,14.3,28.0
081303,3.0,Colombia,4010,3.0,10.7,28.0
081303,4.0,Chile,4009,2.0,7.1,28.0
081303,5.0,Alemania,6002,2.0,7.1,28.0
081303,6.0,Italia,6016,2.0,7.1,28.0
081304,1.0,Venezuela,4037,50.0,69.4,72.0
081304,2.0,Argentina,4002,6.0,8.3,72.0
081304,3.0,Brasil,4007,4.0,5.6,72.0
081304,4.0,Colombia,4010,3.0,4.2,72.0
081304,5.0,Ecuador,4014,3.0,4.2,72.0
081304,6.0,Bolivia,4006,2.0,2.8,72.0
081305,1.0,Venezuela,4037,6.0,60.0,10.0
081305,2.0,Argentina,4002,2.0,20.0,10.0
081305,3.0,Países Bajos,6022,1.0,10.0,10.0
081305,4.0,España,6009,1.0,10.0,10.0
081306,1.0,Argentina,4002,7.0,22.6,31.0
081306,2.0,Venezuela,4037,6.0,19.4,31.0
081306,3.0,Estados Unidos,4016,3.0,9.7,31.0
081306,4.0,Bolivia,4006,3.0,9.7,31.0
081306,5.0,Brasil,4007,3.0,9.7,31.0
081306,6.0,Chile,4009,2.0,6.5,31.0
081307,1.0,Venezuela,4037,13.0,41.9,31.0
081307,2.0,Colombia,4010,4.0,12.9,31.0
081307,3.0,México,4024,3.0,9.7,31.0
081307,4.0,Inglaterra,6063,2.0,6.5,31.0
081307,5.0,Italia,6016,2.0,6.5,31.0
081307,6.0,Argentina,4002,2.0,6.5,31.0
090101,1.0,Venezuela,4037,52.0,86.7,60.0
090101,2.0,Bolivia,4006,3.0,5.0,60.0
090101,3.0,Colombia,4010,1.0,1.7,60.0
090101,4.0,Ecuador,4014,1.0,1.7,60.0
090101,5.0,Argentina,4002,1.0,1.7,60.0
090101,6.0,España,6009,1.0,1.7,60.0
090102,,,,,,0.0
090103,1.0,Argentina,4002,2.0,40.0,5.0
090103,2.0,Bolivia,4006,2.0,40.0,5.0
090103,3.0,Venezuela,4037,1.0,20.0,5.0
090104,,,,,,0.0
090105,,,,,,0.0
090106,,,,,,0.0
090107,,,,,,0.0
090108,,,,,,0.0
090109,,,,,,0.0
090110,,,,,,0.0
090111,1.0,Argentina,4002,2.0,100.0,2.0
090112,1.0,Venezuela,4037,1.0,100.0,1.0
090113,,,,,,0.0
090114,,,,,,0.0
090115,,,,,,0.0
090116,,,,,,0.0
090117,,,,,,0.0
090118,1.0,Venezuela,4037,6.0,75.0,8.0
090118,2.0,Chile,4009,1.0,12.5,8.0
090118,3.0,Colombia,4010,1.0,12.5,8.0
090119,1.0,Venezuela,4037,1.0,100.0,1.0
090201,1.0,Colombia,4010,1.0,50.0,2.0
090201,2.0,Honduras,4022,1.0,50.0,2.0
090202,,,,,,0.0
090203,1.0,Venezuela,4037,1.0,100.0,1.0
090204,1.0,Brasil,4007,1.0,100.0,1.0
090205,,,,,,0.0
090206,,,,,,0.0
090207,,,,,,0.0
090208,,,,,,0.0
090301,1.0,Venezuela,4037,41.0,82.0,50.0
090301,2.0,España,6009,3.0,6.0,50.0
090301,3.0,Brasil,4007,2.0,4.0,50.0
090301,4.0,Argentina,4002,2.0,4.0,50.0
090301,5.0,Bolivia,4006,1.0,2.0,50.0
090301,6.0,Colombia,4010,1.0,2.0,50.0
090302,1.0,Costa Rica,4011,1.0,100.0,1.0
090303,1.0,Chile,4009,2.0,100.0,2.0
090304,,,,,,0.0
090305,1.0,Venezuela,4037,2.0,100.0,2.0
090306,1.0,Venezuela,4037,1.0,100.0,1.0
090307,,,,,,0.0
090308,,,,,,0.0
090309,1.0,Venezuela,4037,1.0,50.0,2.0
090309,2.0,Chile,4009,1.0,50.0,2.0
090310,,,,,,0.0
090311,,,,,,0.0
090312,1.0,Italia,6016,1.0,100.0,1.0
090401,,,,,,0.0
090402,1.0,Bolivia,4006,1.0,100.0,1.0
090403,,,,,,0.0
090404,,,,,,0.0
090405,,,,,,0.0
090406,,,,,,0.0
090407,1.0,Venezuela,4037,4.0,100.0,4.0
090408,,,,,,0.0
090409,,,,,,0.0
090410,,,,,,0.0
090411,,,,,,0.0
090412,1.0,Italia,6016,1.0,100.0,1.0
090413,,,,,,0.0
090501,,,,,,0.0
090502,1.0,República Dominicana,4030,1.0,100.0,1.0
090503,1.0,Venezuela,4037,1.0,100.0,1.0
090504,,,,,,0.0
090505,,,,,,0.0
090506,,,,,,0.0
090507,1.0,Venezuela,4037,2.0,100.0,2.0
090508,1.0,Venezuela,4037,2.0,66.7,3.0
090508,2.0,Francia,6011,1.0,33.3,3.0
090509,1.0,Venezuela,4037,2.0,100.0,2.0
090510,1.0,Argentina,4002,1.0,50.0,2.0
090510,2.0,Bolivia,4006,1.0,50.0,2.0
090511,1.0,Estados Unidos,4016,1.0,100.0,1.0
090601,1.0,Venezuela,4037,1.0,100.0,1.0
090602,1.0,Venezuela,4037,5.0,100.0,5.0
090603,1.0,Inglaterra,6063,2.0,100.0,2.0
090604,1.0,Venezuela,4037,1.0,100.0,1.0
090605,,,,,,0.0
090606,,,,,,0.0
090607,1.0,Venezuela,4037,2.0,100.0,2.0
090608,,,,,,0.0
090609,,,,,,0.0
090610,,,,,,0.0
090611,,,,,,0.0
090612,,,,,,0.0
090613,,,,,,0.0
090614,,,,,,0.0
090615,,,,,,0.0
090616,,,,,,0.0
090701,1.0,Venezuela,4037,39.0,90.7,43.0
090701,2.0,Argentina,4002,2.0,4.7,43.0
090701,3.0,Colombia,4010,2.0,4.7,43.0
090702,,,,,,0.0
090703,1.0,Argentina,4002,1.0,100.0,1.0
090704,1.0,República Dominicana,4030,3.0,75.0,4.0
090704,2.0,Argelia,3002,1.0,25.0,4.0
090705,1.0,Colombia,4010,1.0,100.0,1.0
090706,1.0,Argentina,4002,1.0,100.0,1.0
090707,1.0,Argentina,4002,2.0,66.7,3.0
090707,2.0,Bolivia,4006,1.0,33.3,3.0
090709,1.0,Argentina,4002,3.0,75.0,4.0
090709,2.0,Panamá,4026,1.0,25.0,4.0
090710,1.0,Venezuela,4037,2.0,100.0,2.0
090711,,,,,,0.0
090713,,,,,,0.0
090714,,,,,,0.0
090715,1.0,Chile,4009,2.0,100.0,2.0
090716,1.0,Chile,4009,1.0,100.0,1.0
090717,,,,,,0.0
090718,,,,,,0.0
090719,,,,,,0.0
090720,,,,,,0.0
090721,,,,,,0.0
090722,1.0,Argentina,4002,1.0,33.3,3.0
090722,2.0,Estados Unidos,4016,1.0,33.3,3.0
090722,3.0,Venezuela,4037,1.0,33.3,3.0
090723,,,,,,0.0
090724,1.0,Chile,4009,1.0,100.0,1.0
090725,,,,,,0.0
100101,1.0,Venezuela,4037,967.0,89.0,1086.0
100101,2.0,Colombia,4010,25.0,2.3,1086.0
100101,3.0,Argentina,4002,16.0,1.5,1086.0
100101,4.0,Ecuador,4014,14.0,1.3,1086.0
100101,5.0,Estados Unidos,4016,8.0,0.7,1086.0
100101,6.0,España,6009,7.0,0.6,1086.0
100102,1.0,Venezuela,4037,569.0,82.5,690.0
100102,2.0,Colombia,4010,24.0,3.5,690.0
100102,3.0,Argentina,4002,16.0,2.3,690.0
100102,4.0,Cuba,4012,10.0,1.4,690.0
100102,5.0,México,4024,9.0,1.3,690.0
100102,6.0,Bolivia,4006,9.0,1.3,690.0
100103,1.0,Venezuela,4037,2.0,40.0,5.0
100103,2.0,Colombia,4010,2.0,40.0,5.0
100103,3.0,Brasil,4007,1.0,20.0,5.0
100104,1.0,Ecuador,4014,10.0,76.9,13.0
100104,2.0,Chile,4009,1.0,7.7,13.0
100104,3.0,Argentina,4002,1.0,7.7,13.0
100104,4.0,España,6009,1.0,7.7,13.0
100105,1.0,Venezuela,4037,1.0,100.0,1.0
100106,1.0,Brasil,4007,1.0,100.0,1.0
100107,1.0,Polonia,6023,2.0,50.0,4.0
100107,2.0,Venezuela,4037,1.0,25.0,4.0
100107,3.0,España,6009,1.0,25.0,4.0
100108,,,,,,0.0
100109,1.0,Ecuador,4014,14.0,58.3,24.0
100109,2.0,Venezuela,4037,5.0,20.8,24.0
100109,3.0,Bolivia,4006,1.0,4.2,24.0
100109,4.0,Colombia,4010,1.0,4.2,24.0
100109,5.0,Argentina,4002,1.0,4.2,24.0
100109,6.0,Honduras,4022,1.0,4.2,24.0
100110,,,,,,0.0
100111,1.0,Venezuela,4037,128.0,59.3,216.0
100111,2.0,Colombia,4010,39.0,18.1,216.0
100111,3.0,Argentina,4002,11.0,5.1,216.0
100111,4.0,Ecuador,4014,11.0,5.1,216.0
100111,5.0,Chile,4009,6.0,2.8,216.0
100111,6.0,Estados Unidos,4016,3.0,1.4,216.0
100112,,,,,,0.0
100113,1.0,Venezuela,4037,3.0,75.0,4.0
100113,2.0,Brasil,4007,1.0,25.0,4.0
100201,1.0,Venezuela,4037,17.0,65.4,26.0
100201,2.0,Argentina,4002,4.0,15.4,26.0
100201,3.0,Bolivia,4006,2.0,7.7,26.0
100201,4.0,Italia,6016,1.0,3.8,26.0
100201,5.0,Brasil,4007,1.0,3.8,26.0
100201,6.0,Honduras,4022,1.0,3.8,26.0
100202,,,,,,0.0
100203,,,,,,0.0
100204,1.0,Chile,4009,1.0,25.0,4.0
100204,2.0,Ecuador,4014,1.0,25.0,4.0
100204,3.0,Japón,5020,1.0,25.0,4.0
100204,4.0,Argentina,4002,1.0,25.0,4.0
100205,1.0,Argentina,4002,2.0,66.7,3.0
100205,2.0,Venezuela,4037,1.0,33.3,3.0
100206,,,,,,0.0
100207,1.0,Venezuela,4037,4.0,57.1,7.0
100207,2.0,Bolivia,4006,2.0,28.6,7.0
100207,3.0,Argentina,4002,1.0,14.3,7.0
100208,1.0,Colombia,4010,1.0,33.3,3.0
100208,2.0,Francia,6011,1.0,33.3,3.0
100208,3.0,Guatemala,4018,1.0,33.3,3.0
100301,1.0,Venezuela,4037,9.0,100.0,9.0
100307,,,,,,0.0
100311,,,,,,0.0
100313,1.0,Italia,6016,1.0,50.0,2.0
100313,2.0,Venezuela,4037,1.0,50.0,2.0
100316,1.0,Venezuela,4037,3.0,100.0,3.0
100317,1.0,Argentina,4002,2.0,100.0,2.0
100321,,,,,,0.0
100322,,,,,,0.0
100323,,,,,,0.0
100401,1.0,Italia,6016,2.0,66.7,3.0
100401,2.0,Venezuela,4037,1.0,33.3,3.0
100402,,,,,,0.0
100403,1.0,Venezuela,4037,1.0,50.0,2.0
100403,2.0,Chile,4009,1.0,50.0,2.0
100404,1.0,Chile,4009,2.0,100.0,2.0
100501,1.0,Italia,6016,3.0,42.9,7.0
100501,2.0,Venezuela,4037,2.0,28.6,7.0
100501,3.0,Chile,4009,1.0,14.3,7.0
100501,4.0,Bolivia,4006,1.0,14.3,7.0
100502,,,,,,0.0
100503,1.0,Venezuela,4037,2.0,100.0,2.0
100504,,,,,,0.0
100505,1.0,Bolivia,4006,2.0,100.0,2.0
100506,,,,,,0.0
100507,1.0,Venezuela,4037,3.0,42.9,7.0
100507,2.0,Argentina,4002,3.0,42.9,7.0
100507,3.0,Alemania,6002,1.0,14.3,7.0
100508,1.0,Italia,6016,2.0,100.0,2.0
100509,,,,,,0.0
100510,,,,,,0.0
100511,,,,,,0.0
100601,1.0,Venezuela,4037,307.0,73.6,417.0
100601,2.0,Colombia,4010,22.0,5.3,417.0
100601,3.0,Argentina,4002,20.0,4.8,417.0
100601,4.0,Brasil,4007,13.0,3.1,417.0
100601,5.0,Chile,4009,12.0,2.9,417.0
100601,6.0,Bolivia,4006,11.0,2.6,417.0
100602,1.0,Ecuador,4014,2.0,28.6,7.0
100602,2.0,Venezuela,4037,2.0,28.6,7.0
100602,3.0,México,4024,1.0,14.3,7.0
100602,4.0,Argentina,4002,1.0,14.3,7.0
100602,5.0,España,6009,1.0,14.3,7.0
100603,,,,,,0.0
100604,1.0,Venezuela,4037,61.0,76.3,80.0
100604,2.0,Ecuador,4014,5.0,6.3,80.0
100604,3.0,Chile,4009,4.0,5.0,80.0
100604,4.0,Colombia,4010,3.0,3.8,80.0
100604,5.0,Argentina,4002,2.0,2.5,80.0
100604,6.0,Brasil,4007,2.0,2.5,80.0
100605,1.0,Venezuela,4037,13.0,37.1,35.0
100605,2.0,España,6009,4.0,11.4,35.0
100605,3.0,Ecuador,4014,4.0,11.4,35.0
100605,4.0,Brasil,4007,3.0,8.6,35.0
100605,5.0,Chile,4009,3.0,8.6,35.0
100605,6.0,Polonia,6023,2.0,5.7,35.0
100606,1.0,Venezuela,4037,8.0,57.1,14.0
100606,2.0,Francia,6011,2.0,14.3,14.0
100606,3.0,Estados Unidos,4016,1.0,7.1,14.0
100606,4.0,Chile,4009,1.0,7.1,14.0
100606,5.0,Argentina,4002,1.0,7.1,14.0
100606,6.0,Italia,6016,1.0,7.1,14.0
100607,1.0,Venezuela,4037,5.0,100.0,5.0
100608,1.0,Venezuela,4037,30.0,49.2,61.0
100608,2.0,Chile,4009,5.0,8.2,61.0
100608,3.0,Colombia,4010,4.0,6.6,61.0
100608,4.0,Alemania,6002,4.0,6.6,61.0
100608,5.0,Argentina,4002,4.0,6.6,61.0
100608,6.0,México,4024,3.0,4.9,61.0
100609,1.0,Venezuela,4037,4.0,50.0,8.0
100609,2.0,Colombia,4010,4.0,50.0,8.0
100610,1.0,Colombia,4010,1.0,100.0,1.0
100701,1.0,Italia,6016,5.0,62.5,8.0
100701,2.0,Argentina,4002,2.0,25.0,8.0
100701,3.0,Estados Unidos,4016,1.0,12.5,8.0
100702,1.0,Venezuela,4037,5.0,71.4,7.0
100702,2.0,Argentina,4002,1.0,14.3,7.0
100702,3.0,Brasil,4007,1.0,14.3,7.0
100703,,,,,,0.0
100704,1.0,Venezuela,4037,2.0,33.3,6.0
100704,2.0,Colombia,4010,2.0,33.3,6.0
100704,3.0,Italia,6016,2.0,33.3,6.0
100705,1.0,Colombia,4010,1.0,100.0,1.0
100801,,,,,,0.0
100802,1.0,Venezuela,4037,3.0,60.0,5.0
100802,2.0,Ecuador,4014,2.0,40.0,5.0
100803,1.0,Chile,4009,9.0,64.3,14.0
100803,2.0,Venezuela,4037,2.0,14.3,14.0
100803,3.0,República Dominicana,4030,2.0,14.3,14.0
100803,4.0,Argentina,4002,1.0,7.1,14.0
100804,1.0,Venezuela,4037,1.0,50.0,2.0
100804,2.0,Chile,4009,1.0,50.0,2.0
100901,1.0,Venezuela,4037,19.0,54.3,35.0
100901,2.0,Colombia,4010,5.0,14.3,35.0
100901,3.0,Brasil,4007,4.0,11.4,35.0
100901,4.0,Argentina,4002,4.0,11.4,35.0
100901,5.0,Ecuador,4014,1.0,2.9,35.0
100901,6.0,Estados Unidos,4016,1.0,2.9,35.0
100902,1.0,Venezuela,4037,13.0,81.3,16.0
100902,2.0,Estados Unidos,4016,1.0,6.3,16.0
100902,3.0,Brasil,4007,1.0,6.3,16.0
100902,4.0,Gibraltar,6048,1.0,6.3,16.0
100903,1.0,Brasil,4007,6.0,60.0,10.0
100903,2.0,Francia,6011,1.0,10.0,10.0
100903,3.0,Brunéi,5006,1.0,10.0,10.0
100903,4.0,Venezuela,4037,1.0,10.0,10.0
100903,5.0,Ecuador,4014,1.0,10.0,10.0
100904,1.0,Brasil,4007,3.0,50.0,6.0
100904,2.0,Bolivia,4006,2.0,33.3,6.0
100904,3.0,Chile,4009,1.0,16.7,6.0
100905,1.0,Venezuela,4037,1.0,50.0,2.0
100905,2.0,Colombia,4010,1.0,50.0,2.0
101001,1.0,Italia,6016,1.0,100.0,1.0
101002,1.0,Venezuela,4037,7.0,87.5,8.0
101002,2.0,Brasil,4007,1.0,12.5,8.0
101003,,,,,,0.0
101004,,,,,,0.0
101005,,,,,,0.0
101006,,,,,,0.0
101007,1.0,Chile,4009,1.0,100.0,1.0
101101,1.0,Venezuela,4037,1.0,100.0,1.0
101102,,,,,,0.0
101103,,,,,,0.0
101104,,,,,,0.0
101105,,,,,,0.0
101106,,,,,,0.0
101107,,,,,,0.0
101108,,,,,,0.0
110101,1.0,Venezuela,4037,7844.0,89.6,8756.0
110101,2.0,Colombia,4010,301.0,3.4,8756.0
110101,3.0,Ecuador,4014,108.0,1.2,8756.0
110101,4.0,Argentina,4002,102.0,1.2,8756.0
110101,5.0,Chile,4009,86.0,1.0,8756.0
110101,6.0,Bolivia,4006,48.0,0.5,8756.0
110102,1.0,Venezuela,4037,1566.0,92.1,1701.0
110102,2.0,Colombia,4010,62.0,3.6,1701.0
110102,3.0,Argentina,4002,20.0,1.2,1701.0
110102,4.0,Chile,4009,15.0,0.9,1701.0
110102,5.0,Ecuador,4014,12.0,0.7,1701.0
110102,6.0,España,6009,7.0,0.4,1701.0
110103,1.0,Venezuela,4037,448.0,90.1,497.0
110103,2.0,Colombia,4010,17.0,3.4,497.0
110103,3.0,Chile,4009,7.0,1.4,497.0
110103,4.0,España,6009,6.0,1.2,497.0
110103,5.0,Brasil,4007,6.0,1.2,497.0
110103,6.0,Argentina,4002,5.0,1.0,497.0
110104,1.0,Venezuela,4037,45.0,97.8,46.0
110104,2.0,Bolivia,4006,1.0,2.2,46.0
110105,1.0,Venezuela,4037,73.0,85.9,85.0
110105,2.0,Argentina,4002,6.0,7.1,85.0
110105,3.0,Bolivia,4006,2.0,2.4,85.0
110105,4.0,Brasil,4007,1.0,1.2,85.0
110105,5.0,Ecuador,4014,1.0,1.2,85.0
110105,6.0,Colombia,4010,1.0,1.2,85.0
110106,1.0,Venezuela,4037,1790.0,90.9,1969.0
110106,2.0,Colombia,4010,72.0,3.7,1969.0
110106,3.0,Argentina,4002,30.0,1.5,1969.0
110106,4.0,Ecuador,4014,27.0,1.4,1969.0
110106,5.0,Chile,4009,18.0,0.9,1969.0
110106,6.0,Brasil,4007,10.0,0.5,1969.0
110107,1.0,Venezuela,4037,46.0,85.2,54.0
110107,2.0,Argentina,4002,3.0,5.6,54.0
110107,3.0,Bolivia,4006,3.0,5.6,54.0
110107,4.0,Colombia,4010,1.0,1.9,54.0
110107,5.0,Estados Unidos,4016,1.0,1.9,54.0
110108,1.0,Venezuela,4037,519.0,92.8,559.0
110108,2.0,Bolivia,4006,10.0,1.8,559.0
110108,3.0,Colombia,4010,8.0,1.4,559.0
110108,4.0,Ecuador,4014,5.0,0.9,559.0
110108,5.0,Chile,4009,4.0,0.7,559.0
110108,6.0,Argentina,4002,4.0,0.7,559.0
110109,1.0,Venezuela,4037,27.0,69.2,39.0
110109,2.0,Argentina,4002,6.0,15.4,39.0
110109,3.0,Ecuador,4014,2.0,5.1,39.0
110109,4.0,Chile,4009,1.0,2.6,39.0
110109,5.0,España,6009,1.0,2.6,39.0
110109,6.0,Estados Unidos,4016,1.0,2.6,39.0
110110,1.0,Venezuela,4037,183.0,80.3,228.0
110110,2.0,Colombia,4010,15.0,6.6,228.0
110110,3.0,Argentina,4002,9.0,3.9,228.0
110110,4.0,Chile,4009,6.0,2.6,228.0
110110,5.0,Estados Unidos,4016,4.0,1.8,228.0
110110,6.0,México,4024,2.0,0.9,228.0
110111,1.0,Venezuela,4037,516.0,92.6,557.0
110111,2.0,Colombia,4010,14.0,2.5,557.0
110111,3.0,Ecuador,4014,13.0,2.3,557.0
110111,4.0,Argentina,4002,7.0,1.3,557.0
110111,5.0,Bolivia,4006,3.0,0.5,557.0
110111,6.0,Chile,4009,1.0,0.2,557.0
110112,1.0,Venezuela,4037,1550.0,90.3,1717.0
110112,2.0,Colombia,4010,65.0,3.8,1717.0
110112,3.0,Ecuador,4014,30.0,1.7,1717.0
110112,4.0,Argentina,4002,16.0,0.9,1717.0
110112,5.0,Bolivia,4006,12.0,0.7,1717.0
110112,6.0,Chile,4009,8.0,0.5,1717.0
110113,1.0,Venezuela,4037,47.0,94.0,50.0
110113,2.0,Estados Unidos,4016,1.0,2.0,50.0
110113,3.0,Chile,4009,1.0,2.0,50.0
110113,4.0,Colombia,4010,1.0,2.0,50.0
110114,1.0,Venezuela,4037,5.0,71.4,7.0
110114,2.0,Colombia,4010,2.0,28.6,7.0
110201,1.0,Venezuela,4037,3036.0,91.7,3310.0
110201,2.0,Colombia,4010,117.0,3.5,3310.0
110201,3.0,Ecuador,4014,38.0,1.1,3310.0
110201,4.0,Argentina,4002,29.0,0.9,3310.0
110201,5.0,China,5008,20.0,0.6,3310.0
110201,6.0,Chile,4009,16.0,0.5,3310.0
110202,1.0,Venezuela,4037,115.0,91.3,126.0
110202,2.0,Brasil,4007,3.0,2.4,126.0
110202,3.0,Colombia,4010,3.0,2.4,126.0
110202,4.0,Chile,4009,2.0,1.6,126.0
110202,5.0,Argentina,4002,1.0,0.8,126.0
110202,6.0,China,5008,1.0,0.8,126.0
110203,1.0,Venezuela,4037,5.0,100.0,5.0
110204,1.0,Venezuela,4037,241.0,81.7,295.0
110204,2.0,Colombia,4010,33.0,11.2,295.0
110204,3.0,Ecuador,4014,7.0,2.4,295.0
110204,4.0,Argentina,4002,5.0,1.7,295.0
110204,5.0,Brasil,4007,3.0,1.0,295.0
110204,6.0,Chile,4009,2.0,0.7,295.0
110205,1.0,Venezuela,4037,119.0,86.2,138.0
110205,2.0,Colombia,4010,4.0,2.9,138.0
110205,3.0,Francia,6011,3.0,2.2,138.0
110205,4.0,Chile,4009,2.0,1.4,138.0
110205,5.0,Argentina,4002,2.0,1.4,138.0
110205,6.0,Uruguay,4036,1.0,0.7,138.0
110206,1.0,Venezuela,4037,688.0,88.3,779.0
110206,2.0,Colombia,4010,54.0,6.9,779.0
110206,3.0,Cuba,4012,5.0,0.6,779.0
110206,4.0,Ecuador,4014,5.0,0.6,779.0
110206,5.0,Argentina,4002,5.0,0.6,779.0
110206,6.0,Chile,4009,4.0,0.5,779.0
110207,1.0,Venezuela,4037,1041.0,92.6,1124.0
110207,2.0,Colombia,4010,32.0,2.8,1124.0
110207,3.0,Ecuador,4014,21.0,1.9,1124.0
110207,4.0,Argentina,4002,7.0,0.6,1124.0
110207,5.0,Brasil,4007,6.0,0.5,1124.0
110207,6.0,Uruguay,4036,3.0,0.3,1124.0
110208,1.0,Venezuela,4037,2.0,100.0,2.0
110209,1.0,Venezuela,4037,1.0,100.0,1.0
110210,1.0,Venezuela,4037,669.0,89.8,745.0
110210,2.0,Colombia,4010,20.0,2.7,745.0
110210,3.0,Argentina,4002,17.0,2.3,745.0
110210,4.0,Bolivia,4006,8.0,1.1,745.0
110210,5.0,Estados Unidos,4016,5.0,0.7,745.0
110210,6.0,Italia,6016,4.0,0.5,745.0
110211,1.0,Venezuela,4037,183.0,95.8,191.0
110211,2.0,Colombia,4010,3.0,1.6,191.0
110211,3.0,Chile,4009,2.0,1.0,191.0
110211,4.0,Argentina,4002,2.0,1.0,191.0
110211,5.0,Estados Unidos,4016,1.0,0.5,191.0
110301,1.0,Venezuela,4037,1520.0,93.5,1626.0
110301,2.0,Colombia,4010,54.0,3.3,1626.0
110301,3.0,Argentina,4002,13.0,0.8,1626.0
110301,4.0,Italia,6016,6.0,0.4,1626.0
110301,5.0,Chile,4009,6.0,0.4,1626.0
110301,6.0,Cuba,4012,4.0,0.2,1626.0
110302,1.0,Venezuela,4037,4.0,57.1,7.0
110302,2.0,Italia,6016,1.0,14.3,7.0
110302,3.0,Estados Unidos,4016,1.0,14.3,7.0
110302,4.0,Argentina,4002,1.0,14.3,7.0
110303,1.0,Venezuela,4037,38.0,77.6,49.0
110303,2.0,Colombia,4010,7.0,14.3,49.0
110303,3.0,España,6009,2.0,4.1,49.0
110303,4.0,Paraguay,4027,1.0,2.0,49.0
110303,5.0,Chile,4009,1.0,2.0,49.0
110304,1.0,Venezuela,4037,951.0,92.2,1032.0
110304,2.0,Colombia,4010,16.0,1.6,1032.0
110304,3.0,Ecuador,4014,16.0,1.6,1032.0
110304,4.0,China,5008,11.0,1.1,1032.0
110304,5.0,Chile,4009,9.0,0.9,1032.0
110304,6.0,Argentina,4002,9.0,0.9,1032.0
110305,1.0,Venezuela,4037,471.0,89.2,528.0
110305,2.0,Bolivia,4006,16.0,3.0,528.0
110305,3.0,Colombia,4010,10.0,1.9,528.0
110305,4.0,Argentina,4002,9.0,1.7,528.0
110305,5.0,Ecuador,4014,5.0,0.9,528.0
110305,6.0,Italia,6016,4.0,0.8,528.0
110401,1.0,Venezuela,4037,155.0,89.6,173.0
110401,2.0,Colombia,4010,5.0,2.9,173.0
110401,3.0,Italia,6016,4.0,2.3,173.0
110401,4.0,Chile,4009,4.0,2.3,173.0
110401,5.0,Ecuador,4014,2.0,1.2,173.0
110401,6.0,Japón,5020,1.0,0.6,173.0
110402,1.0,Venezuela,4037,24.0,82.8,29.0
110402,2.0,Colombia,4010,3.0,10.3,29.0
110402,3.0,Argentina,4002,1.0,3.4,29.0
110402,4.0,Chile,4009,1.0,3.4,29.0
110403,1.0,Venezuela,4037,15.0,36.6,41.0
110403,2.0,Bolivia,4006,15.0,36.6,41.0
110403,3.0,Argentina,4002,7.0,17.1,41.0
110403,4.0,Italia,6016,3.0,7.3,41.0
110403,5.0,Honduras,4022,1.0,2.4,41.0
110404,1.0,Venezuela,4037,3.0,100.0,3.0
110405,,,,,,0.0
110501,1.0,Venezuela,4037,3561.0,93.2,3820.0
110501,2.0,Colombia,4010,97.0,2.5,3820.0
110501,3.0,Cuba,4012,35.0,0.9,3820.0
110501,4.0,Ecuador,4014,25.0,0.7,3820.0
110501,5.0,Argentina,4002,19.0,0.5,3820.0
110501,6.0,Chile,4009,14.0,0.4,3820.0
110502,1.0,Venezuela,4037,1.0,100.0,1.0
110503,1.0,Venezuela,4037,32.0,91.4,35.0
110503,2.0,Alemania,6002,1.0,2.9,35.0
110503,3.0,Chile,4009,1.0,2.9,35.0
110503,4.0,Colombia,4010,1.0,2.9,35.0
110504,1.0,Venezuela,4037,71.0,85.5,83.0
110504,2.0,España,6009,4.0,4.8,83.0
110504,3.0,Argentina,4002,3.0,3.6,83.0
110504,4.0,Chile,4009,2.0,2.4,83.0
110504,5.0,México,4024,1.0,1.2,83.0
110504,6.0,Eslovaquia,6045,1.0,1.2,83.0
110505,1.0,Venezuela,4037,334.0,92.8,360.0
110505,2.0,Bolivia,4006,6.0,1.7,360.0
110505,3.0,Argentina,4002,5.0,1.4,360.0
110505,4.0,Paraguay,4027,3.0,0.8,360.0
110505,5.0,Colombia,4010,2.0,0.6,360.0
110505,6.0,Ucrania,6039,2.0,0.6,360.0
110506,1.0,Venezuela,4037,1016.0,95.0,1070.0
110506,2.0,Colombia,4010,22.0,2.1,1070.0
110506,3.0,Argentina,4002,10.0,0.9,1070.0
110506,4.0,Ecuador,4014,5.0,0.5,1070.0
110506,5.0,Rusia,6038,4.0,0.4,1070.0
110506,6.0,República Dominicana,4030,3.0,0.3,1070.0
110507,1.0,Venezuela,4037,311.0,93.4,333.0
110507,2.0,Argentina,4002,11.0,3.3,333.0
110507,3.0,Colombia,4010,4.0,1.2,333.0
110507,4.0,España,6009,2.0,0.6,333.0
110507,5.0,Brasil,4007,1.0,0.3,333.0
110507,6.0,República del Congo,3010,1.0,0.3,333.0
110508,1.0,Venezuela,4037,364.0,90.8,401.0
110508,2.0,Colombia,4010,18.0,4.5,401.0
110508,3.0,Argentina,4002,6.0,1.5,401.0
110508,4.0,Ecuador,4014,4.0,1.0,401.0
110508,5.0,Cuba,4012,3.0,0.7,401.0
110508,6.0,El Salvador,4015,2.0,0.5,401.0
120101,1.0,Venezuela,4037,2359.0,84.9,2780.0
120101,2.0,Colombia,4010,80.0,2.9,2780.0
120101,3.0,Argentina,4002,70.0,2.5,2780.0
120101,4.0,Estados Unidos,4016,46.0,1.7,2780.0
120101,5.0,Cuba,4012,44.0,1.6,2780.0
120101,6.0,Bolivia,4006,22.0,0.8,2780.0
120104,,,,,,0.0
120105,,,,,,0.0
120106,1.0,Venezuela,4037,1.0,100.0,1.0
120107,1.0,Venezuela,4037,840.0,89.6,937.0
120107,2.0,Argentina,4002,27.0,2.9,937.0
120107,3.0,Estados Unidos,4016,14.0,1.5,937.0
120107,4.0,Brasil,4007,10.0,1.1,937.0
120107,5.0,Italia,6016,9.0,1.0,937.0
120107,6.0,Cuba,4012,7.0,0.7,937.0
120108,1.0,Venezuela,4037,1.0,100.0,1.0
120111,1.0,Venezuela,4037,3.0,60.0,5.0
120111,2.0,Argentina,4002,2.0,40.0,5.0
120112,,,,,,0.0
120113,,,,,,0.0
120114,1.0,Venezuela,4037,2453.0,83.4,2940.0
120114,2.0,Argentina,4002,138.0,4.7,2940.0
120114,3.0,Colombia,4010,99.0,3.4,2940.0
120114,4.0,Estados Unidos,4016,35.0,1.2,2940.0
120114,5.0,Brasil,4007,31.0,1.1,2940.0
120114,6.0,Cuba,4012,27.0,0.9,2940.0
120116,1.0,Venezuela,4037,1.0,100.0,1.0
120117,1.0,Argentina,4002,4.0,28.6,14.0
120117,2.0,Uruguay,4036,3.0,21.4,14.0
120117,3.0,Venezuela,4037,2.0,14.3,14.0
120117,4.0,Estados Unidos,4016,2.0,14.3,14.0
120117,5.0,Chile,4009,1.0,7.1,14.0
120117,6.0,Brasil,4007,1.0,7.1,14.0
120119,1.0,Venezuela,4037,148.0,88.6,167.0
120119,2.0,Argentina,4002,6.0,3.6,167.0
120119,3.0,Italia,6016,5.0,3.0,167.0
120119,4.0,Estados Unidos,4016,4.0,2.4,167.0
120119,5.0,Colombia,4010,2.0,1.2,167.0
120119,6.0,Bolivia,4006,1.0,0.6,167.0
120120,,,,,,0.0
120121,1.0,Venezuela,4037,18.0,62.1,29.0
120121,2.0,Italia,6016,2.0,6.9,29.0
120121,3.0,Chile,4009,2.0,6.9,29.0
120121,4.0,Bolivia,4006,2.0,6.9,29.0
120121,5.0,Argentina,4002,1.0,3.4,29.0
120121,6.0,México,4024,1.0,3.4,29.0
120122,,,,,,0.0
120124,1.0,Venezuela,4037,1.0,33.3,3.0
120124,2.0,Argentina,4002,1.0,33.3,3.0
120124,3.0,Estados Unidos,4016,1.0,33.3,3.0
120125,1.0,Venezuela,4037,71.0,64.5,110.0
120125,2.0,Colombia,4010,12.0,10.9,110.0
120125,3.0,Estados Unidos,4016,7.0,6.4,110.0
120125,4.0,Argentina,4002,5.0,4.5,110.0
120125,5.0,España,6009,4.0,3.6,110.0
120125,6.0,Italia,6016,3.0,2.7,110.0
120126,1.0,Argentina,4002,3.0,75.0,4.0
120126,2.0,Colombia,4010,1.0,25.0,4.0
120127,,,,,,0.0
120128,1.0,Brasil,4007,4.0,50.0,8.0
120128,2.0,Venezuela,4037,1.0,12.5,8.0
120128,3.0,Chile,4009,1.0,12.5,8.0
120128,4.0,España,6009,1.0,12.5,8.0
120128,5.0,Argentina,4002,1.0,12.5,8.0
120129,1.0,Argentina,4002,10.0,30.3,33.0
120129,2.0,Venezuela,4037,9.0,27.3,33.0
120129,3.0,Chile,4009,4.0,12.1,33.0
120129,4.0,Ecuador,4014,3.0,9.1,33.0
120129,5.0,Japón,5020,2.0,6.1,33.0
120129,6.0,Estados Unidos,4016,2.0,6.1,33.0
120130,1.0,Venezuela,4037,22.0,45.8,48.0
120130,2.0,Argentina,4002,10.0,20.8,48.0
120130,3.0,Chile,4009,4.0,8.3,48.0
120130,4.0,Ecuador,4014,4.0,8.3,48.0
120130,5.0,Colombia,4010,3.0,6.3,48.0
120130,6.0,China,5008,1.0,2.1,48.0
120132,1.0,Venezuela,4037,10.0,71.4,14.0
120132,2.0,Colombia,4010,1.0,7.1,14.0
120132,3.0,Argentina,4002,1.0,7.1,14.0
120132,4.0,Ecuador,4014,1.0,7.1,14.0
120132,5.0,México,4024,1.0,7.1,14.0
120133,1.0,Venezuela,4037,43.0,53.8,80.0
120133,2.0,Argentina,4002,15.0,18.8,80.0
120133,3.0,Ecuador,4014,7.0,8.8,80.0
120133,4.0,Chile,4009,3.0,3.8,80.0
120133,5.0,Brasil,4007,3.0,3.8,80.0
120133,6.0,Bolivia,4006,3.0,3.8,80.0
120134,1.0,Venezuela,4037,17.0,48.6,35.0
120134,2.0,Argentina,4002,11.0,31.4,35.0
120134,3.0,Colombia,4010,3.0,8.6,35.0
120134,4.0,Chile,4009,2.0,5.7,35.0
120134,5.0,Bolivia,4006,1.0,2.9,35.0
120134,6.0,Estados Unidos,4016,1.0,2.9,35.0
120135,,,,,,0.0
120136,1.0,Ecuador,4014,2.0,50.0,4.0
120136,2.0,Argentina,4002,1.0,25.0,4.0
120136,3.0,Uruguay,4036,1.0,25.0,4.0
120201,1.0,Venezuela,4037,41.0,61.2,67.0
120201,2.0,Argentina,4002,9.0,13.4,67.0
120201,3.0,Cuba,4012,5.0,7.5,67.0
120201,4.0,Colombia,4010,2.0,3.0,67.0
120201,5.0,Estados Unidos,4016,2.0,3.0,67.0
120201,6.0,Italia,6016,2.0,3.0,67.0
120202,,,,,,0.0
120203,,,,,,0.0
120204,1.0,Brasil,4007,1.0,100.0,1.0
120205,,,,,,0.0
120206,1.0,Italia,6016,1.0,50.0,2.0
120206,2.0,Venezuela,4037,1.0,50.0,2.0
120207,1.0,Argentina,4002,1.0,100.0,1.0
120208,1.0,Argentina,4002,1.0,100.0,1.0
120209,1.0,Colombia,4010,4.0,100.0,4.0
120210,1.0,Argentina,4002,5.0,33.3,15.0
120210,2.0,Venezuela,4037,4.0,26.7,15.0
120210,3.0,Ecuador,4014,2.0,13.3,15.0
120210,4.0,Brasil,4007,2.0,13.3,15.0
120210,5.0,España,6009,1.0,6.7,15.0
120210,6.0,Bélgica,6005,1.0,6.7,15.0
120211,1.0,Argentina,4002,1.0,25.0,4.0
120211,2.0,México,4024,1.0,25.0,4.0
120211,3.0,Venezuela,4037,1.0,25.0,4.0
120211,4.0,Chile,4009,1.0,25.0,4.0
120212,1.0,Chile,4009,1.0,25.0,4.0
120212,2.0,Colombia,4010,1.0,25.0,4.0
120212,3.0,Guyana,4019,1.0,25.0,4.0
120212,4.0,Japón,5020,1.0,25.0,4.0
120213,1.0,Argentina,4002,4.0,44.4,9.0
120213,2.0,Ecuador,4014,1.0,11.1,9.0
120213,3.0,Chile,4009,1.0,11.1,9.0
120213,4.0,Venezuela,4037,1.0,11.1,9.0
120213,5.0,Estados Unidos,4016,1.0,11.1,9.0
120213,6.0,Bolivia,4006,1.0,11.1,9.0
120214,1.0,Estados Unidos,4016,2.0,66.7,3.0
120214,2.0,Venezuela,4037,1.0,33.3,3.0
120215,1.0,España,6009,3.0,75.0,4.0
120215,2.0,Argentina,4002,1.0,25.0,4.0
120301,1.0,Venezuela,4037,200.0,80.6,248.0
120301,2.0,Colombia,4010,10.0,4.0,248.0
120301,3.0,Bolivia,4006,6.0,2.4,248.0
120301,4.0,Argentina,4002,6.0,2.4,248.0
120301,5.0,Chile,4009,4.0,1.6,248.0
120301,6.0,Estados Unidos,4016,3.0,1.2,248.0
120302,1.0,Venezuela,4037,43.0,67.2,64.0
120302,2.0,Bolivia,4006,6.0,9.4,64.0
120302,3.0,Estados Unidos,4016,4.0,6.3,64.0
120302,4.0,Argentina,4002,3.0,4.7,64.0
120302,5.0,Ecuador,4014,2.0,3.1,64.0
120302,6.0,Costa Rica,4011,1.0,1.6,64.0
120303,1.0,Venezuela,4037,191.0,82.3,232.0
120303,2.0,Colombia,4010,10.0,4.3,232.0
120303,3.0,Alemania,6002,7.0,3.0,232.0
120303,4.0,Argentina,4002,6.0,2.6,232.0
120303,5.0,Bolivia,4006,6.0,2.6,232.0
120303,6.0,Chile,4009,3.0,1.3,232.0
120304,1.0,Venezuela,4037,13.0,68.4,19.0
120304,2.0,Suiza,6029,1.0,5.3,19.0
120304,3.0,Alemania,6002,1.0,5.3,19.0
120304,4.0,Chile,4009,1.0,5.3,19.0
120304,5.0,Rusia,6038,1.0,5.3,19.0
120304,6.0,Arabia Saudita,5002,1.0,5.3,19.0
120305,1.0,Venezuela,4037,94.0,57.0,165.0
120305,2.0,Bolivia,4006,8.0,4.8,165.0
120305,3.0,Argentina,4002,7.0,4.2,165.0
120305,4.0,Bélgica,6005,6.0,3.6,165.0
120305,5.0,Italia,6016,6.0,3.6,165.0
120305,6.0,Chile,4009,5.0,3.0,165.0
120306,1.0,Zambia,3050,2.0,66.7,3.0
120306,2.0,Japón,5020,1.0,33.3,3.0
120307,1.0,Venezuela,4037,113.0,83.7,135.0
120307,2.0,Colombia,4010,9.0,6.7,135.0
120307,3.0,Argentina,4002,5.0,3.7,135.0
120307,4.0,Ecuador,4014,3.0,2.2,135.0
120307,5.0,México,4024,2.0,1.5,135.0
120307,6.0,Chile,4009,2.0,1.5,135.0
120401,1.0,Venezuela,4037,85.0,84.2,101.0
120401,2.0,Argentina,4002,6.0,5.9,101.0
120401,3.0,Ecuador,4014,2.0,2.0,101.0
120401,4.0,Alemania,6002,2.0,2.0,101.0
120401,5.0,Colombia,4010,2.0,2.0,101.0
120401,6.0,Portugal,6024,1.0,1.0,101.0
120402,1.0,Venezuela,4037,3.0,75.0,4.0
120402,2.0,Bolivia,4006,1.0,25.0,4.0
120403,1.0,Argentina,4002,4.0,80.0,5.0
120403,2.0,Bolivia,4006,1.0,20.0,5.0
120404,,,,,,0.0
120405,1.0,Chile,4009,1.0,100.0,1.0
120406,1.0,Argentina,4002,1.0,100.0,1.0
120407,1.0,Venezuela,4037,2.0,66.7,3.0
120407,2.0,Chile,4009,1.0,33.3,3.0
120408,1.0,Colombia,4010,1.0,33.3,3.0
120408,2.0,Alemania,6002,1.0,33.3,3.0
120408,3.0,Argentina,4002,1.0,33.3,3.0
120409,1.0,Argentina,4002,1.0,100.0,1.0
120410,1.0,Venezuela,4037,2.0,66.7,3.0
120410,2.0,Bolivia,4006,1.0,33.3,3.0
120411,,,,,,0.0
120412,1.0,Argentina,4002,1.0,100.0,1.0
120413,1.0,Paraguay,4027,1.0,100.0,1.0
120414,,,,,,0.0
120415,,,,,,0.0
120416,1.0,Nicaragua,4025,1.0,100.0,1.0
120417,,,,,,0.0
120418,1.0,Venezuela,4037,1.0,100.0,1.0
120419,1.0,Estados Unidos,4016,2.0,66.7,3.0
120419,2.0,Venezuela,4037,1.0,33.3,3.0
120420,,,,,,0.0
120421,1.0,Bolivia,4006,1.0,33.3,3.0
120421,2.0,Venezuela,4037,1.0,33.3,3.0
120421,3.0,Chile,4009,1.0,33.3,3.0
120422,1.0,Venezuela,4037,1.0,50.0,2.0
120422,2.0,Argentina,4002,1.0,50.0,2.0
120423,1.0,Argentina,4002,1.0,100.0,1.0
120424,1.0,China,5008,2.0,66.7,3.0
120424,2.0,Argentina,4002,1.0,33.3,3.0
120425,1.0,Argentina,4002,2.0,100.0,2.0
120426,1.0,Venezuela,4037,1.0,100.0,1.0
120427,,,,,,0.0
120428,1.0,Argentina,4002,2.0,66.7,3.0
120428,2.0,Venezuela,4037,1.0,33.3,3.0
120429,,,,,,0.0
120430,1.0,Venezuela,4037,4.0,40.0,10.0
120430,2.0,Argentina,4002,2.0,20.0,10.0
120430,3.0,Estados Unidos,4016,2.0,20.0,10.0
120430,4.0,Chile,4009,1.0,10.0,10.0
120430,5.0,Rusia,6038,1.0,10.0,10.0
120431,1.0,Japón,5020,2.0,66.7,3.0
120431,2.0,Argentina,4002,1.0,33.3,3.0
120432,,,,,,0.0
120433,,,,,,0.0
120434,1.0,Venezuela,4037,19.0,76.0,25.0
120434,2.0,Estados Unidos,4016,2.0,8.0,25.0
120434,3.0,Chile,4009,1.0,4.0,25.0
120434,4.0,España,6009,1.0,4.0,25.0
120434,5.0,Cuba,4012,1.0,4.0,25.0
120434,6.0,Argentina,4002,1.0,4.0,25.0
120501,1.0,Venezuela,4037,20.0,87.0,23.0
120501,2.0,Argentina,4002,2.0,8.7,23.0
120501,3.0,Italia,6016,1.0,4.3,23.0
120502,1.0,Venezuela,4037,1.0,100.0,1.0
120503,,,,,,0.0
120504,,,,,,0.0
120601,1.0,Venezuela,4037,321.0,87.2,368.0
120601,2.0,Ecuador,4014,9.0,2.4,368.0
120601,3.0,Argentina,4002,9.0,2.4,368.0
120601,4.0,Bolivia,4006,6.0,1.6,368.0
120601,5.0,Italia,6016,4.0,1.1,368.0
120601,6.0,Colombia,4010,3.0,0.8,368.0
120602,1.0,Argentina,4002,3.0,21.4,14.0
120602,2.0,Venezuela,4037,2.0,14.3,14.0
120602,3.0,Estados Unidos,4016,2.0,14.3,14.0
120602,4.0,Ucrania,6039,2.0,14.3,14.0
120602,5.0,Francia,6011,1.0,7.1,14.0
120602,6.0,Italia,6016,1.0,7.1,14.0
120603,1.0,Venezuela,4037,2.0,40.0,5.0
120603,2.0,Argentina,4002,1.0,20.0,5.0
120603,3.0,España,6009,1.0,20.0,5.0
120603,4.0,Costa Rica,4011,1.0,20.0,5.0
120604,1.0,Venezuela,4037,152.0,88.4,172.0
120604,2.0,Argentina,4002,5.0,2.9,172.0
120604,3.0,Ecuador,4014,3.0,1.7,172.0
120604,4.0,Chile,4009,2.0,1.2,172.0
120604,5.0,Colombia,4010,2.0,1.2,172.0
120604,6.0,Brasil,4007,2.0,1.2,172.0
120605,1.0,Brasil,4007,1.0,33.3,3.0
120605,2.0,Argentina,4002,1.0,33.3,3.0
120605,3.0,Ecuador,4014,1.0,33.3,3.0
120606,1.0,Venezuela,4037,209.0,82.3,254.0
120606,2.0,Bolivia,4006,14.0,5.5,254.0
120606,3.0,Colombia,4010,6.0,2.4,254.0
120606,4.0,Chile,4009,6.0,2.4,254.0
120606,5.0,Argentina,4002,4.0,1.6,254.0
120606,6.0,Estados Unidos,4016,3.0,1.2,254.0
120607,1.0,Venezuela,4037,15.0,53.6,28.0
120607,2.0,Colombia,4010,4.0,14.3,28.0
120607,3.0,México,4024,3.0,10.7,28.0
120607,4.0,Bolivia,4006,2.0,7.1,28.0
120607,5.0,China,5008,1.0,3.6,28.0
120607,6.0,Cuba,4012,1.0,3.6,28.0
120608,1.0,Venezuela,4037,14.0,70.0,20.0
120608,2.0,Colombia,4010,4.0,20.0,20.0
120608,3.0,México,4024,1.0,5.0,20.0
120608,4.0,Chile,4009,1.0,5.0,20.0
120609,1.0,Venezuela,4037,1.0,50.0,2.0
120609,2.0,San Cristóbal y Nieves,4031,1.0,50.0,2.0
120701,1.0,Venezuela,4037,158.0,74.5,212.0
120701,2.0,Argentina,4002,15.0,7.1,212.0
120701,3.0,Ecuador,4014,9.0,4.2,212.0
120701,4.0,Colombia,4010,7.0,3.3,212.0
120701,5.0,Estados Unidos,4016,4.0,1.9,212.0
120701,6.0,Italia,6016,3.0,1.4,212.0
120702,1.0,Venezuela,4037,22.0,64.7,34.0
120702,2.0,Italia,6016,3.0,8.8,34.0
120702,3.0,Argentina,4002,2.0,5.9,34.0
120702,4.0,Colombia,4010,2.0,5.9,34.0
120702,5.0,Chile,4009,1.0,2.9,34.0
120702,6.0,Alemania,6002,1.0,2.9,34.0
120703,1.0,Venezuela,4037,1.0,100.0,1.0
120704,1.0,Venezuela,4037,5.0,41.7,12.0
120704,2.0,Argentina,4002,3.0,25.0,12.0
120704,3.0,Italia,6016,2.0,16.7,12.0
120704,4.0,Colombia,4010,1.0,8.3,12.0
120704,5.0,Chile,4009,1.0,8.3,12.0
120705,1.0,Argentina,4002,3.0,75.0,4.0
120705,2.0,Bolivia,4006,1.0,25.0,4.0
120706,1.0,Ecuador,4014,3.0,60.0,5.0
120706,2.0,Paraguay,4027,1.0,20.0,5.0
120706,3.0,Venezuela,4037,1.0,20.0,5.0
120707,1.0,Argentina,4002,3.0,50.0,6.0
120707,2.0,Venezuela,4037,1.0,16.7,6.0
120707,3.0,Alemania,6002,1.0,16.7,6.0
120707,4.0,Colombia,4010,1.0,16.7,6.0
120708,1.0,Argentina,4002,1.0,100.0,1.0
120709,1.0,Argentina,4002,1.0,100.0,1.0
120801,1.0,Venezuela,4037,10.0,71.4,14.0
120801,2.0,Argentina,4002,1.0,7.1,14.0
120801,3.0,Estados Unidos,4016,1.0,7.1,14.0
120801,4.0,Ecuador,4014,1.0,7.1,14.0
120801,5.0,Bolivia,4006,1.0,7.1,14.0
120802,1.0,Venezuela,4037,1.0,100.0,1.0
120803,,,,,,0.0
120804,1.0,Argentina,4002,1.0,100.0,1.0
120805,1.0,Venezuela,4037,1.0,100.0,1.0
120806,1.0,Guatemala,4018,1.0,100.0,1.0
120807,,,,,,0.0
120808,1.0,Venezuela,4037,14.0,66.7,21.0
120808,2.0,Argentina,4002,4.0,19.0,21.0
120808,3.0,Bolivia,4006,1.0,4.8,21.0
120808,4.0,Estados Unidos,4016,1.0,4.8,21.0
120808,5.0,Ecuador,4014,1.0,4.8,21.0
120809,,,,,,0.0
120810,1.0,Argentina,4002,4.0,100.0,4.0
120901,1.0,Venezuela,4037,35.0,48.6,72.0
120901,2.0,Argentina,4002,18.0,25.0,72.0
120901,3.0,Estados Unidos,4016,7.0,9.7,72.0
120901,4.0,Brasil,4007,2.0,2.8,72.0
120901,5.0,Italia,6016,2.0,2.8,72.0
120901,6.0,España,6009,2.0,2.8,72.0
120902,1.0,Argentina,4002,9.0,47.4,19.0
120902,2.0,Venezuela,4037,5.0,26.3,19.0
120902,3.0,Chile,4009,2.0,10.5,19.0
120902,4.0,Italia,6016,1.0,5.3,19.0
120902,5.0,China,5008,1.0,5.3,19.0
120902,6.0,Estados Unidos,4016,1.0,5.3,19.0
120903,1.0,Argentina,4002,2.0,22.2,9.0
120903,2.0,Estados Unidos,4016,2.0,22.2,9.0
120903,3.0,Bolivia,4006,2.0,22.2,9.0
120903,4.0,Brasil,4007,1.0,11.1,9.0
120903,5.0,Venezuela,4037,1.0,11.1,9.0
120903,6.0,Uruguay,4036,1.0,11.1,9.0
120904,1.0,Venezuela,4037,3.0,37.5,8.0
120904,2.0,Argentina,4002,2.0,25.0,8.0
120904,3.0,China,5008,2.0,25.0,8.0
120904,4.0,Honduras,4022,1.0,12.5,8.0
120905,1.0,Venezuela,4037,51.0,71.8,71.0
120905,2.0,Colombia,4010,7.0,9.9,71.0
120905,3.0,Argentina,4002,6.0,8.5,71.0
120905,4.0,Bolivia,4006,1.0,1.4,71.0
120905,5.0,Italia,6016,1.0,1.4,71.0
120905,6.0,Estados Unidos,4016,1.0,1.4,71.0
120906,1.0,Venezuela,4037,6.0,54.5,11.0
120906,2.0,Argentina,4002,4.0,36.4,11.0
120906,3.0,Japón,5020,1.0,9.1,11.0
120907,1.0,Argentina,4002,4.0,80.0,5.0
120907,2.0,Estados Unidos,4016,1.0,20.0,5.0
120908,1.0,Venezuela,4037,13.0,72.2,18.0
120908,2.0,Estados Unidos,4016,2.0,11.1,18.0
120908,3.0,Argentina,4002,2.0,11.1,18.0
120908,4.0,Colombia,4010,1.0,5.6,18.0
120909,,,,,,0.0
130101,1.0,Venezuela,4037,22615.0,90.2,25067.0
130101,2.0,Argentina,4002,653.0,2.6,25067.0
130101,3.0,Colombia,4010,425.0,1.7,25067.0
130101,4.0,Chile,4009,339.0,1.4,25067.0
130101,5.0,España,6009,239.0,1.0,25067.0
130101,6.0,Japón,5020,130.0,0.5,25067.0
130102,1.0,Venezuela,4037,1800.0,79.6,2261.0
130102,2.0,Argentina,4002,161.0,7.1,2261.0
130102,3.0,Chile,4009,161.0,7.1,2261.0
130102,4.0,Colombia,4010,40.0,1.8,2261.0
130102,5.0,Ecuador,4014,38.0,1.7,2261.0
130102,6.0,España,6009,22.0,1.0,2261.0
130103,1.0,Venezuela,4037,2015.0,89.2,2259.0
130103,2.0,Argentina,4002,101.0,4.5,2259.0
130103,3.0,Chile,4009,92.0,4.1,2259.0
130103,4.0,Ecuador,4014,14.0,0.6,2259.0
130103,5.0,Colombia,4010,14.0,0.6,2259.0
130103,6.0,España,6009,8.0,0.4,2259.0
130104,1.0,Venezuela,4037,4276.0,85.1,5026.0
130104,2.0,Colombia,4010,179.0,3.6,5026.0
130104,3.0,Chile,4009,159.0,3.2,5026.0
130104,4.0,Argentina,4002,149.0,3.0,5026.0
130104,5.0,Ecuador,4014,81.0,1.6,5026.0
130104,6.0,Estados Unidos,4016,30.0,0.6,5026.0
130105,1.0,Venezuela,4037,5888.0,84.1,7004.0
130105,2.0,Argentina,4002,370.0,5.3,7004.0
130105,3.0,Chile,4009,365.0,5.2,7004.0
130105,4.0,Colombia,4010,160.0,2.3,7004.0
130105,5.0,Ecuador,4014,57.0,0.8,7004.0
130105,6.0,España,6009,26.0,0.4,7004.0
130106,1.0,Venezuela,4037,637.0,65.5,972.0
130106,2.0,Argentina,4002,148.0,15.2,972.0
130106,3.0,Chile,4009,70.0,7.2,972.0
130106,4.0,Colombia,4010,61.0,6.3,972.0
130106,5.0,Italia,6016,12.0,1.2,972.0
130106,6.0,España,6009,10.0,1.0,972.0
130107,1.0,Venezuela,4037,1240.0,83.4,1486.0
130107,2.0,Argentina,4002,79.0,5.3,1486.0
130107,3.0,Chile,4009,58.0,3.9,1486.0
130107,4.0,Colombia,4010,23.0,1.5,1486.0
130107,5.0,España,6009,21.0,1.4,1486.0
130107,6.0,Ecuador,4014,13.0,0.9,1486.0
130108,1.0,Venezuela,4037,16.0,72.7,22.0
130108,2.0,Colombia,4010,2.0,9.1,22.0
130108,3.0,Argentina,4002,2.0,9.1,22.0
130108,4.0,Chile,4009,1.0,4.5,22.0
130108,5.0,Estados Unidos,4016,1.0,4.5,22.0
130109,1.0,Venezuela,4037,2068.0,91.0,2273.0
130109,2.0,Chile,4009,52.0,2.3,2273.0
130109,3.0,Argentina,4002,46.0,2.0,2273.0
130109,4.0,Colombia,4010,46.0,2.0,2273.0
130109,5.0,Eslovenia,6042,11.0,0.5,2273.0
130109,6.0,Ecuador,4014,11.0,0.5,2273.0
130110,1.0,Venezuela,4037,31.0,63.3,49.0
130110,2.0,España,6009,5.0,10.2,49.0
130110,3.0,Argentina,4002,4.0,8.2,49.0
130110,4.0,Chile,4009,4.0,8.2,49.0
130110,5.0,Ecuador,4014,3.0,6.1,49.0
130110,6.0,Bolivia,4006,1.0,2.0,49.0
130111,1.0,Venezuela,4037,5059.0,84.9,5958.0
130111,2.0,Argentina,4002,188.0,3.2,5958.0
130111,3.0,Colombia,4010,145.0,2.4,5958.0
130111,4.0,Chile,4009,119.0,2.0,5958.0
130111,5.0,España,6009,78.0,1.3,5958.0
130111,6.0,Estados Unidos,4016,62.0,1.0,5958.0
130112,1.0,Venezuela,4037,298.0,61.7,483.0
130112,2.0,Chile,4009,86.0,17.8,483.0
130112,3.0,Argentina,4002,46.0,9.5,483.0
130112,4.0,Ecuador,4014,16.0,3.3,483.0
130112,5.0,Colombia,4010,12.0,2.5,483.0
130112,6.0,Bolivia,4006,9.0,1.9,483.0
130201,1.0,Chile,4009,24.0,27.3,88.0
130201,2.0,Argentina,4002,22.0,25.0,88.0
130201,3.0,Venezuela,4037,21.0,23.9,88.0
130201,4.0,España,6009,4.0,4.5,88.0
130201,5.0,Ecuador,4014,4.0,4.5,88.0
130201,6.0,Colombia,4010,3.0,3.4,88.0
130202,1.0,Venezuela,4037,55.0,48.7,113.0
130202,2.0,Chile,4009,26.0,23.0,113.0
130202,3.0,Argentina,4002,21.0,18.6,113.0
130202,4.0,Colombia,4010,4.0,3.5,113.0
130202,5.0,España,6009,2.0,1.8,113.0
130202,6.0,Costa Rica,4011,1.0,0.9,113.0
130203,1.0,Venezuela,4037,199.0,75.7,263.0
130203,2.0,Chile,4009,37.0,14.1,263.0
130203,3.0,Argentina,4002,16.0,6.1,263.0
130203,4.0,Colombia,4010,4.0,1.5,263.0
130203,5.0,España,6009,4.0,1.5,263.0
130203,6.0,Ecuador,4014,2.0,0.8,263.0
130204,1.0,Argentina,4002,16.0,41.0,39.0
130204,2.0,Venezuela,4037,9.0,23.1,39.0
130204,3.0,Chile,4009,9.0,23.1,39.0
130204,4.0,España,6009,3.0,7.7,39.0
130204,5.0,Colombia,4010,1.0,2.6,39.0
130204,6.0,Ecuador,4014,1.0,2.6,39.0
130205,1.0,Venezuela,4037,767.0,89.2,860.0
130205,2.0,Chile,4009,44.0,5.1,860.0
130205,3.0,Argentina,4002,20.0,2.3,860.0
130205,4.0,Ecuador,4014,10.0,1.2,860.0
130205,5.0,Colombia,4010,9.0,1.0,860.0
130205,6.0,República Dominicana,4030,2.0,0.2,860.0
130206,1.0,Venezuela,4037,200.0,76.0,263.0
130206,2.0,Chile,4009,33.0,12.5,263.0
130206,3.0,Argentina,4002,15.0,5.7,263.0
130206,4.0,Estados Unidos,4016,6.0,2.3,263.0
130206,5.0,Japón,5020,3.0,1.1,263.0
130206,6.0,Ecuador,4014,1.0,0.4,263.0
130207,1.0,Venezuela,4037,180.0,68.4,263.0
130207,2.0,Chile,4009,42.0,16.0,263.0
130207,3.0,Argentina,4002,23.0,8.7,263.0
130207,4.0,Ecuador,4014,4.0,1.5,263.0
130207,5.0,Colombia,4010,4.0,1.5,263.0
130207,6.0,España,6009,4.0,1.5,263.0
130208,1.0,Venezuela,4037,178.0,54.3,328.0
130208,2.0,Chile,4009,68.0,20.7,328.0
130208,3.0,Argentina,4002,39.0,11.9,328.0
130208,4.0,España,6009,11.0,3.4,328.0
130208,5.0,Ecuador,4014,10.0,3.0,328.0
130208,6.0,Bolivia,4006,6.0,1.8,328.0
130301,1.0,Argentina,4002,1.0,33.3,3.0
130301,2.0,Bolivia,4006,1.0,33.3,3.0
130301,3.0,Venezuela,4037,1.0,33.3,3.0
130302,1.0,Venezuela,4037,1.0,100.0,1.0
130303,1.0,Venezuela,4037,1.0,100.0,1.0
130304,1.0,Chile,4009,2.0,100.0,2.0
130305,1.0,Chile,4009,1.0,50.0,2.0
130305,2.0,Argentina,4002,1.0,50.0,2.0
130306,,,,,,0.0
130401,1.0,Venezuela,4037,1188.0,88.5,1342.0
130401,2.0,Chile,4009,55.0,4.1,1342.0
130401,3.0,Colombia,4010,44.0,3.3,1342.0
130401,4.0,Argentina,4002,22.0,1.6,1342.0
130401,5.0,Ecuador,4014,10.0,0.7,1342.0
130401,6.0,Brasil,4007,5.0,0.4,1342.0
130402,1.0,Venezuela,4037,336.0,88.0,382.0
130402,2.0,Ecuador,4014,10.0,2.6,382.0
130402,3.0,Bolivia,4006,9.0,2.4,382.0
130402,4.0,Argentina,4002,8.0,2.1,382.0
130402,5.0,Colombia,4010,7.0,1.8,382.0
130402,6.0,Chile,4009,5.0,1.3,382.0
130403,1.0,Venezuela,4037,32.0,64.0,50.0
130403,2.0,Chile,4009,5.0,10.0,50.0
130403,3.0,Ecuador,4014,4.0,8.0,50.0
130403,4.0,Colombia,4010,3.0,6.0,50.0
130403,5.0,Argentina,4002,2.0,4.0,50.0
130403,6.0,Japón,5020,1.0,2.0,50.0
130501,1.0,Venezuela,4037,2.0,50.0,4.0
130501,2.0,España,6009,1.0,25.0,4.0
130501,3.0,Chile,4009,1.0,25.0,4.0
130502,,,,,,0.0
130503,1.0,Suiza,6029,1.0,100.0,1.0
130504,,,,,,0.0
130601,1.0,Argentina,4002,4.0,28.6,14.0
130601,2.0,Venezuela,4037,4.0,28.6,14.0
130601,3.0,Chile,4009,3.0,21.4,14.0
130601,4.0,Rusia,6038,1.0,7.1,14.0
130601,5.0,Bolivia,4006,1.0,7.1,14.0
130601,6.0,Italia,6016,1.0,7.1,14.0
130602,,,,,,0.0
130604,1.0,Venezuela,4037,4.0,100.0,4.0
130605,1.0,Venezuela,4037,14.0,100.0,14.0
130606,,,,,,0.0
130608,1.0,Chile,4009,1.0,100.0,1.0
130610,,,,,,0.0
130611,1.0,Estados Unidos,4016,1.0,100.0,1.0
130613,1.0,Argentina,4002,3.0,100.0,3.0
130614,1.0,Venezuela,4037,6.0,60.0,10.0
130614,2.0,Chile,4009,2.0,20.0,10.0
130614,3.0,Colombia,4010,1.0,10.0,10.0
130614,4.0,Inglaterra,6063,1.0,10.0,10.0
130701,1.0,Venezuela,4037,215.0,83.0,259.0
130701,2.0,Colombia,4010,10.0,3.9,259.0
130701,3.0,Chile,4009,5.0,1.9,259.0
130701,4.0,España,6009,5.0,1.9,259.0
130701,5.0,Alemania,6002,4.0,1.5,259.0
130701,6.0,Argentina,4002,4.0,1.5,259.0
130702,1.0,Venezuela,4037,451.0,77.2,584.0
130702,2.0,Chile,4009,52.0,8.9,584.0
130702,3.0,Colombia,4010,28.0,4.8,584.0
130702,4.0,Ecuador,4014,17.0,2.9,584.0
130702,5.0,Argentina,4002,15.0,2.6,584.0
130702,6.0,Brasil,4007,5.0,0.9,584.0
130703,1.0,Venezuela,4037,11.0,44.0,25.0
130703,2.0,Ecuador,4014,7.0,28.0,25.0
130703,3.0,Estados Unidos,4016,3.0,12.0,25.0
130703,4.0,Panamá,4026,2.0,8.0,25.0
130703,5.0,Colombia,4010,1.0,4.0,25.0
130703,6.0,México,4024,1.0,4.0,25.0
130704,1.0,Venezuela,4037,739.0,80.9,914.0
130704,2.0,Colombia,4010,50.0,5.5,914.0
130704,3.0,Chile,4009,34.0,3.7,914.0
130704,4.0,Argentina,4002,33.0,3.6,914.0
130704,5.0,Ecuador,4014,16.0,1.8,914.0
130704,6.0,Brasil,4007,7.0,0.8,914.0
130705,1.0,Venezuela,4037,34.0,50.0,68.0
130705,2.0,Ecuador,4014,12.0,17.6,68.0
130705,3.0,Chile,4009,11.0,16.2,68.0
130705,4.0,Argentina,4002,3.0,4.4,68.0
130705,5.0,Colombia,4010,3.0,4.4,68.0
130705,6.0,Kenia,3022,1.0,1.5,68.0
130801,1.0,Venezuela,4037,22.0,100.0,22.0
130802,1.0,Venezuela,4037,5.0,100.0,5.0
130803,1.0,Venezuela,4037,6.0,54.5,11.0
130803,2.0,Colombia,4010,2.0,18.2,11.0
130803,3.0,Chile,4009,2.0,18.2,11.0
130803,4.0,Argentina,4002,1.0,9.1,11.0
130804,1.0,Ecuador,4014,1.0,100.0,1.0
130805,1.0,Colombia,4010,2.0,100.0,2.0
130806,,,,,,0.0
130807,1.0,Colombia,4010,1.0,100.0,1.0
130808,1.0,Venezuela,4037,115.0,88.5,130.0
130808,2.0,Colombia,4010,8.0,6.2,130.0
130808,3.0,Chile,4009,3.0,2.3,130.0
130808,4.0,Argentina,4002,1.0,0.8,130.0
130808,5.0,Brasil,4007,1.0,0.8,130.0
130808,6.0,Bolivia,4006,1.0,0.8,130.0
130809,1.0,Venezuela,4037,112.0,87.5,128.0
130809,2.0,Colombia,4010,15.0,11.7,128.0
130809,3.0,Chile,4009,1.0,0.8,128.0
130810,1.0,Venezuela,4037,7.0,87.5,8.0
130810,2.0,Colombia,4010,1.0,12.5,8.0
130811,,,,,,0.0
130812,1.0,Chile,4009,1.0,100.0,1.0
130813,,,,,,0.0
130901,1.0,Venezuela,4037,100.0,78.7,127.0
130901,2.0,Argentina,4002,6.0,4.7,127.0
130901,3.0,España,6009,4.0,3.1,127.0
130901,4.0,Chile,4009,4.0,3.1,127.0
130901,5.0,China,5008,3.0,2.4,127.0
130901,6.0,Ecuador,4014,3.0,2.4,127.0
130902,1.0,Venezuela,4037,2.0,66.7,3.0
130902,2.0,Colombia,4010,1.0,33.3,3.0
130903,1.0,Argentina,4002,3.0,60.0,5.0
130903,2.0,Venezuela,4037,2.0,40.0,5.0
130904,,,,,,0.0
130905,,,,,,0.0
130906,1.0,Argentina,4002,1.0,100.0,1.0
130907,1.0,Colombia,4010,1.0,100.0,1.0
130908,,,,,,0.0
131001,1.0,Ecuador,4014,3.0,33.3,9.0
131001,2.0,España,6009,2.0,22.2,9.0
131001,3.0,Brasil,4007,1.0,11.1,9.0
131001,4.0,Venezuela,4037,1.0,11.1,9.0
131001,5.0,Argentina,4002,1.0,11.1,9.0
131001,6.0,Chile,4009,1.0,11.1,9.0
131002,,,,,,0.0
131003,1.0,Chile,4009,3.0,100.0,3.0
131004,1.0,Venezuela,4037,2.0,66.7,3.0
131004,2.0,Ecuador,4014,1.0,33.3,3.0
131005,1.0,Venezuela,4037,5.0,100.0,5.0
131006,1.0,Venezuela,4037,25.0,89.3,28.0
131006,2.0,Colombia,4010,3.0,10.7,28.0
131007,,,,,,0.0
131008,1.0,Chile,4009,1.0,100.0,1.0
131101,1.0,Venezuela,4037,16.0,34.0,47.0
131101,2.0,Chile,4009,10.0,21.3,47.0
131101,3.0,Argentina,4002,8.0,17.0,47.0
131101,4.0,México,4024,3.0,6.4,47.0
131101,5.0,España,6009,3.0,6.4,47.0
131101,6.0,Estados Unidos,4016,3.0,6.4,47.0
131102,,,,,,0.0
131103,1.0,Chile,4009,1.0,100.0,1.0
131104,1.0,Venezuela,4037,3.0,50.0,6.0
131104,2.0,Chile,4009,2.0,33.3,6.0
131104,3.0,Colombia,4010,1.0,16.7,6.0
131201,1.0,Venezuela,4037,934.0,79.8,1170.0
131201,2.0,Chile,4009,104.0,8.9,1170.0
131201,3.0,Argentina,4002,85.0,7.3,1170.0
131201,4.0,Colombia,4010,11.0,0.9,1170.0
131201,5.0,Bolivia,4006,7.0,0.6,1170.0
131201,6.0,Ecuador,4014,6.0,0.5,1170.0
131202,1.0,Venezuela,4037,744.0,88.7,839.0
131202,2.0,Chile,4009,35.0,4.2,839.0
131202,3.0,Colombia,4010,18.0,2.1,839.0
131202,4.0,Argentina,4002,16.0,1.9,839.0
131202,5.0,Ecuador,4014,8.0,1.0,839.0
131202,6.0,Bolivia,4006,6.0,0.7,839.0
131203,1.0,Venezuela,4037,28.0,52.8,53.0
131203,2.0,Chile,4009,18.0,34.0,53.0
131203,3.0,Argentina,4002,4.0,7.5,53.0
131203,4.0,Colombia,4010,2.0,3.8,53.0
131203,5.0,Eslovenia,6042,1.0,1.9,53.0
140101,1.0,Venezuela,4037,6151.0,83.2,7392.0
140101,2.0,Colombia,4010,307.0,4.2,7392.0
140101,3.0,Ecuador,4014,223.0,3.0,7392.0
140101,4.0,Argentina,4002,205.0,2.8,7392.0
140101,5.0,Chile,4009,100.0,1.4,7392.0
140101,6.0,España,6009,57.0,0.8,7392.0
140102,1.0,Argentina,4002,11.0,30.6,36.0
140102,2.0,Venezuela,4037,10.0,27.8,36.0
140102,3.0,Ecuador,4014,7.0,19.4,36.0
140102,4.0,México,4024,4.0,11.1,36.0
140102,5.0,Chile,4009,2.0,5.6,36.0
140102,6.0,Estados Unidos,4016,1.0,2.8,36.0
140103,1.0,Venezuela,4037,196.0,93.3,210.0
140103,2.0,Colombia,4010,4.0,1.9,210.0
140103,3.0,Bolivia,4006,3.0,1.4,210.0
140103,4.0,Ecuador,4014,2.0,1.0,210.0
140103,5.0,Argentina,4002,2.0,1.0,210.0
140103,6.0,Estados Unidos,4016,2.0,1.0,210.0
140104,1.0,Venezuela,4037,61.0,85.9,71.0
140104,2.0,Brasil,4007,4.0,5.6,71.0
140104,3.0,Colombia,4010,1.0,1.4,71.0
140104,4.0,Canadá,4008,1.0,1.4,71.0
140104,5.0,Chile,4009,1.0,1.4,71.0
140104,6.0,Estados Unidos,4016,1.0,1.4,71.0
140105,1.0,Venezuela,4037,4437.0,92.8,4782.0
140105,2.0,Ecuador,4014,122.0,2.6,4782.0
140105,3.0,Colombia,4010,60.0,1.3,4782.0
140105,4.0,Argentina,4002,52.0,1.1,4782.0
140105,5.0,Chile,4009,39.0,0.8,4782.0
140105,6.0,España,6009,15.0,0.3,4782.0
140106,1.0,Venezuela,4037,2594.0,83.7,3101.0
140106,2.0,Colombia,4010,211.0,6.8,3101.0
140106,3.0,Ecuador,4014,102.0,3.3,3101.0
140106,4.0,Argentina,4002,64.0,2.1,3101.0
140106,5.0,Chile,4009,28.0,0.9,3101.0
140106,6.0,España,6009,15.0,0.5,3101.0
140107,1.0,Venezuela,4037,95.0,69.3,137.0
140107,2.0,Ecuador,4014,11.0,8.0,137.0
140107,3.0,Argentina,4002,11.0,8.0,137.0
140107,4.0,Colombia,4010,8.0,5.8,137.0
140107,5.0,Chile,4009,7.0,5.1,137.0
140107,6.0,España,6009,4.0,2.9,137.0
140108,1.0,Venezuela,4037,408.0,84.5,483.0
140108,2.0,Argentina,4002,28.0,5.8,483.0
140108,3.0,Colombia,4010,12.0,2.5,483.0
140108,4.0,Chile,4009,10.0,2.1,483.0
140108,5.0,Ecuador,4014,6.0,1.2,483.0
140108,6.0,Bolivia,4006,4.0,0.8,483.0
140109,1.0,Venezuela,4037,4.0,57.1,7.0
140109,2.0,Ecuador,4014,1.0,14.3,7.0
140109,3.0,Colombia,4010,1.0,14.3,7.0
140109,4.0,Chile,4009,1.0,14.3,7.0
140110,1.0,Venezuela,4037,18.0,75.0,24.0
140110,2.0,Chile,4009,4.0,16.7,24.0
140110,3.0,Argentina,4002,1.0,4.2,24.0
140110,4.0,Estados Unidos,4016,1.0,4.2,24.0
140111,1.0,Venezuela,4037,269.0,85.1,316.0
140111,2.0,Colombia,4010,20.0,6.3,316.0
140111,3.0,Chile,4009,9.0,2.8,316.0
140111,4.0,Argentina,4002,4.0,1.3,316.0
140111,5.0,Ecuador,4014,4.0,1.3,316.0
140111,6.0,Estados Unidos,4016,3.0,0.9,316.0
140112,1.0,Venezuela,4037,818.0,71.8,1140.0
140112,2.0,Colombia,4010,97.0,8.5,1140.0
140112,3.0,Argentina,4002,45.0,3.9,1140.0
140112,4.0,Ecuador,4014,43.0,3.8,1140.0
140112,5.0,Chile,4009,30.0,2.6,1140.0
140112,6.0,Estados Unidos,4016,15.0,1.3,1140.0
140113,1.0,Venezuela,4037,256.0,77.3,331.0
140113,2.0,Argentina,4002,25.0,7.6,331.0
140113,3.0,Ecuador,4014,13.0,3.9,331.0
140113,4.0,Bolivia,4006,12.0,3.6,331.0
140113,5.0,Chile,4009,7.0,2.1,331.0
140113,6.0,Colombia,4010,7.0,2.1,331.0
140114,1.0,Venezuela,4037,55.0,53.4,103.0
140114,2.0,Argentina,4002,29.0,28.2,103.0
140114,3.0,Ecuador,4014,6.0,5.8,103.0
140114,4.0,Chile,4009,3.0,2.9,103.0
140114,5.0,Estados Unidos,4016,2.0,1.9,103.0
140114,6.0,Bolivia,4006,2.0,1.9,103.0
140115,1.0,Venezuela,4037,13.0,39.4,33.0
140115,2.0,Chile,4009,8.0,24.2,33.0
140115,3.0,Argentina,4002,4.0,12.1,33.0
140115,4.0,Ecuador,4014,3.0,9.1,33.0
140115,5.0,España,6009,2.0,6.1,33.0
140115,6.0,Colombia,4010,1.0,3.0,33.0
140116,1.0,Venezuela,4037,42.0,60.9,69.0
140116,2.0,Chile,4009,13.0,18.8,69.0
140116,3.0,Argentina,4002,6.0,8.7,69.0
140116,4.0,Honduras,4022,2.0,2.9,69.0
140116,5.0,España,6009,2.0,2.9,69.0
140116,6.0,Paraguay,4027,1.0,1.4,69.0
140117,1.0,Venezuela,4037,52.0,78.8,66.0
140117,2.0,Ecuador,4014,4.0,6.1,66.0
140117,3.0,Colombia,4010,3.0,4.5,66.0
140117,4.0,Argentina,4002,3.0,4.5,66.0
140117,5.0,Chile,4009,2.0,3.0,66.0
140117,6.0,España,6009,1.0,1.5,66.0
140118,1.0,Venezuela,4037,278.0,81.0,343.0
140118,2.0,Colombia,4010,14.0,4.1,343.0
140118,3.0,Chile,4009,9.0,2.6,343.0
140118,4.0,Ecuador,4014,9.0,2.6,343.0
140118,5.0,Argentina,4002,8.0,2.3,343.0
140118,6.0,Bolivia,4006,8.0,2.3,343.0
140119,1.0,Venezuela,4037,5.0,38.5,13.0
140119,2.0,Ecuador,4014,3.0,23.1,13.0
140119,3.0,Chile,4009,2.0,15.4,13.0
140119,4.0,Colombia,4010,2.0,15.4,13.0
140119,5.0,Italia,6016,1.0,7.7,13.0
140120,1.0,Venezuela,4037,53.0,49.5,107.0
140120,2.0,Ecuador,4014,25.0,23.4,107.0
140120,3.0,Argentina,4002,14.0,13.1,107.0
140120,4.0,Chile,4009,10.0,9.3,107.0
140120,5.0,Uruguay,4036,5.0,4.7,107.0
140201,1.0,Venezuela,4037,75.0,53.6,140.0
140201,2.0,Argentina,4002,24.0,17.1,140.0
140201,3.0,Ecuador,4014,10.0,7.1,140.0
140201,4.0,Chile,4009,8.0,5.7,140.0
140201,5.0,España,6009,5.0,3.6,140.0
140201,6.0,Japón,5020,4.0,2.9,140.0
140202,1.0,Venezuela,4037,1.0,100.0,1.0
140203,1.0,Venezuela,4037,1.0,100.0,1.0
140204,1.0,Venezuela,4037,4.0,80.0,5.0
140204,2.0,Panamá,4026,1.0,20.0,5.0
140205,1.0,Venezuela,4037,34.0,60.7,56.0
140205,2.0,Ecuador,4014,11.0,19.6,56.0
140205,3.0,Argentina,4002,3.0,5.4,56.0
140205,4.0,Chile,4009,3.0,5.4,56.0
140205,5.0,Colombia,4010,2.0,3.6,56.0
140205,6.0,Bolivia,4006,1.0,1.8,56.0
140206,1.0,Venezuela,4037,32.0,55.2,58.0
140206,2.0,Argentina,4002,8.0,13.8,58.0
140206,3.0,Ecuador,4014,6.0,10.3,58.0
140206,4.0,Colombia,4010,5.0,8.6,58.0
140206,5.0,Chile,4009,3.0,5.2,58.0
140206,6.0,Estados Unidos,4016,2.0,3.4,58.0
140301,1.0,Venezuela,4037,1256.0,89.3,1406.0
140301,2.0,Ecuador,4014,32.0,2.3,1406.0
140301,3.0,Chile,4009,29.0,2.1,1406.0
140301,4.0,Argentina,4002,20.0,1.4,1406.0
140301,5.0,Colombia,4010,17.0,1.2,1406.0
140301,6.0,Japón,5020,9.0,0.6,1406.0
140302,1.0,Brasil,4007,1.0,33.3,3.0
140302,2.0,Ecuador,4014,1.0,33.3,3.0
140302,3.0,Venezuela,4037,1.0,33.3,3.0
140303,1.0,Venezuela,4037,23.0,60.5,38.0
140303,2.0,Colombia,4010,4.0,10.5,38.0
140303,3.0,Argentina,4002,4.0,10.5,38.0
140303,4.0,Ecuador,4014,3.0,7.9,38.0
140303,5.0,Chile,4009,3.0,7.9,38.0
140303,6.0,Suiza,6029,1.0,2.6,38.0
140304,1.0,Venezuela,4037,197.0,78.2,252.0
140304,2.0,Ecuador,4014,17.0,6.7,252.0
140304,3.0,Chile,4009,12.0,4.8,252.0
140304,4.0,Colombia,4010,10.0,4.0,252.0
140304,5.0,Argentina,4002,9.0,3.6,252.0
140304,6.0,Uruguay,4036,4.0,1.6,252.0
140305,1.0,Venezuela,4037,21.0,56.8,37.0
140305,2.0,Colombia,4010,8.0,21.6,37.0
140305,3.0,Ecuador,4014,2.0,5.4,37.0
140305,4.0,Argentina,4002,2.0,5.4,37.0
140305,5.0,Argelia,3002,1.0,2.7,37.0
140305,6.0,Chile,4009,1.0,2.7,37.0
140306,1.0,Venezuela,4037,32.0,62.7,51.0
140306,2.0,Ecuador,4014,7.0,13.7,51.0
140306,3.0,Colombia,4010,5.0,9.8,51.0
140306,4.0,Chile,4009,3.0,5.9,51.0
140306,5.0,Bolivia,4006,2.0,3.9,51.0
140306,6.0,Argentina,4002,2.0,3.9,51.0
140307,1.0,Venezuela,4037,140.0,75.7,185.0
140307,2.0,Argentina,4002,17.0,9.2,185.0
140307,3.0,Colombia,4010,11.0,5.9,185.0
140307,4.0,Ecuador,4014,10.0,5.4,185.0
140307,5.0,Chile,4009,6.0,3.2,185.0
140307,6.0,Estados Unidos,4016,1.0,0.5,185.0
140308,1.0,Venezuela,4037,228.0,80.0,285.0
140308,2.0,Ecuador,4014,20.0,7.0,285.0
140308,3.0,Colombia,4010,14.0,4.9,285.0
140308,4.0,Argentina,4002,8.0,2.8,285.0
140308,5.0,Chile,4009,5.0,1.8,285.0
140308,6.0,España,6009,2.0,0.7,285.0
140309,1.0,Venezuela,4037,10.0,40.0,25.0
140309,2.0,Ecuador,4014,5.0,20.0,25.0
140309,3.0,Argentina,4002,4.0,16.0,25.0
140309,4.0,Suiza,6029,2.0,8.0,25.0
140309,5.0,Bélgica,6005,2.0,8.0,25.0
140309,6.0,Bolivia,4006,1.0,4.0,25.0
140310,1.0,Venezuela,4037,7.0,41.2,17.0
140310,2.0,Brasil,4007,4.0,23.5,17.0
140310,3.0,Chile,4009,2.0,11.8,17.0
140310,4.0,Argentina,4002,1.0,5.9,17.0
140310,5.0,Polonia,6023,1.0,5.9,17.0
140310,6.0,Ecuador,4014,1.0,5.9,17.0
140311,1.0,Venezuela,4037,137.0,86.7,158.0
140311,2.0,Ecuador,4014,7.0,4.4,158.0
140311,3.0,Colombia,4010,6.0,3.8,158.0
140311,4.0,Argentina,4002,2.0,1.3,158.0
140311,5.0,Brasil,4007,2.0,1.3,158.0
140311,6.0,Chile,4009,2.0,1.3,158.0
140312,1.0,Venezuela,4037,44.0,67.7,65.0
140312,2.0,Argentina,4002,8.0,12.3,65.0
140312,3.0,Ecuador,4014,5.0,7.7,65.0
140312,4.0,Chile,4009,4.0,6.2,65.0
140312,5.0,México,4024,1.0,1.5,65.0
140312,6.0,Uruguay,4036,1.0,1.5,65.0
150101,1.0,Venezuela,4037,24164.0,92.5,26118.0
150101,2.0,Colombia,4010,355.0,1.4,26118.0
150101,3.0,Argentina,4002,251.0,1.0,26118.0
150101,4.0,China,5008,235.0,0.9,26118.0
150101,5.0,Cuba,4012,119.0,0.5,26118.0
150101,6.0,Chile,4009,111.0,0.4,26118.0
150102,1.0,Venezuela,4037,1500.0,77.2,1942.0
150102,2.0,Colombia,4010,118.0,6.1,1942.0
150102,3.0,Argentina,4002,98.0,5.0,1942.0
150102,4.0,Ecuador,4014,42.0,2.2,1942.0
150102,5.0,Chile,4009,40.0,2.1,1942.0
150102,6.0,México,4024,26.0,1.3,1942.0
150103,1.0,Venezuela,4037,42052.0,94.7,44426.0
150103,2.0,Argentina,4002,513.0,1.2,44426.0
150103,3.0,Colombia,4010,447.0,1.0,44426.0
150103,4.0,Bolivia,4006,167.0,0.4,44426.0
150103,5.0,Ecuador,4014,151.0,0.3,44426.0
150103,6.0,Chile,4009,142.0,0.3,44426.0
150104,1.0,Venezuela,4037,2647.0,63.2,4190.0
150104,2.0,Colombia,4010,210.0,5.0,4190.0
150104,3.0,Estados Unidos,4016,171.0,4.1,4190.0
150104,4.0,Argentina,4002,161.0,3.8,4190.0
150104,5.0,España,6009,119.0,2.8,4190.0
150104,6.0,Brasil,4007,109.0,2.6,4190.0
150105,1.0,Venezuela,4037,7181.0,89.7,8003.0
150105,2.0,Colombia,4010,119.0,1.5,8003.0
150105,3.0,Argentina,4002,110.0,1.4,8003.0
150105,4.0,Cuba,4012,96.0,1.2,8003.0
150105,5.0,España,6009,54.0,0.7,8003.0
150105,6.0,China,5008,54.0,0.7,8003.0
150106,1.0,Venezuela,4037,10836.0,88.1,12296.0
150106,2.0,Argentina,4002,367.0,3.0,12296.0
150106,3.0,Colombia,4010,296.0,2.4,12296.0
150106,4.0,Chile,4009,145.0,1.2,12296.0
150106,5.0,Bolivia,4006,114.0,0.9,12296.0
150106,6.0,Ecuador,4014,102.0,0.8,12296.0
150107,1.0,Venezuela,4037,1526.0,76.9,1984.0
150107,2.0,Argentina,4002,164.0,8.3,1984.0
150107,3.0,España,6009,40.0,2.0,1984.0
150107,4.0,Colombia,4010,39.0,2.0,1984.0
150107,5.0,Estados Unidos,4016,28.0,1.4,1984.0
150107,6.0,Chile,4009,27.0,1.4,1984.0
150108,1.0,Venezuela,4037,35261.0,93.8,37584.0
150108,2.0,Colombia,4010,651.0,1.7,37584.0
150108,3.0,Argentina,4002,257.0,0.7,37584.0
150108,4.0,Estados Unidos,4016,144.0,0.4,37584.0
150108,5.0,Chile,4009,136.0,0.4,37584.0
150108,6.0,Cuba,4012,130.0,0.3,37584.0
150109,1.0,Venezuela,4037,1162.0,84.9,1369.0
150109,2.0,Colombia,4010,36.0,2.6,1369.0
150109,3.0,Argentina,4002,33.0,2.4,1369.0
150109,4.0,Bolivia,4006,18.0,1.3,1369.0
150109,5.0,Ecuador,4014,16.0,1.2,1369.0
150109,6.0,Estados Unidos,4016,14.0,1.0,1369.0
150110,1.0,Venezuela,4037,29920.0,91.8,32585.0
150110,2.0,Colombia,4010,784.0,2.4,32585.0
150110,3.0,Argentina,4002,541.0,1.7,32585.0
150110,4.0,Chile,4009,248.0,0.8,32585.0
150110,5.0,Ecuador,4014,235.0,0.7,32585.0
150110,6.0,España,6009,106.0,0.3,32585.0
150111,1.0,Venezuela,4037,22700.0,96.4,23554.0
150111,2.0,Colombia,4010,251.0,1.1,23554.0
150111,3.0,Argentina,4002,183.0,0.8,23554.0
150111,4.0,Ecuador,4014,68.0,0.3,23554.0
150111,5.0,Chile,4009,61.0,0.3,23554.0
150111,6.0,Bolivia,4006,38.0,0.2,23554.0
150112,1.0,Venezuela,4037,13409.0,95.2,14079.0
150112,2.0,Argentina,4002,204.0,1.4,14079.0
150112,3.0,Colombia,4010,136.0,1.0,14079.0
150112,4.0,Ecuador,4014,61.0,0.4,14079.0
150112,5.0,Chile,4009,53.0,0.4,14079.0
150112,6.0,Estados Unidos,4016,29.0,0.2,14079.0
150113,1.0,Venezuela,4037,3047.0,63.5,4802.0
150113,2.0,Colombia,4010,230.0,4.8,4802.0
150113,3.0,China,5008,218.0,4.5,4802.0
150113,4.0,Argentina,4002,123.0,2.6,4802.0
150113,5.0,España,6009,110.0,2.3,4802.0
150113,6.0,Estados Unidos,4016,109.0,2.3,4802.0
150114,1.0,Venezuela,4037,5139.0,63.3,8120.0
150114,2.0,Estados Unidos,4016,422.0,5.2,8120.0
150114,3.0,Colombia,4010,300.0,3.7,8120.0
150114,4.0,Chile,4009,293.0,3.6,8120.0
150114,5.0,Argentina,4002,269.0,3.3,8120.0
150114,6.0,España,6009,171.0,2.1,8120.0
150115,1.0,Venezuela,4037,20959.0,95.2,22019.0
150115,2.0,Colombia,4010,231.0,1.0,22019.0
150115,3.0,Argentina,4002,135.0,0.6,22019.0
150115,4.0,China,5008,88.0,0.4,22019.0
150115,5.0,Ecuador,4014,71.0,0.3,22019.0
150115,6.0,Japón,5020,68.0,0.3,22019.0
150116,1.0,Venezuela,4037,3828.0,76.0,5035.0
150116,2.0,Colombia,4010,214.0,4.3,5035.0
150116,3.0,China,5008,160.0,3.2,5035.0
150116,4.0,Argentina,4002,114.0,2.3,5035.0
150116,5.0,Chile,4009,82.0,1.6,5035.0
150116,6.0,Bolivia,4006,63.0,1.3,5035.0
150117,1.0,Venezuela,4037,32100.0,94.1,34102.0
150117,2.0,Colombia,4010,482.0,1.4,34102.0
150117,3.0,Ecuador,4014,281.0,0.8,34102.0
150117,4.0,Argentina,4002,265.0,0.8,34102.0
150117,5.0,Chile,4009,123.0,0.4,34102.0
150117,6.0,España,6009,108.0,0.3,34102.0
150118,1.0,Venezuela,4037,8647.0,87.2,9921.0
150118,2.0,Argentina,4002,406.0,4.1,9921.0
150118,3.0,Colombia,4010,144.0,1.5,9921.0
150118,4.0,Ecuador,4014,114.0,1.1,9921.0
150118,5.0,Brasil,4007,106.0,1.1,9921.0
150118,6.0,Bolivia,4006,91.0,0.9,9921.0
150119,1.0,Venezuela,4037,10458.0,95.0,11014.0
150119,2.0,Colombia,4010,155.0,1.4,11014.0
150119,3.0,Argentina,4002,80.0,0.7,11014.0
150119,4.0,Ecuador,4014,56.0,0.5,11014.0
150119,5.0,Chile,4009,29.0,0.3,11014.0
150119,6.0,España,6009,25.0,0.2,11014.0
150120,1.0,Venezuela,4037,4500.0,72.7,6186.0
150120,2.0,Colombia,4010,230.0,3.7,6186.0
150120,3.0,Argentina,4002,161.0,2.6,6186.0
150120,4.0,Estados Unidos,4016,129.0,2.1,6186.0
150120,5.0,Chile,4009,114.0,1.8,6186.0
150120,6.0,Cuba,4012,105.0,1.7,6186.0
150121,1.0,Venezuela,4037,3196.0,69.2,4621.0
150121,2.0,Japón,5020,163.0,3.5,4621.0
150121,3.0,Colombia,4010,160.0,3.5,4621.0
150121,4.0,China,5008,144.0,3.1,4621.0
150121,5.0,Argentina,4002,142.0,3.1,4621.0
150121,6.0,Estados Unidos,4016,123.0,2.7,4621.0
150122,1.0,Venezuela,4037,6083.0,37.5,16232.0
150122,2.0,Colombia,4010,1299.0,8.0,16232.0
150122,3.0,España,6009,1076.0,6.6,16232.0
150122,4.0,Estados Unidos,4016,1004.0,6.2,16232.0
150122,5.0,Argentina,4002,970.0,6.0,16232.0
150122,6.0,Chile,4009,816.0,5.0,16232.0
150123,1.0,Venezuela,4037,3801.0,92.9,4093.0
150123,2.0,Argentina,4002,59.0,1.4,4093.0
150123,3.0,Colombia,4010,54.0,1.3,4093.0
150123,4.0,Chile,4009,27.0,0.7,4093.0
150123,5.0,Ecuador,4014,27.0,0.7,4093.0
150123,6.0,Bolivia,4006,21.0,0.5,4093.0
150124,1.0,Venezuela,4037,1275.0,93.8,1360.0
150124,2.0,Ecuador,4014,19.0,1.4,1360.0
150124,3.0,Colombia,4010,17.0,1.3,1360.0
150124,4.0,Bolivia,4006,15.0,1.1,1360.0
150124,5.0,Estados Unidos,4016,8.0,0.6,1360.0
150124,6.0,Argentina,4002,6.0,0.4,1360.0
150125,1.0,Venezuela,4037,12724.0,90.6,14037.0
150125,2.0,Colombia,4010,336.0,2.4,14037.0
150125,3.0,Argentina,4002,332.0,2.4,14037.0
150125,4.0,Chile,4009,172.0,1.2,14037.0
150125,5.0,Ecuador,4014,95.0,0.7,14037.0
150125,6.0,Bolivia,4006,80.0,0.6,14037.0
150126,1.0,Venezuela,4037,1184.0,84.3,1404.0
150126,2.0,Colombia,4010,81.0,5.8,1404.0
150126,3.0,Argentina,4002,23.0,1.6,1404.0
150126,4.0,Chile,4009,16.0,1.1,1404.0
150126,5.0,Estados Unidos,4016,15.0,1.1,1404.0
150126,6.0,Brasil,4007,12.0,0.9,1404.0
150127,1.0,Venezuela,4037,515.0,87.3,590.0
150127,2.0,Colombia,4010,15.0,2.5,590.0
150127,3.0,Argentina,4002,13.0,2.2,590.0
150127,4.0,Ecuador,4014,9.0,1.5,590.0
150127,5.0,Chile,4009,7.0,1.2,590.0
150127,6.0,Bolivia,4006,5.0,0.8,590.0
150128,1.0,Venezuela,4037,9150.0,93.1,9833.0
150128,2.0,Argentina,4002,142.0,1.4,9833.0
150128,3.0,Colombia,4010,112.0,1.1,9833.0
150128,4.0,Chile,4009,65.0,0.7,9833.0
150128,5.0,España,6009,48.0,0.5,9833.0
150128,6.0,Ecuador,4014,43.0,0.4,9833.0
150129,1.0,Venezuela,4037,603.0,90.5,666.0
150129,2.0,Argentina,4002,16.0,2.4,666.0
150129,3.0,Chile,4009,11.0,1.7,666.0
150129,4.0,Estados Unidos,4016,10.0,1.5,666.0
150129,5.0,Bolivia,4006,6.0,0.9,666.0
150129,6.0,Suiza,6029,3.0,0.5,666.0
150130,1.0,Venezuela,4037,4030.0,57.1,7058.0
150130,2.0,China,5008,452.0,6.4,7058.0
150130,3.0,Colombia,4010,356.0,5.0,7058.0
150130,4.0,Estados Unidos,4016,295.0,4.2,7058.0
150130,5.0,Chile,4009,241.0,3.4,7058.0
150130,6.0,Argentina,4002,238.0,3.4,7058.0
150131,1.0,Venezuela,4037,2311.0,29.2,7914.0
150131,2.0,Colombia,4010,631.0,8.0,7914.0
150131,3.0,Estados Unidos,4016,547.0,6.9,7914.0
150131,4.0,Argentina,4002,508.0,6.4,7914.0
150131,5.0,España,6009,470.0,5.9,7914.0
150131,6.0,China,5008,445.0,5.6,7914.0
150132,1.0,Venezuela,4037,55741.0,94.5,58956.0
150132,2.0,Argentina,4002,759.0,1.3,58956.0
150132,3.0,Colombia,4010,692.0,1.2,58956.0
150132,4.0,Chile,4009,272.0,0.5,58956.0
150132,5.0,Ecuador,4014,250.0,0.4,58956.0
150132,6.0,Bolivia,4006,204.0,0.3,58956.0
150133,1.0,Venezuela,4037,35500.0,96.0,36977.0
150133,2.0,Argentina,4002,340.0,0.9,36977.0
150133,3.0,Colombia,4010,319.0,0.9,36977.0
150133,4.0,Bolivia,4006,117.0,0.3,36977.0
150133,5.0,Chile,4009,115.0,0.3,36977.0
150133,6.0,Ecuador,4014,86.0,0.2,36977.0
150134,1.0,Venezuela,4037,7244.0,94.8,7643.0
150134,2.0,Colombia,4010,83.0,1.1,7643.0
150134,3.0,Argentina,4002,54.0,0.7,7643.0
150134,4.0,Japón,5020,32.0,0.4,7643.0
150134,5.0,Ecuador,4014,29.0,0.4,7643.0
150134,6.0,Chile,4009,26.0,0.3,7643.0
150135,1.0,Venezuela,4037,74417.0,94.9,78404.0
150135,2.0,Colombia,4010,1012.0,1.3,78404.0
150135,3.0,Ecuador,4014,666.0,0.8,78404.0
150135,4.0,Argentina,4002,588.0,0.7,78404.0
150135,5.0,Chile,4009,296.0,0.4,78404.0
150135,6.0,Cuba,4012,169.0,0.2,78404.0
150136,1.0,Venezuela,4037,15197.0,85.7,17741.0
150136,2.0,Colombia,4010,570.0,3.2,17741.0
150136,3.0,Argentina,4002,225.0,1.3,17741.0
150136,4.0,Estados Unidos,4016,179.0,1.0,17741.0
150136,5.0,China,5008,167.0,0.9,17741.0
150136,6.0,Japón,5020,161.0,0.9,17741.0
150137,1.0,Venezuela,4037,22601.0,96.6,23388.0
150137,2.0,Colombia,4010,188.0,0.8,23388.0
150137,3.0,Argentina,4002,180.0,0.8,23388.0
150137,4.0,Ecuador,4014,53.0,0.2,23388.0
150137,5.0,Chile,4009,50.0,0.2,23388.0
150137,6.0,Italia,6016,48.0,0.2,23388.0
150138,1.0,Venezuela,4037,51.0,83.6,61.0
150138,2.0,Paraguay,4027,2.0,3.3,61.0
150138,3.0,Brasil,4007,1.0,1.6,61.0
150138,4.0,Austria,6004,1.0,1.6,61.0
150138,5.0,Colombia,4010,1.0,1.6,61.0
150138,6.0,Jordania,5021,1.0,1.6,61.0
150139,1.0,Venezuela,4037,346.0,71.5,484.0
150139,2.0,Argentina,4002,33.0,6.8,484.0
150139,3.0,Colombia,4010,26.0,5.4,484.0
150139,4.0,Chile,4009,24.0,5.0,484.0
150139,5.0,Ecuador,4014,13.0,2.7,484.0
150139,6.0,Estados Unidos,4016,7.0,1.4,484.0
150140,1.0,Venezuela,4037,26497.0,76.1,34808.0
150140,2.0,Colombia,4010,1095.0,3.1,34808.0
150140,3.0,Estados Unidos,4016,880.0,2.5,34808.0
150140,4.0,Argentina,4002,776.0,2.2,34808.0
150140,5.0,Chile,4009,679.0,2.0,34808.0
150140,6.0,España,6009,493.0,1.4,34808.0
150141,1.0,Venezuela,4037,10879.0,85.4,12739.0
150141,2.0,Colombia,4010,403.0,3.2,12739.0
150141,3.0,Argentina,4002,182.0,1.4,12739.0
150141,4.0,China,5008,111.0,0.9,12739.0
150141,5.0,Chile,4009,111.0,0.9,12739.0
150141,6.0,Ecuador,4014,105.0,0.8,12739.0
150142,1.0,Venezuela,4037,22901.0,94.5,24243.0
150142,2.0,Colombia,4010,335.0,1.4,24243.0
150142,3.0,Argentina,4002,300.0,1.2,24243.0
150142,4.0,Chile,4009,129.0,0.5,24243.0
150142,5.0,Ecuador,4014,97.0,0.4,24243.0
150142,6.0,Bolivia,4006,71.0,0.3,24243.0
150143,1.0,Venezuela,4037,16379.0,94.5,17336.0
150143,2.0,Argentina,4002,217.0,1.3,17336.0
150143,3.0,Colombia,4010,201.0,1.2,17336.0
150143,4.0,Chile,4009,95.0,0.5,17336.0
150143,5.0,Bolivia,4006,64.0,0.4,17336.0
150143,6.0,Ecuador,4014,58.0,0.3,17336.0
150201,1.0,Venezuela,4037,3179.0,85.7,3708.0
150201,2.0,Chile,4009,205.0,5.5,3708.0
150201,3.0,Argentina,4002,135.0,3.6,3708.0
150201,4.0,Colombia,4010,48.0,1.3,3708.0
150201,5.0,Japón,5020,36.0,1.0,3708.0
150201,6.0,Ecuador,4014,26.0,0.7,3708.0
150202,1.0,Venezuela,4037,123.0,47.3,260.0
150202,2.0,Chile,4009,66.0,25.4,260.0
150202,3.0,Argentina,4002,39.0,15.0,260.0
150202,4.0,Italia,6016,5.0,1.9,260.0
150202,5.0,Colombia,4010,4.0,1.5,260.0
150202,6.0,Ecuador,4014,4.0,1.5,260.0
150203,1.0,Venezuela,4037,123.0,55.2,223.0
150203,2.0,Chile,4009,56.0,25.1,223.0
150203,3.0,Argentina,4002,15.0,6.7,223.0
150203,4.0,Colombia,4010,11.0,4.9,223.0
150203,5.0,Ecuador,4014,8.0,3.6,223.0
150203,6.0,Estados Unidos,4016,2.0,0.9,223.0
150204,1.0,Venezuela,4037,644.0,79.5,810.0
150204,2.0,Chile,4009,80.0,9.9,810.0
150204,3.0,Argentina,4002,35.0,4.3,810.0
150204,4.0,Colombia,4010,20.0,2.5,810.0
150204,5.0,Paraguay,4027,6.0,0.7,810.0
150204,6.0,España,6009,5.0,0.6,810.0
150205,1.0,Venezuela,4037,283.0,69.0,410.0
150205,2.0,Chile,4009,89.0,21.7,410.0
150205,3.0,Argentina,4002,12.0,2.9,410.0
150205,4.0,Ecuador,4014,4.0,1.0,410.0
150205,5.0,España,6009,4.0,1.0,410.0
150205,6.0,Bolivia,4006,3.0,0.7,410.0
150301,1.0,Venezuela,4037,4.0,57.1,7.0
150301,2.0,Ecuador,4014,2.0,28.6,7.0
150301,3.0,Italia,6016,1.0,14.3,7.0
150302,1.0,Chile,4009,1.0,100.0,1.0
150303,1.0,Venezuela,4037,1.0,100.0,1.0
150304,,,,,,0.0
150305,,,,,,0.0
150401,1.0,Venezuela,4037,4.0,57.1,7.0
150401,2.0,Estados Unidos,4016,1.0,14.3,7.0
150401,3.0,Colombia,4010,1.0,14.3,7.0
150401,4.0,Chile,4009,1.0,14.3,7.0
150402,1.0,Estados Unidos,4016,1.0,100.0,1.0
150403,1.0,Venezuela,4037,3.0,100.0,3.0
150404,,,,,,0.0
150405,,,,,,0.0
150406,1.0,Ecuador,4014,3.0,75.0,4.0
150406,2.0,Venezuela,4037,1.0,25.0,4.0
150407,1.0,Venezuela,4037,87.0,92.6,94.0
150407,2.0,República Dominicana,4030,2.0,2.1,94.0
150407,3.0,Argentina,4002,2.0,2.1,94.0
150407,4.0,España,6009,1.0,1.1,94.0
150407,5.0,Ecuador,4014,1.0,1.1,94.0
150407,6.0,Costa Rica,4011,1.0,1.1,94.0
150501,1.0,Venezuela,4037,1427.0,86.0,1660.0
150501,2.0,Colombia,4010,97.0,5.8,1660.0
150501,3.0,Argentina,4002,31.0,1.9,1660.0
150501,4.0,Chile,4009,22.0,1.3,1660.0
150501,5.0,España,6009,13.0,0.8,1660.0
150501,6.0,Japón,5020,10.0,0.6,1660.0
150502,1.0,Venezuela,4037,206.0,93.6,220.0
150502,2.0,Colombia,4010,5.0,2.3,220.0
150502,3.0,Argentina,4002,4.0,1.8,220.0
150502,4.0,Chile,4009,2.0,0.9,220.0
150502,5.0,Bolivia,4006,1.0,0.5,220.0
150502,6.0,Brasil,4007,1.0,0.5,220.0
150503,1.0,Venezuela,4037,3.0,60.0,5.0
150503,2.0,Ecuador,4014,2.0,40.0,5.0
150504,1.0,Venezuela,4037,191.0,78.9,242.0
150504,2.0,Chile,4009,17.0,7.0,242.0
150504,3.0,Argentina,4002,13.0,5.4,242.0
150504,4.0,Colombia,4010,7.0,2.9,242.0
150504,5.0,Estados Unidos,4016,3.0,1.2,242.0
150504,6.0,Ecuador,4014,2.0,0.8,242.0
150505,1.0,Venezuela,4037,1180.0,96.1,1228.0
150505,2.0,Colombia,4010,22.0,1.8,1228.0
150505,3.0,Cuba,4012,7.0,0.6,1228.0
150505,4.0,Ecuador,4014,5.0,0.4,1228.0
150505,5.0,Bolivia,4006,3.0,0.2,1228.0
150505,6.0,Argentina,4002,3.0,0.2,1228.0
150506,1.0,Venezuela,4037,15.0,88.2,17.0
150506,2.0,Colombia,4010,2.0,11.8,17.0
150507,1.0,Venezuela,4037,682.0,93.2,732.0
150507,2.0,Colombia,4010,13.0,1.8,732.0
150507,3.0,Chile,4009,12.0,1.6,732.0
150507,4.0,Argentina,4002,8.0,1.1,732.0
150507,5.0,España,6009,4.0,0.5,732.0
150507,6.0,Japón,5020,4.0,0.5,732.0
150508,1.0,Venezuela,4037,69.0,93.2,74.0
150508,2.0,Brasil,4007,2.0,2.7,74.0
150508,3.0,Cuba,4012,1.0,1.4,74.0
150508,4.0,Canadá,4008,1.0,1.4,74.0
150508,5.0,Argentina,4002,1.0,1.4,74.0
150509,1.0,Venezuela,4037,1227.0,93.7,1310.0
150509,2.0,Colombia,4010,34.0,2.6,1310.0
150509,3.0,Ecuador,4014,10.0,0.8,1310.0
150509,4.0,Argentina,4002,8.0,0.6,1310.0
150509,5.0,Bolivia,4006,8.0,0.6,1310.0
150509,6.0,Chile,4009,5.0,0.4,1310.0
150510,1.0,Venezuela,4037,242.0,77.8,311.0
150510,2.0,Colombia,4010,24.0,7.7,311.0
150510,3.0,Argentina,4002,13.0,4.2,311.0
150510,4.0,España,6009,6.0,1.9,311.0
150510,5.0,Ecuador,4014,6.0,1.9,311.0
150510,6.0,Chile,4009,6.0,1.9,311.0
150511,1.0,Venezuela,4037,4.0,50.0,8.0
150511,2.0,Colombia,4010,3.0,37.5,8.0
150511,3.0,Ecuador,4014,1.0,12.5,8.0
150512,1.0,Venezuela,4037,161.0,89.4,180.0
150512,2.0,Chile,4009,6.0,3.3,180.0
150512,3.0,Italia,6016,4.0,2.2,180.0
150512,4.0,Argentina,4002,3.0,1.7,180.0
150512,5.0,Colombia,4010,3.0,1.7,180.0
150512,6.0,Bolivia,4006,3.0,1.7,180.0
150513,1.0,Venezuela,4037,11.0,45.8,24.0
150513,2.0,Alemania,6002,5.0,20.8,24.0
150513,3.0,Bolivia,4006,2.0,8.3,24.0
150513,4.0,Colombia,4010,2.0,8.3,24.0
150513,5.0,Ecuador,4014,2.0,8.3,24.0
150513,6.0,Chile,4009,1.0,4.2,24.0
150514,1.0,Venezuela,4037,73.0,79.3,92.0
150514,2.0,Ecuador,4014,3.0,3.3,92.0
150514,3.0,Bolivia,4006,3.0,3.3,92.0
150514,4.0,Japón,5020,3.0,3.3,92.0
150514,5.0,Colombia,4010,3.0,3.3,92.0
150514,6.0,Chile,4009,2.0,2.2,92.0
150515,1.0,Venezuela,4037,31.0,81.6,38.0
150515,2.0,Japón,5020,2.0,5.3,38.0
150515,3.0,Estados Unidos,4016,1.0,2.6,38.0
150515,4.0,Chile,4009,1.0,2.6,38.0
150515,5.0,Italia,6016,1.0,2.6,38.0
150515,6.0,Argentina,4002,1.0,2.6,38.0
150516,1.0,Chile,4009,2.0,66.7,3.0
150516,2.0,Bolivia,4006,1.0,33.3,3.0
150601,1.0,Venezuela,4037,3663.0,86.4,4238.0
150601,2.0,Chile,4009,162.0,3.8,4238.0
150601,3.0,Argentina,4002,134.0,3.2,4238.0
150601,4.0,Colombia,4010,72.0,1.7,4238.0
150601,5.0,Japón,5020,51.0,1.2,4238.0
150601,6.0,Ecuador,4014,34.0,0.8,4238.0
150602,1.0,Venezuela,4037,3.0,100.0,3.0
150603,1.0,Venezuela,4037,3.0,100.0,3.0
150604,1.0,Venezuela,4037,495.0,74.9,661.0
150604,2.0,Chile,4009,49.0,7.4,661.0
150604,3.0,Colombia,4010,40.0,6.1,661.0
150604,4.0,Argentina,4002,28.0,4.2,661.0
150604,5.0,Ecuador,4014,7.0,1.1,661.0
150604,6.0,Bolivia,4006,6.0,0.9,661.0
150605,1.0,Venezuela,4037,2493.0,85.5,2916.0
150605,2.0,Chile,4009,126.0,4.3,2916.0
150605,3.0,Argentina,4002,91.0,3.1,2916.0
150605,4.0,Colombia,4010,44.0,1.5,2916.0
150605,5.0,China,5008,34.0,1.2,2916.0
150605,6.0,Japón,5020,33.0,1.1,2916.0
150606,1.0,Cuba,4012,1.0,100.0,1.0
150607,1.0,Venezuela,4037,4.0,50.0,8.0
150607,2.0,Argentina,4002,4.0,50.0,8.0
150608,1.0,Venezuela,4037,10.0,100.0,10.0
150609,1.0,Venezuela,4037,9.0,100.0,9.0
150610,1.0,Venezuela,4037,2.0,100.0,2.0
150611,1.0,Venezuela,4037,1.0,100.0,1.0
150612,,,,,,0.0
150701,1.0,Venezuela,4037,3.0,50.0,6.0
150701,2.0,Italia,6016,1.0,16.7,6.0
150701,3.0,Argentina,4002,1.0,16.7,6.0
150701,4.0,España,6009,1.0,16.7,6.0
150702,1.0,Venezuela,4037,4.0,80.0,5.0
150702,2.0,Chile,4009,1.0,20.0,5.0
150703,1.0,Venezuela,4037,4.0,66.7,6.0
150703,2.0,Chile,4009,1.0,16.7,6.0
150703,3.0,Bolivia,4006,1.0,16.7,6.0
150704,,,,,,0.0
150705,,,,,,0.0
150706,,,,,,0.0
150707,1.0,Argentina,4002,1.0,100.0,1.0
150708,,,,,,0.0
150709,1.0,Venezuela,4037,1.0,100.0,1.0
150710,1.0,Italia,6016,2.0,100.0,2.0
150711,,,,,,0.0
150712,,,,,,0.0
150713,,,,,,0.0
150714,1.0,Venezuela,4037,84.0,67.7,124.0
150714,2.0,Argentina,4002,15.0,12.1,124.0
150714,3.0,Vietnam,5038,6.0,4.8,124.0
150714,4.0,Indonesia,5015,4.0,3.2,124.0
150714,5.0,Colombia,4010,4.0,3.2,124.0
150714,6.0,Estados Unidos,4016,3.0,2.4,124.0
150715,,,,,,0.0
150716,1.0,Venezuela,4037,1.0,100.0,1.0
150717,1.0,Venezuela,4037,3.0,60.0,5.0
150717,2.0,Chile,4009,1.0,20.0,5.0
150717,3.0,Argentina,4002,1.0,20.0,5.0
150718,1.0,Venezuela,4037,2.0,100.0,2.0
150719,1.0,Venezuela,4037,1.0,100.0,1.0
150720,1.0,Bolivia,4006,1.0,100.0,1.0
150721,1.0,España,6009,2.0,66.7,3.0
150721,2.0,Venezuela,4037,1.0,33.3,3.0
150722,,,,,,0.0
150723,1.0,Venezuela,4037,3.0,100.0,3.0
150724,,,,,,0.0
150725,,,,,,0.0
150726,,,,,,0.0
150727,1.0,Venezuela,4037,23.0,88.5,26.0
150727,2.0,Chile,4009,1.0,3.8,26.0
150727,3.0,Colombia,4010,1.0,3.8,26.0
150727,4.0,Argentina,4002,1.0,3.8,26.0
150728,1.0,Venezuela,4037,100.0,65.8,152.0
150728,2.0,Argentina,4002,28.0,18.4,152.0
150728,3.0,Bolivia,4006,5.0,3.3,152.0
150728,4.0,España,6009,4.0,2.6,152.0
150728,5.0,Italia,6016,3.0,2.0,152.0
150728,6.0,Estados Unidos,4016,2.0,1.3,152.0
150729,,,,,,0.0
150730,,,,,,0.0
150731,1.0,Venezuela,4037,1.0,100.0,1.0
150732,1.0,Argentina,4002,2.0,40.0,5.0
150732,2.0,Venezuela,4037,2.0,40.0,5.0
150732,3.0,Bolivia,4006,1.0,20.0,5.0
150801,1.0,Venezuela,4037,2680.0,85.2,3145.0
150801,2.0,Chile,4009,115.0,3.7,3145.0
150801,3.0,Argentina,4002,91.0,2.9,3145.0
150801,4.0,Colombia,4010,85.0,2.7,3145.0
150801,5.0,Japón,5020,40.0,1.3,3145.0
150801,6.0,Ecuador,4014,19.0,0.6,3145.0
150802,,,,,,0.0
150803,1.0,Venezuela,4037,389.0,82.4,472.0
150803,2.0,Chile,4009,29.0,6.1,472.0
150803,3.0,Colombia,4010,21.0,4.4,472.0
150803,4.0,Argentina,4002,20.0,4.2,472.0
150803,5.0,Ecuador,4014,4.0,0.8,472.0
150803,6.0,Brasil,4007,3.0,0.6,472.0
150804,1.0,Alemania,6002,1.0,100.0,1.0
150805,1.0,Venezuela,4037,1059.0,86.2,1229.0
150805,2.0,Chile,4009,54.0,4.4,1229.0
150805,3.0,Argentina,4002,42.0,3.4,1229.0
150805,4.0,Colombia,4010,29.0,2.4,1229.0
150805,5.0,España,6009,10.0,0.8,1229.0
150805,6.0,Japón,5020,7.0,0.6,1229.0
150806,1.0,Venezuela,4037,600.0,80.8,743.0
150806,2.0,Chile,4009,64.0,8.6,743.0
150806,3.0,Argentina,4002,30.0,4.0,743.0
150806,4.0,Colombia,4010,12.0,1.6,743.0
150806,5.0,Bolivia,4006,7.0,0.9,743.0
150806,6.0,Japón,5020,6.0,0.8,743.0
150807,1.0,Chile,4009,1.0,100.0,1.0
150808,1.0,Chile,4009,1.0,100.0,1.0
150809,1.0,Italia,6016,2.0,100.0,2.0
150810,1.0,Venezuela,4037,815.0,81.6,999.0
150810,2.0,Chile,4009,50.0,5.0,999.0
150810,3.0,Argentina,4002,36.0,3.6,999.0
150810,4.0,Colombia,4010,30.0,3.0,999.0
150810,5.0,Ecuador,4014,16.0,1.6,999.0
150810,6.0,Italia,6016,9.0,0.9,999.0
150811,1.0,Venezuela,4037,272.0,81.7,333.0
150811,2.0,Chile,4009,20.0,6.0,333.0
150811,3.0,Argentina,4002,18.0,5.4,333.0
150811,4.0,Colombia,4010,7.0,2.1,333.0
150811,5.0,India,5014,4.0,1.2,333.0
150811,6.0,Japón,5020,3.0,0.9,333.0
150812,1.0,Venezuela,4037,262.0,74.4,352.0
150812,2.0,Chile,4009,26.0,7.4,352.0
150812,3.0,Argentina,4002,19.0,5.4,352.0
150812,4.0,Ecuador,4014,12.0,3.4,352.0
150812,5.0,Estados Unidos,4016,8.0,2.3,352.0
150812,6.0,Colombia,4010,7.0,2.0,352.0
150901,1.0,Venezuela,4037,10.0,83.3,12.0
150901,2.0,Colombia,4010,2.0,16.7,12.0
150902,,,,,,0.0
150903,1.0,Bolivia,4006,1.0,50.0,2.0
150903,2.0,Chile,4009,1.0,50.0,2.0
150904,,,,,,0.0
150905,1.0,Argentina,4002,2.0,50.0,4.0
150905,2.0,Venezuela,4037,2.0,50.0,4.0
150906,1.0,Venezuela,4037,58.0,100.0,58.0
151001,1.0,Venezuela,4037,1.0,100.0,1.0
151002,,,,,,0.0
151003,1.0,Chile,4009,1.0,50.0,2.0
151003,2.0,Venezuela,4037,1.0,50.0,2.0
151004,,,,,,0.0
151005,,,,,,0.0
151006,,,,,,0.0
151007,,,,,,0.0
151008,,,,,,0.0
151009,1.0,Venezuela,4037,3.0,100.0,3.0
151010,,,,,,0.0
151011,,,,,,0.0
151012,,,,,,0.0
151013,,,,,,0.0
151014,,,,,,0.0
151015,,,,,,0.0
151016,,,,,,0.0
151017,,,,,,0.0
151018,,,,,,0.0
151019,,,,,,0.0
151020,,,,,,0.0
151021,,,,,,0.0
151022,,,,,,0.0
151023,,,,,,0.0
151024,,,,,,0.0
151025,,,,,,0.0
151026,,,,,,0.0
151027,,,,,,0.0
151028,,,,,,0.0
151029,,,,,,0.0
151030,,,,,,0.0
151031,,,,,,0.0
151032,,,,,,0.0
151033,,,,,,0.0
160101,1.0,Venezuela,4037,794.0,55.2,1438.0
160101,2.0,Colombia,4010,330.0,22.9,1438.0
160101,3.0,Brasil,4007,111.0,7.7,1438.0
160101,4.0,Estados Unidos,4016,27.0,1.9,1438.0
160101,5.0,China,5008,26.0,1.8,1438.0
160101,6.0,Cuba,4012,22.0,1.5,1438.0
160102,1.0,Colombia,4010,15.0,68.2,22.0
160102,2.0,Venezuela,4037,5.0,22.7,22.0
160102,3.0,Brasil,4007,2.0,9.1,22.0
160103,1.0,Brasil,4007,6.0,24.0,25.0
160103,2.0,Colombia,4010,4.0,16.0,25.0
160103,3.0,Ecuador,4014,3.0,12.0,25.0
160103,4.0,Estados Unidos,4016,2.0,8.0,25.0
160103,5.0,España,6009,2.0,8.0,25.0
160103,6.0,Venezuela,4037,2.0,8.0,25.0
160104,1.0,Colombia,4010,19.0,50.0,38.0
160104,2.0,Brasil,4007,9.0,23.7,38.0
160104,3.0,México,4024,2.0,5.3,38.0
160104,4.0,Ecuador,4014,2.0,5.3,38.0
160104,5.0,Chile,4009,2.0,5.3,38.0
160104,6.0,Canadá,4008,1.0,2.6,38.0
160105,1.0,Brasil,4007,4.0,66.7,6.0
160105,2.0,Ecuador,4014,1.0,16.7,6.0
160105,3.0,Colombia,4010,1.0,16.7,6.0
160106,1.0,Colombia,4010,21.0,70.0,30.0
160106,2.0,Brasil,4007,5.0,16.7,30.0
160106,3.0,India,5014,3.0,10.0,30.0
160106,4.0,Ecuador,4014,1.0,3.3,30.0
160107,1.0,Colombia,4010,7.0,41.2,17.0
160107,2.0,México,4024,5.0,29.4,17.0
160107,3.0,Ecuador,4014,2.0,11.8,17.0
160107,4.0,Francia,6011,1.0,5.9,17.0
160107,5.0,Venezuela,4037,1.0,5.9,17.0
160107,6.0,Brasil,4007,1.0,5.9,17.0
160108,1.0,Colombia,4010,201.0,38.4,523.0
160108,2.0,Venezuela,4037,159.0,30.4,523.0
160108,3.0,Brasil,4007,102.0,19.5,523.0
160108,4.0,Cuba,4012,9.0,1.7,523.0
160108,5.0,Ecuador,4014,8.0,1.5,523.0
160108,6.0,Estados Unidos,4016,8.0,1.5,523.0
160110,1.0,Ecuador,4014,13.0,61.9,21.0
160110,2.0,Colombia,4010,6.0,28.6,21.0
160110,3.0,Venezuela,4037,2.0,9.5,21.0
160112,1.0,Colombia,4010,198.0,40.9,484.0
160112,2.0,Venezuela,4037,154.0,31.8,484.0
160112,3.0,Brasil,4007,73.0,15.1,484.0
160112,4.0,Ecuador,4014,16.0,3.3,484.0
160112,5.0,China,5008,12.0,2.5,484.0
160112,6.0,Argentina,4002,7.0,1.4,484.0
160113,1.0,Colombia,4010,420.0,37.9,1107.0
160113,2.0,Venezuela,4037,361.0,32.6,1107.0
160113,3.0,Brasil,4007,172.0,15.5,1107.0
160113,4.0,Estados Unidos,4016,27.0,2.4,1107.0
160113,5.0,Ecuador,4014,22.0,2.0,1107.0
160113,6.0,España,6009,12.0,1.1,1107.0
160201,1.0,Venezuela,4037,253.0,52.2,485.0
160201,2.0,Colombia,4010,128.0,26.4,485.0
160201,3.0,Ecuador,4014,22.0,4.5,485.0
160201,4.0,Brasil,4007,20.0,4.1,485.0
160201,5.0,España,6009,10.0,2.1,485.0
160201,6.0,Argentina,4002,8.0,1.6,485.0
160202,,,,,,0.0
160205,,,,,,0.0
160206,1.0,Colombia,4010,11.0,52.4,21.0
160206,2.0,Venezuela,4037,6.0,28.6,21.0
160206,3.0,Chile,4009,2.0,9.5,21.0
160206,4.0,España,6009,2.0,9.5,21.0
160210,1.0,Brasil,4007,3.0,100.0,3.0
160211,1.0,Ecuador,4014,1.0,100.0,1.0
160301,1.0,Colombia,4010,39.0,41.1,95.0
160301,2.0,Venezuela,4037,22.0,23.2,95.0
160301,3.0,Brasil,4007,14.0,14.7,95.0
160301,4.0,Ecuador,4014,8.0,8.4,95.0
160301,5.0,Estados Unidos,4016,3.0,3.2,95.0
160301,6.0,India,5014,2.0,2.1,95.0
160302,1.0,España,6009,2.0,50.0,4.0
160302,2.0,Ecuador,4014,1.0,25.0,4.0
160302,3.0,Colombia,4010,1.0,25.0,4.0
160303,1.0,Venezuela,4037,2.0,28.6,7.0
160303,2.0,Ecuador,4014,2.0,28.6,7.0
160303,3.0,Brasil,4007,1.0,14.3,7.0
160303,4.0,Guatemala,4018,1.0,14.3,7.0
160303,5.0,Colombia,4010,1.0,14.3,7.0
160304,1.0,Venezuela,4037,3.0,50.0,6.0
160304,2.0,Ecuador,4014,3.0,50.0,6.0
160305,1.0,Brasil,4007,1.0,50.0,2.0
160305,2.0,Venezuela,4037,1.0,50.0,2.0
160401,1.0,Colombia,4010,353.0,67.6,522.0
160401,2.0,Brasil,4007,120.0,23.0,522.0
160401,3.0,Venezuela,4037,42.0,8.0,522.0
160401,4.0,Ecuador,4014,3.0,0.6,522.0
160401,5.0,Bolivia,4006,1.0,0.2,522.0
160401,6.0,Chile,4009,1.0,0.2,522.0
160402,1.0,Colombia,4010,20.0,69.0,29.0
160402,2.0,Venezuela,4037,6.0,20.7,29.0
160402,3.0,Brasil,4007,3.0,10.3,29.0
160403,1.0,Brasil,4007,87.0,58.0,150.0
160403,2.0,Colombia,4010,46.0,30.7,150.0
160403,3.0,Venezuela,4037,13.0,8.7,150.0
160403,4.0,Islandia,6015,3.0,2.0,150.0
160403,5.0,Paraguay,4027,1.0,0.7,150.0
160404,1.0,Colombia,4010,54.0,53.5,101.0
160404,2.0,Brasil,4007,40.0,39.6,101.0
160404,3.0,Venezuela,4037,3.0,3.0,101.0
160404,4.0,México,4024,2.0,2.0,101.0
160404,5.0,Ecuador,4014,2.0,2.0,101.0
160405,1.0,Brasil,4007,98.0,44.7,219.0
160405,2.0,Colombia,4010,79.0,36.1,219.0
160405,3.0,Venezuela,4037,40.0,18.3,219.0
160405,4.0,Argentina,4002,2.0,0.9,219.0
160501,1.0,Colombia,4010,27.0,51.9,52.0
160501,2.0,Venezuela,4037,14.0,26.9,52.0
160501,3.0,Brasil,4007,8.0,15.4,52.0
160501,4.0,Argentina,4002,1.0,1.9,52.0
160501,5.0,India,5014,1.0,1.9,52.0
160501,6.0,Italia,6016,1.0,1.9,52.0
160502,,,,,,0.0
160503,,,,,,0.0
160504,1.0,Venezuela,4037,2.0,66.7,3.0
160504,2.0,México,4024,1.0,33.3,3.0
160505,1.0,Colombia,4010,1.0,100.0,1.0
160506,1.0,Venezuela,4037,3.0,37.5,8.0
160506,2.0,Brasil,4007,2.0,25.0,8.0
160506,3.0,Colombia,4010,2.0,25.0,8.0
160506,4.0,Ecuador,4014,1.0,12.5,8.0
160507,1.0,Portugal,6024,1.0,100.0,1.0
160508,,,,,,0.0
160509,,,,,,0.0
160510,1.0,España,6009,2.0,66.7,3.0
160510,2.0,Venezuela,4037,1.0,33.3,3.0
160511,,,,,,0.0
160601,1.0,Colombia,4010,10.0,33.3,30.0
160601,2.0,Venezuela,4037,10.0,33.3,30.0
160601,3.0,Brasil,4007,6.0,20.0,30.0
160601,4.0,Bolivia,4006,2.0,6.7,30.0
160601,5.0,Estados Unidos,4016,1.0,3.3,30.0
160601,6.0,Ecuador,4014,1.0,3.3,30.0
160602,1.0,España,6009,1.0,100.0,1.0
160603,1.0,Bolivia,4006,1.0,50.0,2.0
160603,2.0,Venezuela,4037,1.0,50.0,2.0
160604,1.0,Ecuador,4014,1.0,50.0,2.0
160604,2.0,Brasil,4007,1.0,50.0,2.0
160605,1.0,Bolivia,4006,620.0,50.1,1238.0
160605,2.0,Belice,4005,569.0,46.0,1238.0
160605,3.0,México,4024,33.0,2.7,1238.0
160605,4.0,Venezuela,4037,4.0,0.3,1238.0
160605,5.0,Brasil,4007,4.0,0.3,1238.0
160605,6.0,Colombia,4010,2.0,0.2,1238.0
160606,1.0,Colombia,4010,3.0,50.0,6.0
160606,2.0,Brasil,4007,2.0,33.3,6.0
160606,3.0,Venezuela,4037,1.0,16.7,6.0
160701,1.0,Venezuela,4037,11.0,45.8,24.0
160701,2.0,Colombia,4010,9.0,37.5,24.0
160701,3.0,Brasil,4007,2.0,8.3,24.0
160701,4.0,Bolivia,4006,1.0,4.2,24.0
160701,5.0,Alemania,6002,1.0,4.2,24.0
160702,,,,,,0.0
160703,1.0,Ecuador,4014,8.0,53.3,15.0
160703,2.0,Venezuela,4037,7.0,46.7,15.0
160704,1.0,Ecuador,4014,19.0,95.0,20.0
160704,2.0,Venezuela,4037,1.0,5.0,20.0
160705,1.0,Ecuador,4014,3.0,100.0,3.0
160706,1.0,Ecuador,4014,7.0,53.8,13.0
160706,2.0,Venezuela,4037,4.0,30.8,13.0
160706,3.0,Argentina,4002,1.0,7.7,13.0
160706,4.0,Brasil,4007,1.0,7.7,13.0
160801,1.0,Colombia,4010,124.0,87.9,141.0
160801,2.0,Brasil,4007,6.0,4.3,141.0
160801,3.0,Venezuela,4037,4.0,2.8,141.0
160801,4.0,Ecuador,4014,4.0,2.8,141.0
160801,5.0,España,6009,2.0,1.4,141.0
160801,6.0,Bolivia,4006,1.0,0.7,141.0
160802,1.0,Colombia,4010,11.0,84.6,13.0
160802,2.0,Brasil,4007,1.0,7.7,13.0
160802,3.0,Venezuela,4037,1.0,7.7,13.0
160803,1.0,Colombia,4010,185.0,70.9,261.0
160803,2.0,Venezuela,4037,66.0,25.3,261.0
160803,3.0,Ecuador,4014,8.0,3.1,261.0
160803,4.0,Brasil,4007,2.0,0.8,261.0
160804,1.0,Colombia,4010,48.0,85.7,56.0
160804,2.0,Venezuela,4037,5.0,8.9,56.0
160804,3.0,Brasil,4007,2.0,3.6,56.0
160804,4.0,Ecuador,4014,1.0,1.8,56.0
170101,1.0,Venezuela,4037,1700.0,60.3,2819.0
170101,2.0,Bolivia,4006,413.0,14.7,2819.0
170101,3.0,Brasil,4007,200.0,7.1,2819.0
170101,4.0,Colombia,4010,131.0,4.6,2819.0
170101,5.0,Cuba,4012,127.0,4.5,2819.0
170101,6.0,Japón,5020,47.0,1.7,2819.0
170102,1.0,Venezuela,4037,58.0,40.0,145.0
170102,2.0,Bolivia,4006,49.0,33.8,145.0
170102,3.0,Colombia,4010,12.0,8.3,145.0
170102,4.0,Brasil,4007,12.0,8.3,145.0
170102,5.0,Argentina,4002,4.0,2.8,145.0
170102,6.0,México,4024,2.0,1.4,145.0
170103,1.0,Bolivia,4006,152.0,41.9,363.0
170103,2.0,Venezuela,4037,110.0,30.3,363.0
170103,3.0,Brasil,4007,47.0,12.9,363.0
170103,4.0,Colombia,4010,16.0,4.4,363.0
170103,5.0,Estados Unidos,4016,14.0,3.9,363.0
170103,6.0,Ecuador,4014,6.0,1.7,363.0
170104,1.0,Venezuela,4037,66.0,48.9,135.0
170104,2.0,Bolivia,4006,54.0,40.0,135.0
170104,3.0,Brasil,4007,8.0,5.9,135.0
170104,4.0,Chile,4009,2.0,1.5,135.0
170104,5.0,Colombia,4010,2.0,1.5,135.0
170104,6.0,Ecuador,4014,1.0,0.7,135.0
170201,1.0,Argentina,4002,1.0,20.0,5.0
170201,2.0,España,6009,1.0,20.0,5.0
170201,3.0,Bolivia,4006,1.0,20.0,5.0
170201,4.0,Alemania,6002,1.0,20.0,5.0
170201,5.0,Venezuela,4037,1.0,20.0,5.0
170202,,,,,,0.0
170203,1.0,Bolivia,4006,9.0,25.7,35.0
170203,2.0,Venezuela,4037,8.0,22.9,35.0
170203,3.0,Colombia,4010,8.0,22.9,35.0
170203,4.0,Brasil,4007,4.0,11.4,35.0
170203,5.0,Argentina,4002,3.0,8.6,35.0
170203,6.0,Ecuador,4014,2.0,5.7,35.0
170204,1.0,Venezuela,4037,26.0,52.0,50.0
170204,2.0,Bolivia,4006,9.0,18.0,50.0
170204,3.0,Colombia,4010,8.0,16.0,50.0
170204,4.0,Brasil,4007,5.0,10.0,50.0
170204,5.0,Chile,4009,1.0,2.0,50.0
170204,6.0,Argentina,4002,1.0,2.0,50.0
170301,1.0,Brasil,4007,104.0,51.5,202.0
170301,2.0,Venezuela,4037,81.0,40.1,202.0
170301,3.0,Bolivia,4006,16.0,7.9,202.0
170301,4.0,Paraguay,4027,1.0,0.5,202.0
170302,1.0,Venezuela,4037,36.0,41.4,87.0
170302,2.0,Brasil,4007,31.0,35.6,87.0
170302,3.0,Bolivia,4006,15.0,17.2,87.0
170302,4.0,Colombia,4010,1.0,1.1,87.0
170302,5.0,Haití,4021,1.0,1.1,87.0
170302,6.0,Filipinas,5013,1.0,1.1,87.0
170303,1.0,Bolivia,4006,63.0,74.1,85.0
170303,2.0,Venezuela,4037,15.0,17.6,85.0
170303,3.0,Brasil,4007,6.0,7.1,85.0
170303,4.0,Colombia,4010,1.0,1.2,85.0
180101,1.0,Venezuela,4037,1115.0,87.4,1276.0
180101,2.0,Colombia,4010,50.0,3.9,1276.0
180101,3.0,Bolivia,4006,31.0,2.4,1276.0
180101,4.0,Chile,4009,23.0,1.8,1276.0
180101,5.0,Argentina,4002,14.0,1.1,1276.0
180101,6.0,Ecuador,4014,10.0,0.8,1276.0
180102,,,,,,0.0
180103,1.0,Bolivia,4006,1.0,100.0,1.0
180104,1.0,Venezuela,4037,145.0,84.3,172.0
180104,2.0,Bolivia,4006,10.0,5.8,172.0
180104,3.0,Brasil,4007,6.0,3.5,172.0
180104,4.0,Argentina,4002,3.0,1.7,172.0
180104,5.0,España,6009,2.0,1.2,172.0
180104,6.0,Costa Rica,4011,1.0,0.6,172.0
180105,1.0,San Cristóbal y Nieves,4031,1.0,100.0,1.0
180106,1.0,Colombia,4010,4.0,26.7,15.0
180106,2.0,México,4024,3.0,20.0,15.0
180106,3.0,Argentina,4002,2.0,13.3,15.0
180106,4.0,Bolivia,4006,2.0,13.3,15.0
180106,5.0,Brasil,4007,1.0,6.7,15.0
180106,6.0,Francia,6011,1.0,6.7,15.0
180107,1.0,Venezuela,4037,102.0,62.2,164.0
180107,2.0,Colombia,4010,16.0,9.8,164.0
180107,3.0,Bolivia,4006,11.0,6.7,164.0
180107,4.0,Brasil,4007,7.0,4.3,164.0
180107,5.0,Argentina,4002,6.0,3.7,164.0
180107,6.0,Chile,4009,6.0,3.7,164.0
180201,1.0,Venezuela,4037,5.0,71.4,7.0
180201,2.0,Marruecos,3029,1.0,14.3,7.0
180201,3.0,Colombia,4010,1.0,14.3,7.0
180202,,,,,,0.0
180203,1.0,Bolivia,4006,1.0,100.0,1.0
180204,1.0,Brasil,4007,1.0,50.0,2.0
180204,2.0,San Cristóbal y Nieves,4031,1.0,50.0,2.0
180205,,,,,,0.0
180206,,,,,,0.0
180207,1.0,Chile,4009,1.0,100.0,1.0
180208,,,,,,0.0
180209,1.0,Venezuela,4037,1.0,100.0,1.0
180210,,,,,,0.0
180211,1.0,Chile,4009,1.0,100.0,1.0
180301,1.0,Venezuela,4037,1833.0,87.2,2101.0
180301,2.0,Colombia,4010,61.0,2.9,2101.0
180301,3.0,Bolivia,4006,60.0,2.9,2101.0
180301,4.0,Chile,4009,50.0,2.4,2101.0
180301,5.0,Argentina,4002,26.0,1.2,2101.0
180301,6.0,Brasil,4007,18.0,0.9,2101.0
180302,1.0,Bolivia,4006,7.0,77.8,9.0
180302,2.0,Venezuela,4037,1.0,11.1,9.0
180302,3.0,México,4024,1.0,11.1,9.0
180303,1.0,Venezuela,4037,87.0,58.0,150.0
180303,2.0,Colombia,4010,16.0,10.7,150.0
180303,3.0,Chile,4009,12.0,8.0,150.0
180303,4.0,México,4024,7.0,4.7,150.0
180303,5.0,Bolivia,4006,5.0,3.3,150.0
180303,6.0,Nigeria,3034,3.0,2.0,150.0
190101,1.0,Venezuela,4037,22.0,75.9,29.0
190101,2.0,Bolivia,4006,5.0,17.2,29.0
190101,3.0,España,6009,2.0,6.9,29.0
190102,1.0,Venezuela,4037,1.0,100.0,1.0
190103,1.0,Venezuela,4037,7.0,100.0,7.0
190104,1.0,Ecuador,4014,1.0,50.0,2.0
190104,2.0,Venezuela,4037,1.0,50.0,2.0
190105,,,,,,0.0
190106,1.0,Colombia,4010,1.0,100.0,1.0
190107,1.0,Argentina,4002,4.0,44.4,9.0
190107,2.0,Colombia,4010,3.0,33.3,9.0
190107,3.0,Venezuela,4037,2.0,22.2,9.0
190108,1.0,Ecuador,4014,1.0,100.0,1.0
190109,,,,,,0.0
190110,,,,,,0.0
190111,1.0,Chile,4009,3.0,100.0,3.0
190112,1.0,Venezuela,4037,24.0,61.5,39.0
190112,2.0,Colombia,4010,5.0,12.8,39.0
190112,3.0,Brasil,4007,3.0,7.7,39.0
190112,4.0,Japón,5020,1.0,2.6,39.0
190112,5.0,Bolivia,4006,1.0,2.6,39.0
190112,6.0,Portugal,6024,1.0,2.6,39.0
190113,1.0,Venezuela,4037,34.0,79.1,43.0
190113,2.0,Argentina,4002,3.0,7.0,43.0
190113,3.0,Chile,4009,2.0,4.7,43.0
190113,4.0,Ecuador,4014,1.0,2.3,43.0
190113,5.0,Brasil,4007,1.0,2.3,43.0
190113,6.0,Bolivia,4006,1.0,2.3,43.0
190201,1.0,Venezuela,4037,4.0,80.0,5.0
190201,2.0,Argentina,4002,1.0,20.0,5.0
190202,,,,,,0.0
190203,,,,,,0.0
190204,1.0,Ecuador,4014,1.0,100.0,1.0
190205,,,,,,0.0
190206,1.0,Venezuela,4037,4.0,80.0,5.0
190206,2.0,Bolivia,4006,1.0,20.0,5.0
190207,,,,,,0.0
190208,,,,,,0.0
190301,1.0,Venezuela,4037,228.0,77.0,296.0
190301,2.0,Argentina,4002,12.0,4.1,296.0
190301,3.0,Colombia,4010,6.0,2.0,296.0
190301,4.0,Francia,6011,5.0,1.7,296.0
190301,5.0,Suiza,6029,5.0,1.7,296.0
190301,6.0,Alemania,6002,4.0,1.4,296.0
190302,1.0,Venezuela,4037,20.0,35.1,57.0
190302,2.0,Argentina,4002,6.0,10.5,57.0
190302,3.0,Suiza,6029,4.0,7.0,57.0
190302,4.0,Polonia,6023,4.0,7.0,57.0
190302,5.0,Estados Unidos,4016,4.0,7.0,57.0
190302,6.0,Uruguay,4036,3.0,5.3,57.0
190303,1.0,Colombia,4010,4.0,25.0,16.0
190303,2.0,Venezuela,4037,3.0,18.8,16.0
190303,3.0,Alemania,6002,2.0,12.5,16.0
190303,4.0,Suiza,6029,2.0,12.5,16.0
190303,5.0,Argentina,4002,1.0,6.3,16.0
190303,6.0,Bolivia,4006,1.0,6.3,16.0
190304,1.0,Japón,5020,2.0,40.0,5.0
190304,2.0,Chile,4009,1.0,20.0,5.0
190304,3.0,Argentina,4002,1.0,20.0,5.0
190304,4.0,Venezuela,4037,1.0,20.0,5.0
190305,1.0,Venezuela,4037,20.0,90.9,22.0
190305,2.0,España,6009,1.0,4.5,22.0
190305,3.0,Austria,6004,1.0,4.5,22.0
190306,1.0,Venezuela,4037,7.0,63.6,11.0
190306,2.0,Chile,4009,1.0,9.1,11.0
190306,3.0,Brasil,4007,1.0,9.1,11.0
190306,4.0,Alemania,6002,1.0,9.1,11.0
190306,5.0,Países Bajos,6022,1.0,9.1,11.0
190307,1.0,Venezuela,4037,73.0,75.3,97.0
190307,2.0,Bolivia,4006,6.0,6.2,97.0
190307,3.0,Argentina,4002,5.0,5.2,97.0
190307,4.0,Dinamarca,6008,4.0,4.1,97.0
190307,5.0,Brasil,4007,2.0,2.1,97.0
190307,6.0,Italia,6016,2.0,2.1,97.0
190308,1.0,Venezuela,4037,21.0,53.8,39.0
190308,2.0,Bolivia,4006,6.0,15.4,39.0
190308,3.0,Argentina,4002,5.0,12.8,39.0
190308,4.0,Colombia,4010,3.0,7.7,39.0
190308,5.0,Brasil,4007,2.0,5.1,39.0
190308,6.0,México,4024,1.0,2.6,39.0
200101,1.0,Venezuela,4037,5755.0,87.2,6600.0
200101,2.0,Ecuador,4014,213.0,3.2,6600.0
200101,3.0,Colombia,4010,188.0,2.8,6600.0
200101,4.0,Argentina,4002,86.0,1.3,6600.0
200101,5.0,Chile,4009,70.0,1.1,6600.0
200101,6.0,España,6009,45.0,0.7,6600.0
200104,1.0,Venezuela,4037,2085.0,74.5,2797.0
200104,2.0,Colombia,4010,239.0,8.5,2797.0
200104,3.0,Ecuador,4014,238.0,8.5,2797.0
200104,4.0,Argentina,4002,51.0,1.8,2797.0
200104,5.0,Bolivia,4006,30.0,1.1,2797.0
200104,6.0,España,6009,26.0,0.9,2797.0
200105,1.0,Venezuela,4037,498.0,79.6,626.0
200105,2.0,Ecuador,4014,60.0,9.6,626.0
200105,3.0,Colombia,4010,29.0,4.6,626.0
200105,4.0,Argentina,4002,13.0,2.1,626.0
200105,5.0,Chile,4009,9.0,1.4,626.0
200105,6.0,Brasil,4007,5.0,0.8,626.0
200107,1.0,Venezuela,4037,19.0,65.5,29.0
200107,2.0,Chile,4009,6.0,20.7,29.0
200107,3.0,Argentina,4002,2.0,6.9,29.0
200107,4.0,Colombia,4010,1.0,3.4,29.0
200107,5.0,Paraguay,4027,1.0,3.4,29.0
200108,1.0,Venezuela,4037,8.0,80.0,10.0
200108,2.0,Chile,4009,1.0,10.0,10.0
200108,3.0,Ecuador,4014,1.0,10.0,10.0
200109,1.0,Venezuela,4037,57.0,90.5,63.0
200109,2.0,Ecuador,4014,5.0,7.9,63.0
200109,3.0,Argentina,4002,1.0,1.6,63.0
200110,1.0,Venezuela,4037,250.0,90.9,275.0
200110,2.0,Ecuador,4014,8.0,2.9,275.0
200110,3.0,Colombia,4010,8.0,2.9,275.0
200110,4.0,Argentina,4002,2.0,0.7,275.0
200110,5.0,India,5014,2.0,0.7,275.0
200110,6.0,Chile,4009,1.0,0.4,275.0
200111,1.0,Venezuela,4037,86.0,58.1,148.0
200111,2.0,Ecuador,4014,50.0,33.8,148.0
200111,3.0,Colombia,4010,4.0,2.7,148.0
200111,4.0,Brasil,4007,3.0,2.0,148.0
200111,5.0,Chile,4009,1.0,0.7,148.0
200111,6.0,Cuba,4012,1.0,0.7,148.0
200114,1.0,Venezuela,4037,246.0,78.8,312.0
200114,2.0,Ecuador,4014,44.0,14.1,312.0
200114,3.0,Argentina,4002,7.0,2.2,312.0
200114,4.0,Colombia,4010,5.0,1.6,312.0
200114,5.0,Bolivia,4006,2.0,0.6,312.0
200114,6.0,Chile,4009,1.0,0.3,312.0
200115,1.0,Venezuela,4037,3391.0,79.1,4286.0
200115,2.0,Ecuador,4014,365.0,8.5,4286.0
200115,3.0,Colombia,4010,351.0,8.2,4286.0
200115,4.0,Chile,4009,37.0,0.9,4286.0
200115,5.0,Argentina,4002,27.0,0.6,4286.0
200115,6.0,Bolivia,4006,18.0,0.4,4286.0
200201,1.0,Ecuador,4014,154.0,92.2,167.0
200201,2.0,Venezuela,4037,8.0,4.8,167.0
200201,3.0,Colombia,4010,4.0,2.4,167.0
200201,4.0,España,6009,1.0,0.6,167.0
200202,1.0,Ecuador,4014,5.0,62.5,8.0
200202,2.0,Venezuela,4037,3.0,37.5,8.0
200203,1.0,Ecuador,4014,9.0,100.0,9.0
200204,,,,,,0.0
200205,1.0,Ecuador,4014,3.0,100.0,3.0
200206,1.0,Ecuador,4014,5.0,71.4,7.0
200206,2.0,Estados Unidos,4016,1.0,14.3,7.0
200206,3.0,Colombia,4010,1.0,14.3,7.0
200207,1.0,Ecuador,4014,28.0,50.0,56.0
200207,2.0,Venezuela,4037,25.0,44.6,56.0
200207,3.0,Guinea Ecuatorial,3019,2.0,3.6,56.0
200207,4.0,Argentina,4002,1.0,1.8,56.0
200208,,,,,,0.0
200209,1.0,Ecuador,4014,3.0,100.0,3.0
200210,1.0,Ecuador,4014,125.0,82.2,152.0
200210,2.0,Venezuela,4037,23.0,15.1,152.0
200210,3.0,Guinea Ecuatorial,3019,1.0,0.7,152.0
200210,4.0,Estados Unidos,4016,1.0,0.7,152.0
200210,5.0,Chile,4009,1.0,0.7,152.0
200210,6.0,Argelia,3002,1.0,0.7,152.0
200301,1.0,Venezuela,4037,8.0,34.8,23.0
200301,2.0,Ecuador,4014,6.0,26.1,23.0
200301,3.0,Colombia,4010,4.0,17.4,23.0
200301,4.0,Brasil,4007,3.0,13.0,23.0
200301,5.0,Argentina,4002,2.0,8.7,23.0
200302,1.0,Venezuela,4037,5.0,100.0,5.0
200303,1.0,Ecuador,4014,2.0,50.0,4.0
200303,2.0,Venezuela,4037,1.0,25.0,4.0
200303,3.0,Chile,4009,1.0,25.0,4.0
200304,1.0,Ecuador,4014,5.0,31.3,16.0
200304,2.0,Colombia,4010,4.0,25.0,16.0
200304,3.0,España,6009,4.0,25.0,16.0
200304,4.0,Australia,7001,1.0,6.3,16.0
200304,5.0,Venezuela,4037,1.0,6.3,16.0
200304,6.0,Osetia del Sur,5058,1.0,6.3,16.0
200305,1.0,Venezuela,4037,1.0,50.0,2.0
200305,2.0,Países Bajos,6022,1.0,50.0,2.0
200306,1.0,Venezuela,4037,9.0,52.9,17.0
200306,2.0,Argentina,4002,4.0,23.5,17.0
200306,3.0,Ecuador,4014,3.0,17.6,17.0
200306,4.0,México,4024,1.0,5.9,17.0
200307,1.0,Francia,6011,1.0,33.3,3.0
200307,2.0,Irlanda,6014,1.0,33.3,3.0
200307,3.0,Estados Unidos,4016,1.0,33.3,3.0
200308,,,,,,0.0
200401,1.0,Venezuela,4037,570.0,79.8,714.0
200401,2.0,Ecuador,4014,54.0,7.6,714.0
200401,3.0,Colombia,4010,38.0,5.3,714.0
200401,4.0,Argentina,4002,19.0,2.7,714.0
200401,5.0,Chile,4009,15.0,2.1,714.0
200401,6.0,Estados Unidos,4016,3.0,0.4,714.0
200402,1.0,Venezuela,4037,65.0,94.2,69.0
200402,2.0,Ecuador,4014,2.0,2.9,69.0
200402,3.0,Argentina,4002,1.0,1.4,69.0
200402,4.0,Italia,6016,1.0,1.4,69.0
200403,1.0,Chile,4009,2.0,33.3,6.0
200403,2.0,España,6009,2.0,33.3,6.0
200403,3.0,República Democrática del Congo,3049,1.0,16.7,6.0
200403,4.0,Ecuador,4014,1.0,16.7,6.0
200404,1.0,Venezuela,4037,26.0,66.7,39.0
200404,2.0,Ecuador,4014,6.0,15.4,39.0
200404,3.0,Colombia,4010,4.0,10.3,39.0
200404,4.0,San Cristóbal y Nieves,4031,1.0,2.6,39.0
200404,5.0,Brasil,4007,1.0,2.6,39.0
200404,6.0,Guatemala,4018,1.0,2.6,39.0
200405,1.0,Venezuela,4037,153.0,92.2,166.0
200405,2.0,República Dominicana,4030,4.0,2.4,166.0
200405,3.0,Colombia,4010,3.0,1.8,166.0
200405,4.0,Argentina,4002,2.0,1.2,166.0
200405,5.0,España,6009,2.0,1.2,166.0
200405,6.0,Chile,4009,2.0,1.2,166.0
200406,1.0,Venezuela,4037,14.0,35.0,40.0
200406,2.0,Ecuador,4014,11.0,27.5,40.0
200406,3.0,Argentina,4002,5.0,12.5,40.0
200406,4.0,Colombia,4010,3.0,7.5,40.0
200406,5.0,Brasil,4007,3.0,7.5,40.0
200406,6.0,Chile,4009,2.0,5.0,40.0
200407,1.0,Ecuador,4014,7.0,58.3,12.0
200407,2.0,Argentina,4002,2.0,16.7,12.0
200407,3.0,Chile,4009,2.0,16.7,12.0
200407,4.0,Venezuela,4037,1.0,8.3,12.0
200408,1.0,Ecuador,4014,2.0,40.0,5.0
200408,2.0,Colombia,4010,2.0,40.0,5.0
200408,3.0,Venezuela,4037,1.0,20.0,5.0
200409,1.0,Ecuador,4014,5.0,62.5,8.0
200409,2.0,Venezuela,4037,3.0,37.5,8.0
200410,1.0,Ecuador,4014,9.0,90.0,10.0
200410,2.0,Venezuela,4037,1.0,10.0,10.0
200501,1.0,Venezuela,4037,3749.0,95.6,3922.0
200501,2.0,Ecuador,4014,67.0,1.7,3922.0
200501,3.0,Colombia,4010,31.0,0.8,3922.0
200501,4.0,Chile,4009,16.0,0.4,3922.0
200501,5.0,Argentina,4002,16.0,0.4,3922.0
200501,6.0,Estados Unidos,4016,9.0,0.2,3922.0
200502,1.0,Ecuador,4014,2.0,50.0,4.0
200502,2.0,Colombia,4010,1.0,25.0,4.0
200502,3.0,Venezuela,4037,1.0,25.0,4.0
200503,1.0,Venezuela,4037,8.0,88.9,9.0
200503,2.0,Ecuador,4014,1.0,11.1,9.0
200504,1.0,Venezuela,4037,220.0,90.9,242.0
200504,2.0,Estados Unidos,4016,7.0,2.9,242.0
200504,3.0,Ecuador,4014,6.0,2.5,242.0
200504,4.0,Argentina,4002,2.0,0.8,242.0
200504,5.0,Chile,4009,2.0,0.8,242.0
200504,6.0,Colombia,4010,2.0,0.8,242.0
200505,1.0,Venezuela,4037,24.0,70.6,34.0
200505,2.0,Ecuador,4014,4.0,11.8,34.0
200505,3.0,Chile,4009,3.0,8.8,34.0
200505,4.0,Uruguay,4036,1.0,2.9,34.0
200505,5.0,Eslovenia,6042,1.0,2.9,34.0
200505,6.0,Colombia,4010,1.0,2.9,34.0
200506,1.0,Venezuela,4037,7.0,53.8,13.0
200506,2.0,Ecuador,4014,3.0,23.1,13.0
200506,3.0,Chile,4009,1.0,7.7,13.0
200506,4.0,Canadá,4008,1.0,7.7,13.0
200506,5.0,Colombia,4010,1.0,7.7,13.0
200507,1.0,Venezuela,4037,41.0,83.7,49.0
200507,2.0,Colombia,4010,4.0,8.2,49.0
200507,3.0,Ecuador,4014,3.0,6.1,49.0
200507,4.0,Honduras,4022,1.0,2.0,49.0
200601,1.0,Venezuela,4037,2305.0,81.4,2830.0
200601,2.0,Ecuador,4014,290.0,10.2,2830.0
200601,3.0,Colombia,4010,142.0,5.0,2830.0
200601,4.0,Argentina,4002,31.0,1.1,2830.0
200601,5.0,Chile,4009,13.0,0.5,2830.0
200601,6.0,China,5008,9.0,0.3,2830.0
200602,1.0,Venezuela,4037,160.0,81.2,197.0
200602,2.0,Ecuador,4014,17.0,8.6,197.0
200602,3.0,Argentina,4002,7.0,3.6,197.0
200602,4.0,Colombia,4010,3.0,1.5,197.0
200602,5.0,Chile,4009,3.0,1.5,197.0
200602,6.0,España,6009,2.0,1.0,197.0
200603,1.0,Venezuela,4037,52.0,78.8,66.0
200603,2.0,Colombia,4010,5.0,7.6,66.0
200603,3.0,Ecuador,4014,3.0,4.5,66.0
200603,4.0,Chile,4009,2.0,3.0,66.0
200603,5.0,Brasil,4007,2.0,3.0,66.0
200603,6.0,España,6009,1.0,1.5,66.0
200604,1.0,Ecuador,4014,84.0,84.8,99.0
200604,2.0,Venezuela,4037,14.0,14.1,99.0
200604,3.0,Colombia,4010,1.0,1.0,99.0
200605,1.0,Venezuela,4037,163.0,80.7,202.0
200605,2.0,Ecuador,4014,19.0,9.4,202.0
200605,3.0,Colombia,4010,12.0,5.9,202.0
200605,4.0,Argentina,4002,4.0,2.0,202.0
200605,5.0,San Cristóbal y Nieves,4031,1.0,0.5,202.0
200605,6.0,Bolivia,4006,1.0,0.5,202.0
200606,1.0,Venezuela,4037,109.0,89.3,122.0
200606,2.0,Colombia,4010,6.0,4.9,122.0
200606,3.0,Ecuador,4014,4.0,3.3,122.0
200606,4.0,Uruguay,4036,1.0,0.8,122.0
200606,5.0,Chile,4009,1.0,0.8,122.0
200606,6.0,Brasil,4007,1.0,0.8,122.0
200607,1.0,Venezuela,4037,105.0,82.0,128.0
200607,2.0,Ecuador,4014,15.0,11.7,128.0
200607,3.0,Colombia,4010,3.0,2.3,128.0
200607,4.0,España,6009,1.0,0.8,128.0
200607,5.0,Rumania,6026,1.0,0.8,128.0
200607,6.0,Honduras,4022,1.0,0.8,128.0
200608,1.0,Ecuador,4014,6.0,37.5,16.0
200608,2.0,Venezuela,4037,6.0,37.5,16.0
200608,3.0,Chile,4009,4.0,25.0,16.0
200701,1.0,Venezuela,4037,1561.0,88.2,1770.0
200701,2.0,Colombia,4010,102.0,5.8,1770.0
200701,3.0,Ecuador,4014,32.0,1.8,1770.0
200701,4.0,Argentina,4002,16.0,0.9,1770.0
200701,5.0,Cuba,4012,10.0,0.6,1770.0
200701,6.0,México,4024,8.0,0.5,1770.0
200702,1.0,Venezuela,4037,214.0,96.4,222.0
200702,2.0,Argentina,4002,3.0,1.4,222.0
200702,3.0,Ecuador,4014,2.0,0.9,222.0
200702,4.0,Colombia,4010,1.0,0.5,222.0
200702,5.0,Brasil,4007,1.0,0.5,222.0
200702,6.0,Chile,4009,1.0,0.5,222.0
200703,1.0,Venezuela,4037,95.0,88.8,107.0
200703,2.0,Ecuador,4014,3.0,2.8,107.0
200703,3.0,España,6009,2.0,1.9,107.0
200703,4.0,Colombia,4010,2.0,1.9,107.0
200703,5.0,Bolivia,4006,1.0,0.9,107.0
200703,6.0,Uruguay,4036,1.0,0.9,107.0
200704,1.0,Venezuela,4037,11.0,40.7,27.0
200704,2.0,Estados Unidos,4016,2.0,7.4,27.0
200704,3.0,Chile,4009,2.0,7.4,27.0
200704,4.0,Polonia,6023,2.0,7.4,27.0
200704,5.0,Ecuador,4014,2.0,7.4,27.0
200704,6.0,Brasil,4007,2.0,7.4,27.0
200705,1.0,Venezuela,4037,310.0,82.9,374.0
200705,2.0,Colombia,4010,26.0,7.0,374.0
200705,3.0,Ecuador,4014,10.0,2.7,374.0
200705,4.0,Chile,4009,8.0,2.1,374.0
200705,5.0,Canadá,4008,3.0,0.8,374.0
200705,6.0,Bolivia,4006,3.0,0.8,374.0
200706,1.0,Venezuela,4037,1080.0,87.1,1240.0
200706,2.0,Colombia,4010,63.0,5.1,1240.0
200706,3.0,Argentina,4002,25.0,2.0,1240.0
200706,4.0,Chile,4009,16.0,1.3,1240.0
200706,5.0,Ecuador,4014,13.0,1.0,1240.0
200706,6.0,Estados Unidos,4016,7.0,0.6,1240.0
200801,1.0,Venezuela,4037,1170.0,93.8,1248.0
200801,2.0,Ecuador,4014,26.0,2.1,1248.0
200801,3.0,Colombia,4010,22.0,1.8,1248.0
200801,4.0,Bolivia,4006,12.0,1.0,1248.0
200801,5.0,Argentina,4002,10.0,0.8,1248.0
200801,6.0,Chile,4009,2.0,0.2,1248.0
200802,1.0,Venezuela,4037,5.0,83.3,6.0
200802,2.0,Chile,4009,1.0,16.7,6.0
200803,1.0,Venezuela,4037,5.0,50.0,10.0
200803,2.0,Colombia,4010,4.0,40.0,10.0
200803,3.0,Brasil,4007,1.0,10.0,10.0
200804,1.0,Venezuela,4037,2.0,100.0,2.0
200805,1.0,Venezuela,4037,11.0,84.6,13.0
200805,2.0,India,5014,2.0,15.4,13.0
200806,1.0,Venezuela,4037,2.0,100.0,2.0
210101,1.0,Bolivia,4006,170.0,38.3,444.0
210101,2.0,Venezuela,4037,160.0,36.0,444.0
210101,3.0,Colombia,4010,31.0,7.0,444.0
210101,4.0,Chile,4009,27.0,6.1,444.0
210101,5.0,Brasil,4007,14.0,3.2,444.0
210101,6.0,Argentina,4002,13.0,2.9,444.0
210102,1.0,Bolivia,4006,7.0,46.7,15.0
210102,2.0,Chile,4009,4.0,26.7,15.0
210102,3.0,Argentina,4002,2.0,13.3,15.0
210102,4.0,Venezuela,4037,2.0,13.3,15.0
210103,,,,,,0.0
210104,,,,,,0.0
210105,1.0,Bolivia,4006,7.0,100.0,7.0
210106,1.0,Bolivia,4006,5.0,27.8,18.0
210106,2.0,Chile,4009,2.0,11.1,18.0
210106,3.0,Argentina,4002,2.0,11.1,18.0
210106,4.0,Alemania,6002,2.0,11.1,18.0
210106,5.0,Honduras,4022,2.0,11.1,18.0
210106,6.0,México,4024,1.0,5.6,18.0
210107,1.0,Japón,5020,1.0,50.0,2.0
210107,2.0,Brasil,4007,1.0,50.0,2.0
210108,,,,,,0.0
210109,1.0,Brasil,4007,1.0,50.0,2.0
210109,2.0,Colombia,4010,1.0,50.0,2.0
210110,1.0,Bolivia,4006,4.0,100.0,4.0
210111,1.0,Bolivia,4006,3.0,60.0,5.0
210111,2.0,Paraguay,4027,1.0,20.0,5.0
210111,3.0,Venezuela,4037,1.0,20.0,5.0
210112,1.0,Bolivia,4006,2.0,40.0,5.0
210112,2.0,Chile,4009,1.0,20.0,5.0
210112,3.0,Brasil,4007,1.0,20.0,5.0
210112,4.0,Bélgica,6005,1.0,20.0,5.0
210113,1.0,Bolivia,4006,1.0,100.0,1.0
210114,,,,,,0.0
210115,,,,,,0.0
210201,1.0,Bolivia,4006,16.0,66.7,24.0
210201,2.0,Venezuela,4037,5.0,20.8,24.0
210201,3.0,Brasil,4007,2.0,8.3,24.0
210201,4.0,Chile,4009,1.0,4.2,24.0
210202,1.0,Bolivia,4006,1.0,100.0,1.0
210203,1.0,Bolivia,4006,2.0,66.7,3.0
210203,2.0,Suiza,6029,1.0,33.3,3.0
210204,1.0,Bolivia,4006,12.0,100.0,12.0
210205,1.0,Colombia,4010,1.0,100.0,1.0
210206,,,,,,0.0
210207,1.0,Bolivia,4006,1.0,100.0,1.0
210208,1.0,Venezuela,4037,2.0,100.0,2.0
210209,1.0,Bolivia,4006,1.0,100.0,1.0
210210,,,,,,0.0
210211,1.0,Bolivia,4006,6.0,100.0,6.0
210212,,,,,,0.0
210213,,,,,,0.0
210214,1.0,Bolivia,4006,1.0,100.0,1.0
210215,,,,,,0.0
210301,1.0,Venezuela,4037,4.0,50.0,8.0
210301,2.0,Bolivia,4006,2.0,25.0,8.0
210301,3.0,Francia,6011,1.0,12.5,8.0
210301,4.0,Argentina,4002,1.0,12.5,8.0
210302,,,,,,0.0
210303,1.0,Bolivia,4006,8.0,53.3,15.0
210303,2.0,Venezuela,4037,7.0,46.7,15.0
210304,,,,,,0.0
210305,,,,,,0.0
210306,1.0,Venezuela,4037,1.0,100.0,1.0
210307,1.0,Bolivia,4006,2.0,100.0,2.0
210308,1.0,Bolivia,4006,6.0,100.0,6.0
210309,1.0,Venezuela,4037,3.0,75.0,4.0
210309,2.0,Bolivia,4006,1.0,25.0,4.0
210310,1.0,Bolivia,4006,1.0,50.0,2.0
210310,2.0,Guatemala,4018,1.0,50.0,2.0
210401,1.0,Bolivia,4006,33.0,68.8,48.0
210401,2.0,Chile,4009,6.0,12.5,48.0
210401,3.0,Venezuela,4037,5.0,10.4,48.0
210401,4.0,México,4024,2.0,4.2,48.0
210401,5.0,Alemania,6002,1.0,2.1,48.0
210401,6.0,Francia,6011,1.0,2.1,48.0
210402,1.0,Bolivia,4006,154.0,89.5,172.0
210402,2.0,Venezuela,4037,16.0,9.3,172.0
210402,3.0,Chile,4009,2.0,1.2,172.0
210403,1.0,Chile,4009,5.0,50.0,10.0
210403,2.0,Bolivia,4006,4.0,40.0,10.0
210403,3.0,Suiza,6029,1.0,10.0,10.0
210404,1.0,Bolivia,4006,172.0,79.3,217.0
210404,2.0,Venezuela,4037,38.0,17.5,217.0
210404,3.0,Chile,4009,6.0,2.8,217.0
210404,4.0,Brasil,4007,1.0,0.5,217.0
210405,1.0,Bolivia,4006,1479.0,87.2,1697.0
210405,2.0,Venezuela,4037,190.0,11.2,1697.0
210405,3.0,Chile,4009,24.0,1.4,1697.0
210405,4.0,Argentina,4002,2.0,0.1,1697.0
210405,5.0,Colombia,4010,1.0,0.1,1697.0
210405,6.0,Paraguay,4027,1.0,0.1,1697.0
210406,1.0,Bolivia,4006,24.0,80.0,30.0
210406,2.0,Chile,4009,3.0,10.0,30.0
210406,3.0,Venezuela,4037,2.0,6.7,30.0
210406,4.0,Colombia,4010,1.0,3.3,30.0
210407,1.0,Bolivia,4006,35.0,57.4,61.0
210407,2.0,Venezuela,4037,17.0,27.9,61.0
210407,3.0,Chile,4009,8.0,13.1,61.0
210407,4.0,Argentina,4002,1.0,1.6,61.0
210501,1.0,Bolivia,4006,42.0,56.8,74.0
210501,2.0,Chile,4009,18.0,24.3,74.0
210501,3.0,Colombia,4010,6.0,8.1,74.0
210501,4.0,Venezuela,4037,5.0,6.8,74.0
210501,5.0,Brasil,4007,3.0,4.1,74.0
210502,1.0,Bolivia,4006,23.0,92.0,25.0
210502,2.0,Chile,4009,1.0,4.0,25.0
210502,3.0,Venezuela,4037,1.0,4.0,25.0
210503,1.0,Bolivia,4006,6.0,66.7,9.0
210503,2.0,Chile,4009,2.0,22.2,9.0
210503,3.0,Venezuela,4037,1.0,11.1,9.0
210504,1.0,Bolivia,4006,3.0,100.0,3.0
210505,1.0,Venezuela,4037,1.0,50.0,2.0
210505,2.0,Bolivia,4006,1.0,50.0,2.0
210601,1.0,Bolivia,4006,10.0,33.3,30.0
210601,2.0,Venezuela,4037,8.0,26.7,30.0
210601,3.0,Colombia,4010,5.0,16.7,30.0
210601,4.0,Brasil,4007,3.0,10.0,30.0
210601,5.0,República Dominicana,4030,3.0,10.0,30.0
210601,6.0,Argentina,4002,1.0,3.3,30.0
210602,1.0,Bolivia,4006,31.0,96.9,32.0
210602,2.0,Chile,4009,1.0,3.1,32.0
210603,1.0,Bolivia,4006,1.0,100.0,1.0
210604,1.0,Bolivia,4006,1.0,100.0,1.0
210605,1.0,Bolivia,4006,10.0,83.3,12.0
210605,2.0,España,6009,1.0,8.3,12.0
210605,3.0,Chile,4009,1.0,8.3,12.0
210606,1.0,Bolivia,4006,3.0,60.0,5.0
210606,2.0,Argentina,4002,1.0,20.0,5.0
210606,3.0,Venezuela,4037,1.0,20.0,5.0
210607,1.0,Bolivia,4006,3.0,50.0,6.0
210607,2.0,Brasil,4007,3.0,50.0,6.0
210608,1.0,Bolivia,4006,5.0,83.3,6.0
210608,2.0,Brasil,4007,1.0,16.7,6.0
210701,1.0,Bolivia,4006,14.0,60.9,23.0
210701,2.0,Venezuela,4037,4.0,17.4,23.0
210701,3.0,Colombia,4010,2.0,8.7,23.0
210701,4.0,Italia,6016,1.0,4.3,23.0
210701,5.0,Ecuador,4014,1.0,4.3,23.0
210701,6.0,Brasil,4007,1.0,4.3,23.0
210702,1.0,Bolivia,4006,3.0,75.0,4.0
210702,2.0,Chile,4009,1.0,25.0,4.0
210703,,,,,,0.0
210704,1.0,Venezuela,4037,1.0,100.0,1.0
210705,,,,,,0.0
210706,1.0,Bolivia,4006,1.0,100.0,1.0
210707,,,,,,0.0
210708,1.0,Brasil,4007,7.0,87.5,8.0
210708,2.0,Argentina,4002,1.0,12.5,8.0
210709,,,,,,0.0
210710,,,,,,0.0
210801,1.0,Guatemala,4018,20.0,58.8,34.0
210801,2.0,Venezuela,4037,7.0,20.6,34.0
210801,3.0,Bolivia,4006,3.0,8.8,34.0
210801,4.0,Argentina,4002,1.0,2.9,34.0
210801,5.0,Paraguay,4027,1.0,2.9,34.0
210801,6.0,República Checa,6007,1.0,2.9,34.0
210802,1.0,Bolivia,4006,1.0,50.0,2.0
210802,2.0,Venezuela,4037,1.0,50.0,2.0
210803,1.0,Brasil,4007,1.0,100.0,1.0
210804,,,,,,0.0
210805,1.0,Bolivia,4006,1.0,100.0,1.0
210806,1.0,Bolivia,4006,1.0,100.0,1.0
210807,1.0,Brasil,4007,2.0,50.0,4.0
210807,2.0,Bolivia,4006,1.0,25.0,4.0
210807,3.0,Argentina,4002,1.0,25.0,4.0
210808,1.0,Estados Unidos,4016,1.0,100.0,1.0
210809,,,,,,0.0
210901,1.0,Bolivia,4006,38.0,79.2,48.0
210901,2.0,Venezuela,4037,8.0,16.7,48.0
210901,3.0,Brasil,4007,2.0,4.2,48.0
210902,1.0,Bolivia,4006,18.0,72.0,25.0
210902,2.0,Brasil,4007,6.0,24.0,25.0
210902,3.0,Venezuela,4037,1.0,4.0,25.0
210903,1.0,Bolivia,4006,3.0,60.0,5.0
210903,2.0,Brasil,4007,1.0,20.0,5.0
210903,3.0,Venezuela,4037,1.0,20.0,5.0
210904,1.0,Bolivia,4006,15.0,83.3,18.0
210904,2.0,Argentina,4002,2.0,11.1,18.0
210904,3.0,Venezuela,4037,1.0,5.6,18.0
211001,1.0,Bolivia,4006,3.0,100.0,3.0
211002,1.0,Bolivia,4006,7.0,77.8,9.0
211002,2.0,Colombia,4010,1.0,11.1,9.0
211002,3.0,Brasil,4007,1.0,11.1,9.0
211003,1.0,Chile,4009,3.0,60.0,5.0
211003,2.0,Brasil,4007,1.0,20.0,5.0
211003,3.0,Bolivia,4006,1.0,20.0,5.0
211004,1.0,Bolivia,4006,2.0,66.7,3.0
211004,2.0,Chile,4009,1.0,33.3,3.0
211005,1.0,Bolivia,4006,16.0,100.0,16.0
211101,1.0,Venezuela,4037,542.0,60.0,904.0
211101,2.0,Bolivia,4006,233.0,25.8,904.0
211101,3.0,Colombia,4010,35.0,3.9,904.0
211101,4.0,Brasil,4007,29.0,3.2,904.0
211101,5.0,Argentina,4002,19.0,2.1,904.0
211101,6.0,Chile,4009,8.0,0.9,904.0
211102,,,,,,0.0
211103,1.0,Bolivia,4006,2.0,100.0,2.0
211104,1.0,Bolivia,4006,6.0,100.0,6.0
211105,1.0,Bolivia,4006,69.0,65.1,106.0
211105,2.0,Venezuela,4037,19.0,17.9,106.0
211105,3.0,Brasil,4007,7.0,6.6,106.0
211105,4.0,Colombia,4010,3.0,2.8,106.0
211105,5.0,Paraguay,4027,2.0,1.9,106.0
211105,6.0,Chile,4009,2.0,1.9,106.0
211201,1.0,Colombia,4010,1.0,50.0,2.0
211201,2.0,Bolivia,4006,1.0,50.0,2.0
211202,1.0,Bolivia,4006,1.0,100.0,1.0
211203,1.0,Venezuela,4037,1.0,33.3,3.0
211203,2.0,Chile,4009,1.0,33.3,3.0
211203,3.0,Bolivia,4006,1.0,33.3,3.0
211204,,,,,,0.0
211205,,,,,,0.0
211206,,,,,,0.0
211207,1.0,Bolivia,4006,4.0,66.7,6.0
211207,2.0,Venezuela,4037,1.0,16.7,6.0
211207,3.0,Alemania,6002,1.0,16.7,6.0
211208,,,,,,0.0
211209,1.0,Venezuela,4037,4.0,57.1,7.0
211209,2.0,Bolivia,4006,3.0,42.9,7.0
211210,1.0,Bolivia,4006,11.0,68.8,16.0
211210,2.0,Brasil,4007,2.0,12.5,16.0
211210,3.0,México,4024,1.0,6.3,16.0
211210,4.0,Chile,4009,1.0,6.3,16.0
211210,5.0,Venezuela,4037,1.0,6.3,16.0
211301,1.0,Bolivia,4006,347.0,87.4,397.0
211301,2.0,Venezuela,4037,29.0,7.3,397.0
211301,3.0,Brasil,4007,8.0,2.0,397.0
211301,4.0,Argentina,4002,7.0,1.8,397.0
211301,5.0,Chile,4009,5.0,1.3,397.0
211301,6.0,Sudáfrica,3043,1.0,0.3,397.0
211302,1.0,Bolivia,4006,122.0,97.6,125.0
211302,2.0,Brasil,4007,1.0,0.8,125.0
211302,3.0,Chile,4009,1.0,0.8,125.0
211302,4.0,Venezuela,4037,1.0,0.8,125.0
211303,1.0,Bolivia,4006,87.0,84.5,103.0
211303,2.0,Chile,4009,8.0,7.8,103.0
211303,3.0,Venezuela,4037,7.0,6.8,103.0
211303,4.0,Brasil,4007,1.0,1.0,103.0
211304,1.0,Chile,4009,6.0,60.0,10.0
211304,2.0,Venezuela,4037,3.0,30.0,10.0
211304,3.0,Bolivia,4006,1.0,10.0,10.0
211305,1.0,Bolivia,4006,80.0,82.5,97.0
211305,2.0,Venezuela,4037,12.0,12.4,97.0
211305,3.0,Brasil,4007,5.0,5.2,97.0
211306,1.0,Bolivia,4006,33.0,91.7,36.0
211306,2.0,Venezuela,4037,2.0,5.6,36.0
211306,3.0,Argentina,4002,1.0,2.8,36.0
211307,1.0,Bolivia,4006,5.0,71.4,7.0
211307,2.0,Chile,4009,2.0,28.6,7.0
220101,1.0,Venezuela,4037,609.0,73.8,825.0
220101,2.0,Colombia,4010,61.0,7.4,825.0
220101,3.0,Ecuador,4014,31.0,3.8,825.0
220101,4.0,Argentina,4002,23.0,2.8,825.0
220101,5.0,Estados Unidos,4016,18.0,2.2,825.0
220101,6.0,Brasil,4007,17.0,2.1,825.0
220102,1.0,Venezuela,4037,11.0,50.0,22.0
220102,2.0,Ecuador,4014,5.0,22.7,22.0
220102,3.0,Canadá,4008,2.0,9.1,22.0
220102,4.0,Japón,5020,2.0,9.1,22.0
220102,5.0,España,6009,1.0,4.5,22.0
220102,6.0,Colombia,4010,1.0,4.5,22.0
220103,1.0,Australia,7001,2.0,66.7,3.0
220103,2.0,Ecuador,4014,1.0,33.3,3.0
220104,1.0,Ecuador,4014,6.0,42.9,14.0
220104,2.0,Venezuela,4037,3.0,21.4,14.0
220104,3.0,Colombia,4010,1.0,7.1,14.0
220104,4.0,Brasil,4007,1.0,7.1,14.0
220104,5.0,Bolivia,4006,1.0,7.1,14.0
220104,6.0,Chile,4009,1.0,7.1,14.0
220105,1.0,Venezuela,4037,24.0,38.1,63.0
220105,2.0,Ecuador,4014,10.0,15.9,63.0
220105,3.0,Bolivia,4006,6.0,9.5,63.0
220105,4.0,Colombia,4010,5.0,7.9,63.0
220105,5.0,Estados Unidos,4016,4.0,6.3,63.0
220105,6.0,Chile,4009,4.0,6.3,63.0
220106,1.0,Ecuador,4014,6.0,46.2,13.0
220106,2.0,Chile,4009,3.0,23.1,13.0
220106,3.0,Curazao,4042,1.0,7.7,13.0
220106,4.0,Países Bajos,6022,1.0,7.7,13.0
220106,5.0,Colombia,4010,1.0,7.7,13.0
220106,6.0,Paraguay,4027,1.0,7.7,13.0
220201,1.0,Venezuela,4037,59.0,55.1,107.0
220201,2.0,Colombia,4010,17.0,15.9,107.0
220201,3.0,Ecuador,4014,13.0,12.1,107.0
220201,4.0,España,6009,4.0,3.7,107.0
220201,5.0,Brasil,4007,4.0,3.7,107.0
220201,6.0,México,4024,2.0,1.9,107.0
220202,1.0,Ecuador,4014,5.0,38.5,13.0
220202,2.0,Argentina,4002,4.0,30.8,13.0
220202,3.0,Colombia,4010,1.0,7.7,13.0
220202,4.0,Bolivia,4006,1.0,7.7,13.0
220202,5.0,Venezuela,4037,1.0,7.7,13.0
220202,6.0,Brasil,4007,1.0,7.7,13.0
220203,1.0,Venezuela,4037,5.0,41.7,12.0
220203,2.0,Ecuador,4014,2.0,16.7,12.0
220203,3.0,Argentina,4002,2.0,16.7,12.0
220203,4.0,Chile,4009,2.0,16.7,12.0
220203,5.0,Alemania,6002,1.0,8.3,12.0
220204,1.0,San Cristóbal y Nieves,4031,1.0,33.3,3.0
220204,2.0,Venezuela,4037,1.0,33.3,3.0
220204,3.0,Colombia,4010,1.0,33.3,3.0
220205,1.0,Ecuador,4014,5.0,41.7,12.0
220205,2.0,Venezuela,4037,5.0,41.7,12.0
220205,3.0,Brasil,4007,2.0,16.7,12.0
220206,1.0,Ecuador,4014,6.0,66.7,9.0
220206,2.0,Venezuela,4037,2.0,22.2,9.0
220206,3.0,Bolivia,4006,1.0,11.1,9.0
220301,1.0,Venezuela,4037,10.0,66.7,15.0
220301,2.0,Haití,4021,3.0,20.0,15.0
220301,3.0,Cuba,4012,1.0,6.7,15.0
220301,4.0,Colombia,4010,1.0,6.7,15.0
220302,1.0,Venezuela,4037,2.0,66.7,3.0
220302,2.0,Brasil,4007,1.0,33.3,3.0
220303,1.0,Venezuela,4037,1.0,100.0,1.0
220304,1.0,Corea del Sur,5010,1.0,33.3,3.0
220304,2.0,Bélgica,6005,1.0,33.3,3.0
220304,3.0,Colombia,4010,1.0,33.3,3.0
220305,1.0,Chile,4009,1.0,100.0,1.0
220401,1.0,Venezuela,4037,14.0,58.3,24.0
220401,2.0,Chile,4009,2.0,8.3,24.0
220401,3.0,Argentina,4002,2.0,8.3,24.0
220401,4.0,Bélgica,6005,1.0,4.2,24.0
220401,5.0,Ecuador,4014,1.0,4.2,24.0
220401,6.0,México,4024,1.0,4.2,24.0
220402,1.0,Ecuador,4014,3.0,60.0,5.0
220402,2.0,Venezuela,4037,2.0,40.0,5.0
220403,1.0,Venezuela,4037,2.0,100.0,2.0
220404,1.0,Venezuela,4037,5.0,71.4,7.0
220404,2.0,Ecuador,4014,1.0,14.3,7.0
220404,3.0,Colombia,4010,1.0,14.3,7.0
220405,1.0,Colombia,4010,2.0,33.3,6.0
220405,2.0,Brasil,4007,1.0,16.7,6.0
220405,3.0,Chile,4009,1.0,16.7,6.0
220405,4.0,Bolivia,4006,1.0,16.7,6.0
220405,5.0,Venezuela,4037,1.0,16.7,6.0
220406,1.0,Chile,4009,4.0,100.0,4.0
220501,1.0,Venezuela,4037,60.0,63.2,95.0
220501,2.0,España,6009,6.0,6.3,95.0
220501,3.0,Alemania,6002,5.0,5.3,95.0
220501,4.0,Francia,6011,5.0,5.3,95.0
220501,5.0,Chile,4009,3.0,3.2,95.0
220501,6.0,Estados Unidos,4016,3.0,3.2,95.0
220502,1.0,Chile,4009,2.0,40.0,5.0
220502,2.0,Venezuela,4037,2.0,40.0,5.0
220502,3.0,Honduras,4022,1.0,20.0,5.0
220503,1.0,Venezuela,4037,11.0,64.7,17.0
220503,2.0,Colombia,4010,2.0,11.8,17.0
220503,3.0,México,4024,2.0,11.8,17.0
220503,4.0,Ecuador,4014,1.0,5.9,17.0
220503,5.0,Brasil,4007,1.0,5.9,17.0
220504,1.0,Venezuela,4037,15.0,65.2,23.0
220504,2.0,Colombia,4010,3.0,13.0,23.0
220504,3.0,Chile,4009,2.0,8.7,23.0
220504,4.0,Ecuador,4014,2.0,8.7,23.0
220504,5.0,Brasil,4007,1.0,4.3,23.0
220505,1.0,Ecuador,4014,4.0,44.4,9.0
220505,2.0,Francia,6011,1.0,11.1,9.0
220505,3.0,Venezuela,4037,1.0,11.1,9.0
220505,4.0,Italia,6016,1.0,11.1,9.0
220505,5.0,Honduras,4022,1.0,11.1,9.0
220505,6.0,Japón,5020,1.0,11.1,9.0
220506,1.0,Venezuela,4037,3.0,60.0,5.0
220506,2.0,Inglaterra,6063,1.0,20.0,5.0
220506,3.0,Ecuador,4014,1.0,20.0,5.0
220507,1.0,Venezuela,4037,4.0,40.0,10.0
220507,2.0,Chile,4009,2.0,20.0,10.0
220507,3.0,Estados Unidos,4016,1.0,10.0,10.0
220507,4.0,Países Bajos,6022,1.0,10.0,10.0
220507,5.0,Inglaterra,6063,1.0,10.0,10.0
220507,6.0,Francia,6011,1.0,10.0,10.0
220508,1.0,Lituania,6036,2.0,11.8,17.0
220508,2.0,Colombia,4010,2.0,11.8,17.0
220508,3.0,Alemania,6002,2.0,11.8,17.0
220508,4.0,Francia,6011,2.0,11.8,17.0
220508,5.0,España,6009,2.0,11.8,17.0
220508,6.0,Italia,6016,2.0,11.8,17.0
220509,,,,,,0.0
220510,1.0,Ecuador,4014,4.0,26.7,15.0
220510,2.0,Venezuela,4037,4.0,26.7,15.0
220510,3.0,Chile,4009,3.0,20.0,15.0
220510,4.0,Argentina,4002,2.0,13.3,15.0
220510,5.0,Colombia,4010,1.0,6.7,15.0
220510,6.0,Brasil,4007,1.0,6.7,15.0
220511,1.0,Chile,4009,2.0,25.0,8.0
220511,2.0,Colombia,4010,1.0,12.5,8.0
220511,3.0,Grecia,6012,1.0,12.5,8.0
220511,4.0,Bélgica,6005,1.0,12.5,8.0
220511,5.0,Estados Unidos,4016,1.0,12.5,8.0
220511,6.0,Venezuela,4037,1.0,12.5,8.0
220601,1.0,Venezuela,4037,101.0,49.5,204.0
220601,2.0,Colombia,4010,56.0,27.5,204.0
220601,3.0,Chile,4009,16.0,7.8,204.0
220601,4.0,Argentina,4002,10.0,4.9,204.0
220601,5.0,Ecuador,4014,8.0,3.9,204.0
220601,6.0,España,6009,4.0,2.0,204.0
220602,1.0,Venezuela,4037,10.0,40.0,25.0
220602,2.0,Ecuador,4014,5.0,20.0,25.0
220602,3.0,Chile,4009,4.0,16.0,25.0
220602,4.0,Colombia,4010,4.0,16.0,25.0
220602,5.0,Nicaragua,4025,1.0,4.0,25.0
220602,6.0,Brasil,4007,1.0,4.0,25.0
220603,1.0,Ecuador,4014,7.0,63.6,11.0
220603,2.0,Venezuela,4037,3.0,27.3,11.0
220603,3.0,Suiza,6029,1.0,9.1,11.0
220604,1.0,Bolivia,4006,3.0,60.0,5.0
220604,2.0,Venezuela,4037,1.0,20.0,5.0
220604,3.0,Ecuador,4014,1.0,20.0,5.0
220605,1.0,Ecuador,4014,4.0,26.7,15.0
220605,2.0,Brasil,4007,3.0,20.0,15.0
220605,3.0,Venezuela,4037,2.0,13.3,15.0
220605,4.0,Paraguay,4027,1.0,6.7,15.0
220605,5.0,Bolivia,4006,1.0,6.7,15.0
220605,6.0,Colombia,4010,1.0,6.7,15.0
220701,1.0,Venezuela,4037,50.0,73.5,68.0
220701,2.0,Colombia,4010,6.0,8.8,68.0
220701,3.0,México,4024,3.0,4.4,68.0
220701,4.0,Argentina,4002,3.0,4.4,68.0
220701,5.0,Brasil,4007,2.0,2.9,68.0
220701,6.0,Ecuador,4014,2.0,2.9,68.0
220702,1.0,Estados Unidos,4016,9.0,64.3,14.0
220702,2.0,Colombia,4010,4.0,28.6,14.0
220702,3.0,Ecuador,4014,1.0,7.1,14.0
220703,1.0,Chile,4009,2.0,100.0,2.0
220704,1.0,Venezuela,4037,6.0,66.7,9.0
220704,2.0,Argentina,4002,3.0,33.3,9.0
220705,1.0,Venezuela,4037,7.0,63.6,11.0
220705,2.0,Ecuador,4014,3.0,27.3,11.0
220705,3.0,Colombia,4010,1.0,9.1,11.0
220706,1.0,Chile,4009,1.0,100.0,1.0
220707,1.0,Venezuela,4037,6.0,66.7,9.0
220707,2.0,Brasil,4007,1.0,11.1,9.0
220707,3.0,Colombia,4010,1.0,11.1,9.0
220707,4.0,Argentina,4002,1.0,11.1,9.0
220708,1.0,España,6009,3.0,75.0,4.0
220708,2.0,Venezuela,4037,1.0,25.0,4.0
220709,1.0,Ecuador,4014,3.0,60.0,5.0
220709,2.0,Argentina,4002,2.0,40.0,5.0
220710,1.0,Venezuela,4037,3.0,60.0,5.0
220710,2.0,Colombia,4010,1.0,20.0,5.0
220710,3.0,Chile,4009,1.0,20.0,5.0
220801,1.0,Venezuela,4037,243.0,79.9,304.0
220801,2.0,Ecuador,4014,20.0,6.6,304.0
220801,3.0,Cuba,4012,11.0,3.6,304.0
220801,4.0,España,6009,6.0,2.0,304.0
220801,5.0,Brasil,4007,6.0,2.0,304.0
220801,6.0,Colombia,4010,5.0,1.6,304.0
220802,1.0,Ecuador,4014,6.0,60.0,10.0
220802,2.0,Venezuela,4037,2.0,20.0,10.0
220802,3.0,Filipinas,5013,1.0,10.0,10.0
220802,4.0,Brasil,4007,1.0,10.0,10.0
220803,1.0,Argentina,4002,17.0,34.7,49.0
220803,2.0,Venezuela,4037,13.0,26.5,49.0
220803,3.0,Ecuador,4014,9.0,18.4,49.0
220803,4.0,Colombia,4010,4.0,8.2,49.0
220803,5.0,Chile,4009,3.0,6.1,49.0
220803,6.0,Brasil,4007,2.0,4.1,49.0
220804,1.0,Venezuela,4037,85.0,41.3,206.0
220804,2.0,Ecuador,4014,64.0,31.1,206.0
220804,3.0,Colombia,4010,15.0,7.3,206.0
220804,4.0,Argentina,4002,10.0,4.9,206.0
220804,5.0,Chile,4009,9.0,4.4,206.0
220804,6.0,Bolivia,4006,7.0,3.4,206.0
220805,1.0,Venezuela,4037,19.0,57.6,33.0
220805,2.0,Chile,4009,5.0,15.2,33.0
220805,3.0,Ecuador,4014,4.0,12.1,33.0
220805,4.0,Colombia,4010,2.0,6.1,33.0
220805,5.0,Bolivia,4006,2.0,6.1,33.0
220805,6.0,Estados Unidos,4016,1.0,3.0,33.0
220806,1.0,Venezuela,4037,37.0,84.1,44.0
220806,2.0,Ecuador,4014,5.0,11.4,44.0
220806,3.0,Colombia,4010,1.0,2.3,44.0
220806,4.0,Brasil,4007,1.0,2.3,44.0
220807,1.0,Chile,4009,2.0,66.7,3.0
220807,2.0,Ecuador,4014,1.0,33.3,3.0
220808,1.0,Chile,4009,1.0,25.0,4.0
220808,2.0,Ecuador,4014,1.0,25.0,4.0
220808,3.0,Venezuela,4037,1.0,25.0,4.0
220808,4.0,Estados Unidos,4016,1.0,25.0,4.0
220809,1.0,Ecuador,4014,11.0,73.3,15.0
220809,2.0,Venezuela,4037,2.0,13.3,15.0
220809,3.0,Argentina,4002,1.0,6.7,15.0
220809,4.0,Colombia,4010,1.0,6.7,15.0
220901,1.0,Venezuela,4037,1228.0,80.2,1531.0
220901,2.0,Colombia,4010,97.0,6.3,1531.0
220901,3.0,Ecuador,4014,22.0,1.4,1531.0
220901,4.0,Argentina,4002,21.0,1.4,1531.0
220901,5.0,Estados Unidos,4016,19.0,1.2,1531.0
220901,6.0,Chile,4009,18.0,1.2,1531.0
220902,1.0,España,6009,1.0,100.0,1.0
220903,1.0,Venezuela,4037,20.0,41.7,48.0
220903,2.0,Colombia,4010,7.0,14.6,48.0
220903,3.0,Ecuador,4014,6.0,12.5,48.0
220903,4.0,Brasil,4007,5.0,10.4,48.0
220903,5.0,Estados Unidos,4016,3.0,6.3,48.0
220903,6.0,Chile,4009,2.0,4.2,48.0
220904,1.0,Chile,4009,3.0,33.3,9.0
220904,2.0,Brasil,4007,2.0,22.2,9.0
220904,3.0,Argentina,4002,2.0,22.2,9.0
220904,4.0,Colombia,4010,1.0,11.1,9.0
220904,5.0,Venezuela,4037,1.0,11.1,9.0
220905,1.0,Venezuela,4037,1.0,50.0,2.0
220905,2.0,Ecuador,4014,1.0,50.0,2.0
220906,1.0,Venezuela,4037,13.0,76.5,17.0
220906,2.0,Brasil,4007,1.0,5.9,17.0
220906,3.0,Ecuador,4014,1.0,5.9,17.0
220906,4.0,Argentina,4002,1.0,5.9,17.0
220906,5.0,Colombia,4010,1.0,5.9,17.0
220907,1.0,Venezuela,4037,2.0,66.7,3.0
220907,2.0,Argentina,4002,1.0,33.3,3.0
220908,1.0,Venezuela,4037,30.0,75.0,40.0
220908,2.0,Argentina,4002,4.0,10.0,40.0
220908,3.0,Colombia,4010,2.0,5.0,40.0
220908,4.0,Chile,4009,1.0,2.5,40.0
220908,5.0,Hungría,6013,1.0,2.5,40.0
220908,6.0,España,6009,1.0,2.5,40.0
220909,1.0,Venezuela,4037,350.0,65.8,532.0
220909,2.0,Colombia,4010,79.0,14.8,532.0
220909,3.0,Brasil,4007,12.0,2.3,532.0
220909,4.0,Ecuador,4014,11.0,2.1,532.0
220909,5.0,Chile,4009,10.0,1.9,532.0
220909,6.0,Argentina,4002,10.0,1.9,532.0
220910,1.0,Venezuela,4037,339.0,62.8,540.0
220910,2.0,Colombia,4010,84.0,15.6,540.0
220910,3.0,Ecuador,4014,36.0,6.7,540.0
220910,4.0,Brasil,4007,12.0,2.2,540.0
220910,5.0,Argentina,4002,11.0,2.0,540.0
220910,6.0,Chile,4009,10.0,1.9,540.0
220911,1.0,Brasil,4007,3.0,42.9,7.0
220911,2.0,Argentina,4002,1.0,14.3,7.0
220911,3.0,República Democrática del Congo,3049,1.0,14.3,7.0
220911,4.0,México,4024,1.0,14.3,7.0
220911,5.0,Colombia,4010,1.0,14.3,7.0
220912,1.0,Argentina,4002,4.0,19.0,21.0
220912,2.0,Francia,6011,4.0,19.0,21.0
220912,3.0,Estados Unidos,4016,3.0,14.3,21.0
220912,4.0,Venezuela,4037,2.0,9.5,21.0
220912,5.0,Noruega,6021,1.0,4.8,21.0
220912,6.0,Canadá,4008,1.0,4.8,21.0
220913,1.0,Venezuela,4037,27.0,71.1,38.0
220913,2.0,Colombia,4010,5.0,13.2,38.0
220913,3.0,Ecuador,4014,2.0,5.3,38.0
220913,4.0,Estados Unidos,4016,1.0,2.6,38.0
220913,5.0,Inglaterra,6063,1.0,2.6,38.0
220913,6.0,Francia,6011,1.0,2.6,38.0
220914,1.0,Venezuela,4037,11.0,100.0,11.0
221001,1.0,Venezuela,4037,171.0,74.7,229.0
221001,2.0,Colombia,4010,30.0,13.1,229.0
221001,3.0,Chile,4009,7.0,3.1,229.0
221001,4.0,Bolivia,4006,6.0,2.6,229.0
221001,5.0,Brasil,4007,4.0,1.7,229.0
221001,6.0,Italia,6016,3.0,1.3,229.0
221002,1.0,Venezuela,4037,11.0,50.0,22.0
221002,2.0,Brasil,4007,3.0,13.6,22.0
221002,3.0,Chile,4009,3.0,13.6,22.0
221002,4.0,Bolivia,4006,1.0,4.5,22.0
221002,5.0,Colombia,4010,1.0,4.5,22.0
221002,6.0,México,4024,1.0,4.5,22.0
221003,1.0,Venezuela,4037,15.0,57.7,26.0
221003,2.0,Ecuador,4014,7.0,26.9,26.0
221003,3.0,Colombia,4010,3.0,11.5,26.0
221003,4.0,Bolivia,4006,1.0,3.8,26.0
221004,1.0,Cuba,4012,1.0,50.0,2.0
221004,2.0,Venezuela,4037,1.0,50.0,2.0
221005,1.0,Venezuela,4037,27.0,48.2,56.0
221005,2.0,Argentina,4002,7.0,12.5,56.0
221005,3.0,Brasil,4007,7.0,12.5,56.0
221005,4.0,Colombia,4010,7.0,12.5,56.0
221005,5.0,Chile,4009,3.0,5.4,56.0
221005,6.0,España,6009,3.0,5.4,56.0
221006,1.0,Venezuela,4037,6.0,46.2,13.0
221006,2.0,Argentina,4002,3.0,23.1,13.0
221006,3.0,Brasil,4007,1.0,7.7,13.0
221006,4.0,Chile,4009,1.0,7.7,13.0
221006,5.0,Colombia,4010,1.0,7.7,13.0
221006,6.0,Ecuador,4014,1.0,7.7,13.0
230101,1.0,Venezuela,4037,2726.0,67.1,4062.0
230101,2.0,Chile,4009,642.0,15.8,4062.0
230101,3.0,Bolivia,4006,190.0,4.7,4062.0
230101,4.0,Colombia,4010,148.0,3.6,4062.0
230101,5.0,Ecuador,4014,86.0,2.1,4062.0
230101,6.0,Argentina,4002,65.0,1.6,4062.0
230102,1.0,Venezuela,4037,188.0,56.5,333.0
230102,2.0,Chile,4009,69.0,20.7,333.0
230102,3.0,Bolivia,4006,50.0,15.0,333.0
230102,4.0,Colombia,4010,9.0,2.7,333.0
230102,5.0,Paraguay,4027,7.0,2.1,333.0
230102,6.0,República Dominicana,4030,2.0,0.6,333.0
230103,1.0,Venezuela,4037,20.0,38.5,52.0
230103,2.0,Chile,4009,15.0,28.8,52.0
230103,3.0,Bolivia,4006,13.0,25.0,52.0
230103,4.0,Colombia,4010,2.0,3.8,52.0
230103,5.0,España,6009,1.0,1.9,52.0
230103,6.0,San Martín (Países Bajos),4048,1.0,1.9,52.0
230104,1.0,Chile,4009,117.0,44.2,265.0
230104,2.0,Venezuela,4037,70.0,26.4,265.0
230104,3.0,Bolivia,4006,49.0,18.5,265.0
230104,4.0,Colombia,4010,8.0,3.0,265.0
230104,5.0,Argentina,4002,7.0,2.6,265.0
230104,6.0,El Salvador,4015,4.0,1.5,265.0
230105,1.0,Ecuador,4014,4.0,57.1,7.0
230105,2.0,Bolivia,4006,1.0,14.3,7.0
230105,3.0,Venezuela,4037,1.0,14.3,7.0
230105,4.0,Chile,4009,1.0,14.3,7.0
230106,1.0,Chile,4009,7.0,58.3,12.0
230106,2.0,Colombia,4010,2.0,16.7,12.0
230106,3.0,Bolivia,4006,2.0,16.7,12.0
230106,4.0,Venezuela,4037,1.0,8.3,12.0
230107,1.0,Bolivia,4006,12.0,85.7,14.0
230107,2.0,Chile,4009,2.0,14.3,14.0
230108,1.0,Venezuela,4037,402.0,60.6,663.0
230108,2.0,Chile,4009,115.0,17.3,663.0
230108,3.0,Colombia,4010,50.0,7.5,663.0
230108,4.0,Bolivia,4006,37.0,5.6,663.0
230108,5.0,Ecuador,4014,21.0,3.2,663.0
230108,6.0,Argentina,4002,10.0,1.5,663.0
230109,1.0,Venezuela,4037,190.0,84.4,225.0
230109,2.0,Chile,4009,13.0,5.8,225.0
230109,3.0,Colombia,4010,9.0,4.0,225.0
230109,4.0,Bolivia,4006,8.0,3.6,225.0
230109,5.0,Brasil,4007,2.0,0.9,225.0
230109,6.0,España,6009,1.0,0.4,225.0
230110,1.0,Venezuela,4037,1093.0,52.1,2097.0
230110,2.0,Chile,4009,523.0,24.9,2097.0
230110,3.0,Bolivia,4006,261.0,12.4,2097.0
230110,4.0,Colombia,4010,75.0,3.6,2097.0
230110,5.0,Argentina,4002,31.0,1.5,2097.0
230110,6.0,Ecuador,4014,27.0,1.3,2097.0
230111,1.0,Venezuela,4037,29.0,35.8,81.0
230111,2.0,Chile,4009,24.0,29.6,81.0
230111,3.0,Bolivia,4006,17.0,21.0,81.0
230111,4.0,Colombia,4010,3.0,3.7,81.0
230111,5.0,Paraguay,4027,2.0,2.5,81.0
230111,6.0,Estados Unidos,4016,1.0,1.2,81.0
230201,1.0,Bolivia,4006,1.0,50.0,2.0
230201,2.0,Colombia,4010,1.0,50.0,2.0
230202,1.0,Chile,4009,3.0,75.0,4.0
230202,2.0,Venezuela,4037,1.0,25.0,4.0
230203,1.0,Chile,4009,2.0,66.7,3.0
230203,2.0,Venezuela,4037,1.0,33.3,3.0
230204,,,,,,0.0
230205,1.0,Venezuela,4037,1.0,100.0,1.0
230206,,,,,,0.0
230301,1.0,Chile,4009,3.0,42.9,7.0
230301,2.0,Venezuela,4037,2.0,28.6,7.0
230301,3.0,Argentina,4002,1.0,14.3,7.0
230301,4.0,Croacia,6041,1.0,14.3,7.0
230302,1.0,México,4024,7.0,29.2,24.0
230302,2.0,Venezuela,4037,5.0,20.8,24.0
230302,3.0,Ecuador,4014,5.0,20.8,24.0
230302,4.0,Bolivia,4006,2.0,8.3,24.0
230302,5.0,Chile,4009,2.0,8.3,24.0
230302,6.0,Cuba,4012,1.0,4.2,24.0
230303,1.0,Bolivia,4006,2.0,22.2,9.0
230303,2.0,República Dominicana,4030,2.0,22.2,9.0
230303,3.0,Chile,4009,1.0,11.1,9.0
230303,4.0,Rumania,6026,1.0,11.1,9.0
230303,5.0,Colombia,4010,1.0,11.1,9.0
230303,6.0,Ecuador,4014,1.0,11.1,9.0
230401,1.0,Venezuela,4037,12.0,50.0,24.0
230401,2.0,Bolivia,4006,9.0,37.5,24.0
230401,3.0,Países Bajos,6022,1.0,4.2,24.0
230401,4.0,Ecuador,4014,1.0,4.2,24.0
230401,5.0,Colombia,4010,1.0,4.2,24.0
230402,1.0,Colombia,4010,1.0,100.0,1.0
230403,,,,,,0.0
230404,1.0,Chile,4009,1.0,100.0,1.0
230405,1.0,Colombia,4010,1.0,100.0,1.0
230406,,,,,,0.0
230407,1.0,Venezuela,4037,1.0,50.0,2.0
230407,2.0,Chile,4009,1.0,50.0,2.0
230408,,,,,,0.0
240101,1.0,Venezuela,4037,6105.0,89.9,6791.0
240101,2.0,Ecuador,4014,409.0,6.0,6791.0
240101,3.0,Colombia,4010,192.0,2.8,6791.0
240101,4.0,Argentina,4002,25.0,0.4,6791.0
240101,5.0,Chile,4009,13.0,0.2,6791.0
240101,6.0,Cuba,4012,11.0,0.2,6791.0
240102,1.0,Venezuela,4037,763.0,88.5,862.0
240102,2.0,Ecuador,4014,63.0,7.3,862.0
240102,3.0,Colombia,4010,24.0,2.8,862.0
240102,4.0,Bolivia,4006,4.0,0.5,862.0
240102,5.0,Chile,4009,3.0,0.3,862.0
240102,6.0,Argentina,4002,3.0,0.3,862.0
240103,1.0,Venezuela,4037,530.0,92.2,575.0
240103,2.0,Ecuador,4014,22.0,3.8,575.0
240103,3.0,Colombia,4010,10.0,1.7,575.0
240103,4.0,Chile,4009,4.0,0.7,575.0
240103,5.0,Bolivia,4006,2.0,0.3,575.0
240103,6.0,Eslovenia,6042,1.0,0.2,575.0
240104,1.0,Venezuela,4037,95.0,60.9,156.0
240104,2.0,Ecuador,4014,55.0,35.3,156.0
240104,3.0,Colombia,4010,3.0,1.9,156.0
240104,4.0,Chile,4009,2.0,1.3,156.0
240104,5.0,Cuba,4012,1.0,0.6,156.0
240105,1.0,Venezuela,4037,149.0,86.1,173.0
240105,2.0,Ecuador,4014,21.0,12.1,173.0
240105,3.0,Chile,4009,2.0,1.2,173.0
240105,4.0,Argentina,4002,1.0,0.6,173.0
240106,1.0,Venezuela,4037,56.0,88.9,63.0
240106,2.0,Ecuador,4014,5.0,7.9,63.0
240106,3.0,Alemania,6002,1.0,1.6,63.0
240106,4.0,San Cristóbal y Nieves,4031,1.0,1.6,63.0
240201,1.0,Venezuela,4037,602.0,91.6,657.0
240201,2.0,Colombia,4010,24.0,3.7,657.0
240201,3.0,Ecuador,4014,15.0,2.3,657.0
240201,4.0,Chile,4009,3.0,0.5,657.0
240201,5.0,Argentina,4002,3.0,0.5,657.0
240201,6.0,Francia,6011,2.0,0.3,657.0
240202,1.0,Ecuador,4014,5.0,50.0,10.0
240202,2.0,Venezuela,4037,4.0,40.0,10.0
240202,3.0,Argentina,4002,1.0,10.0,10.0
240203,1.0,Venezuela,4037,296.0,87.1,340.0
240203,2.0,Colombia,4010,10.0,2.9,340.0
240203,3.0,Ecuador,4014,9.0,2.6,340.0
240203,4.0,Chile,4009,5.0,1.5,340.0
240203,5.0,Argentina,4002,4.0,1.2,340.0
240203,6.0,Bolivia,4006,4.0,1.2,340.0
240301,1.0,Venezuela,4037,1372.0,82.7,1660.0
240301,2.0,Ecuador,4014,252.0,15.2,1660.0
240301,3.0,Colombia,4010,19.0,1.1,1660.0
240301,4.0,Argentina,4002,7.0,0.4,1660.0
240301,5.0,Brasil,4007,3.0,0.2,1660.0
240301,6.0,España,6009,3.0,0.2,1660.0
240302,1.0,Venezuela,4037,537.0,63.3,848.0
240302,2.0,Ecuador,4014,283.0,33.4,848.0
240302,3.0,Colombia,4010,19.0,2.2,848.0
240302,4.0,Chile,4009,4.0,0.5,848.0
240302,5.0,Argentina,4002,2.0,0.2,848.0
240302,6.0,Grecia,6012,1.0,0.1,848.0
240303,1.0,Ecuador,4014,41.0,59.4,69.0
240303,2.0,Venezuela,4037,26.0,37.7,69.0
240303,3.0,Chile,4009,1.0,1.4,69.0
240303,4.0,Guinea Ecuatorial,3019,1.0,1.4,69.0
240304,1.0,Venezuela,4037,104.0,52.3,199.0
240304,2.0,Ecuador,4014,89.0,44.7,199.0
240304,3.0,Chile,4009,2.0,1.0,199.0
240304,4.0,Colombia,4010,2.0,1.0,199.0
240304,5.0,Estados Unidos,4016,1.0,0.5,199.0
240304,6.0,Israel,5019,1.0,0.5,199.0
250101,1.0,Venezuela,4037,1238.0,75.4,1642.0
250101,2.0,Brasil,4007,140.0,8.5,1642.0
250101,3.0,Colombia,4010,110.0,6.7,1642.0
250101,4.0,Bolivia,4006,30.0,1.8,1642.0
250101,5.0,Chile,4009,21.0,1.3,1642.0
250101,6.0,Argentina,4002,18.0,1.1,1642.0
250102,1.0,Venezuela,4037,21.0,34.4,61.0
250102,2.0,Brasil,4007,12.0,19.7,61.0
250102,3.0,Colombia,4010,9.0,14.8,61.0
250102,4.0,Bolivia,4006,6.0,9.8,61.0
250102,5.0,Ecuador,4014,4.0,6.6,61.0
250102,6.0,Argentina,4002,3.0,4.9,61.0
250103,1.0,Brasil,4007,4.0,50.0,8.0
250103,2.0,Venezuela,4037,2.0,25.0,8.0
250103,3.0,Chile,4009,1.0,12.5,8.0
250103,4.0,Argentina,4002,1.0,12.5,8.0
250104,1.0,Brasil,4007,22.0,53.7,41.0
250104,2.0,Venezuela,4037,10.0,24.4,41.0
250104,3.0,Colombia,4010,3.0,7.3,41.0
250104,4.0,Ecuador,4014,3.0,7.3,41.0
250104,5.0,México,4024,2.0,4.9,41.0
250104,6.0,Chile,4009,1.0,2.4,41.0
250105,1.0,Venezuela,4037,824.0,61.4,1342.0
250105,2.0,Colombia,4010,168.0,12.5,1342.0
250105,3.0,Brasil,4007,94.0,7.0,1342.0
250105,4.0,Estados Unidos,4016,60.0,4.5,1342.0
250105,5.0,Ecuador,4014,39.0,2.9,1342.0
250105,6.0,Bolivia,4006,25.0,1.9,1342.0
250106,1.0,Venezuela,4037,4.0,33.3,12.0
250106,2.0,Ecuador,4014,3.0,25.0,12.0
250106,3.0,Brasil,4007,2.0,16.7,12.0
250106,4.0,Colombia,4010,2.0,16.7,12.0
250106,5.0,Corea del Sur,5010,1.0,8.3,12.0
250107,1.0,Venezuela,4037,257.0,57.6,446.0
250107,2.0,Brasil,4007,66.0,14.8,446.0
250107,3.0,Colombia,4010,53.0,11.9,446.0
250107,4.0,Argentina,4002,15.0,3.4,446.0
250107,5.0,Chile,4009,13.0,2.9,446.0
250107,6.0,Ecuador,4014,8.0,1.8,446.0
250201,1.0,Venezuela,4037,64.0,69.6,92.0
250201,2.0,Colombia,4010,5.0,5.4,92.0
250201,3.0,Estados Unidos,4016,4.0,4.3,92.0
250201,4.0,Brasil,4007,4.0,4.3,92.0
250201,5.0,Chile,4009,4.0,4.3,92.0
250201,6.0,España,6009,3.0,3.3,92.0
250202,1.0,Venezuela,4037,14.0,82.4,17.0
250202,2.0,Brasil,4007,2.0,11.8,17.0
250202,3.0,Chile,4009,1.0,5.9,17.0
250203,1.0,Brasil,4007,5.0,100.0,5.0
250204,1.0,Brasil,4007,16.0,80.0,20.0
250204,2.0,Venezuela,4037,2.0,10.0,20.0
250204,3.0,Paraguay,4027,2.0,10.0,20.0
250301,1.0,Venezuela,4037,62.0,60.2,103.0
250301,2.0,Colombia,4010,20.0,19.4,103.0
250301,3.0,Brasil,4007,6.0,5.8,103.0
250301,4.0,Argentina,4002,6.0,5.8,103.0
250301,5.0,Bolivia,4006,2.0,1.9,103.0
250301,6.0,Ecuador,4014,2.0,1.9,103.0
250302,1.0,Venezuela,4037,11.0,42.3,26.0
250302,2.0,Brasil,4007,4.0,15.4,26.0
250302,3.0,Chile,4009,3.0,11.5,26.0
250302,4.0,Argentina,4002,2.0,7.7,26.0
250302,5.0,Ecuador,4014,2.0,7.7,26.0
250302,6.0,Italia,6016,1.0,3.8,26.0
250303,1.0,Brasil,4007,13.0,50.0,26.0
250303,2.0,Venezuela,4037,4.0,15.4,26.0
250303,3.0,Chile,4009,2.0,7.7,26.0
250303,4.0,Ecuador,4014,2.0,7.7,26.0
250303,5.0,España,6009,2.0,7.7,26.0
250303,6.0,Colombia,4010,1.0,3.8,26.0
250304,1.0,Venezuela,4037,31.0,49.2,63.0
250304,2.0,Brasil,4007,9.0,14.3,63.0
250304,3.0,Argentina,4002,8.0,12.7,63.0
250304,4.0,Colombia,4010,7.0,11.1,63.0
250304,5.0,Bolivia,4006,3.0,4.8,63.0
250304,6.0,Chile,4009,2.0,3.2,63.0
250305,1.0,Venezuela,4037,6.0,30.0,20.0
250305,2.0,Bolivia,4006,5.0,25.0,20.0
250305,3.0,Colombia,4010,4.0,20.0,20.0
250305,4.0,Chile,4009,2.0,10.0,20.0
250305,5.0,Brasil,4007,2.0,10.0,20.0
250305,6.0,Ecuador,4014,1.0,5.0,20.0
250306,1.0,Chile,4009,1.0,25.0,4.0
250306,2.0,Colombia,4010,1.0,25.0,4.0
250306,3.0,Ecuador,4014,1.0,25.0,4.0
250306,4.0,Estados Unidos,4016,1.0,25.0,4.0
250307,1.0,Bolivia,4006,3.0,50.0,6.0
250307,2.0,Colombia,4010,2.0,33.3,6.0
250307,3.0,Ecuador,4014,1.0,16.7,6.0
250401,1.0,Brasil,4007,23.0,88.5,26.0
250401,2.0,Venezuela,4037,2.0,7.7,26.0
250401,3.0,Gibraltar,6048,1.0,3.8,26.0
