ubigeo,pop_ghsl15,alt_popw,alt_mean,alt_median,alt_sd,lat_popw,lon_popw,n_cells,popw_fallback
010101,25067.8048,2345.3926,2427.2062,2391.7967,376.4320,-6.2286,-77.8701,18020,0
010102,421.3208,2720.3921,2835.8607,2830.2470,298.6974,-6.0055,-77.7314,4097,0
010103,1393.6393,1498.0386,2324.3380,2320.0392,796.0271,-6.8190,-77.9822,37336,0
010104,572.7779,2176.3488,2532.8619,2464.4751,299.7897,-6.2809,-77.6939,8280,0
010105,649.5484,2309.3953,2655.6823,2625.2588,337.7400,-6.0912,-77.7673,16646,0
010106,1917.1400,2167.2278,2767.7676,2837.8515,889.7166,-6.9442,-77.9252,21650,0
010107,442.8523,3018.3227,3379.1830,3417.8884,263.9430,-6.0986,-77.6308,20118,0
010108,897.5861,2590.5679,2201.5132,2260.6373,318.9518,-6.1674,-77.8655,5428,0
010109,4953.5143,2646.6148,2916.4816,2991.7227,399.1938,-6.5029,-77.8176,14594,0
010110,2543.2274,2385.9510,3359.7607,3384.1501,409.4152,-6.7185,-77.8046,44827,0
010111,866.0723,2653.2602,2748.3418,2790.9459,468.6819,-6.3057,-77.8983,8804,0
010112,832.3434,2097.4511,2703.2086,2773.3869,402.0593,-6.3975,-77.8798,15926,0
010113,1204.2319,2267.9650,2901.8036,2956.8291,411.6189,-6.5752,-77.8133,9299,0
010114,3076.5272,2359.7003,2764.1407,2704.3422,335.7045,-6.2255,-77.6449,40023,0
010115,873.4880,2286.1945,2837.2621,2804.8294,376.4972,-6.6300,-77.8005,14480,0
010116,285.1069,2691.9113,3161.4445,3153.0395,381.2445,-6.0100,-77.7083,12561,0
010117,721.0575,2472.5179,3081.9939,3094.1908,315.6459,-6.1488,-77.7157,9710,0
010118,328.8750,2239.9390,2343.1310,2328.4540,230.9551,-6.2367,-77.7411,4749,0
010119,649.5331,2361.1541,2856.0736,2912.0272,300.3662,-6.3428,-77.8767,12697,0
010120,1274.6016,2382.1796,2926.8446,2993.5923,280.3533,-6.2612,-77.7404,8790,0
010121,203.9310,2217.2190,2395.6165,2471.9657,251.3777,-6.1967,-77.7803,14131,0
010201,26649.2368,449.8423,596.7515,516.9871,234.7733,-5.6329,-78.5309,15630,0
010202,9705.3535,703.2178,1266.8028,1170.8821,586.8828,-5.4168,-78.4456,90668,0
010203,5331.9734,754.3546,1308.1236,1053.5734,785.5975,-5.6706,-78.4263,11629,0
010204,1253.6435,608.8787,655.2811,649.3056,69.0448,-5.6233,-78.4765,2131,0
010205,21063.8602,318.7749,908.0618,832.4393,471.8291,-5.1172,-78.3138,538370,0
010206,4209.7119,893.3738,1079.1499,935.4907,452.9638,-5.6074,-78.4407,16224,0
010301,1747.0834,2088.2536,2673.9134,2670.2415,385.2254,-5.9269,-77.7991,18654,0
010302,341.0949,2002.8293,2831.7330,2872.1027,393.1383,-5.8866,-77.7937,19025,0
010303,267.4217,1414.9944,2225.5070,2336.5571,452.9498,-6.0128,-77.9541,3737,0
010304,858.3307,1929.0624,2388.5208,2409.0487,330.9387,-5.8233,-77.8261,7545,0
010305,1027.3756,1629.0986,2231.0825,2144.8533,484.9468,-5.9213,-77.9500,11336,0
010306,7791.3213,2229.9286,2388.8109,2337.8019,363.4354,-5.8218,-77.9598,26102,0
010307,8331.3989,1383.0855,1924.2970,1891.8212,462.2156,-5.9424,-77.9834,8912,0
010308,229.9141,2181.5339,2470.4617,2369.4531,357.3037,-5.9208,-77.7882,3302,0
010309,347.6569,1885.3177,2699.4366,2847.4917,425.4854,-5.9699,-77.9460,13219,0
010310,1568.4048,1619.2659,2080.0604,2059.9450,565.0458,-5.9047,-78.0090,14726,0
010311,1341.4209,1750.4909,2218.6308,2182.8586,431.5687,-6.0532,-77.9123,9175,0
010312,6724.6345,1940.6593,1770.0223,1755.4054,488.8632,-5.7173,-77.9099,197368,0
010401,25578.5383,220.8773,505.2082,308.5344,380.2427,-4.6630,-77.8961,491012,0
010402,9204.8082,405.5266,950.2765,904.8939,405.5282,-4.2625,-78.2597,657863,0
010403,14689.2681,197.1810,544.3377,380.9183,398.5825,-4.0401,-77.7615,946731,0
010501,2053.5994,2349.3475,2455.2114,2490.0802,364.1808,-6.1367,-77.9539,8598,0
010502,3572.8360,1729.0462,1685.8310,1611.0464,583.5747,-6.1905,-78.3287,25728,0
010503,2157.6082,2214.8689,2237.0276,2283.5639,716.5636,-6.6216,-78.0216,40133,0
010504,2166.7045,2316.2141,2827.7656,2903.1968,445.1120,-6.3023,-77.9683,12653,0
010505,1888.5299,1801.4435,2534.6805,2638.4479,497.8821,-6.0982,-78.1705,29251,0
010506,564.8336,2394.4576,2719.9261,2758.4389,363.4048,-6.2398,-77.9911,13950,0
010507,928.1512,2735.7939,3190.3987,3224.5748,349.5490,-6.3998,-77.9845,6903,0
010508,1030.3188,2644.7266,2633.4227,2582.1462,324.0325,-6.1967,-78.0097,8174,0
010509,3258.8202,2547.9609,2456.6969,2469.2448,331.2062,-6.1651,-77.9755,9759,0
010510,585.2005,2841.9442,2559.2378,2705.6564,430.3522,-6.1358,-78.0436,7980,0
010511,812.5396,2769.1142,3170.0857,3182.6838,285.1762,-6.4431,-77.9555,10324,0
010512,3657.2346,1678.8291,2033.8159,1990.3238,537.7274,-6.2358,-78.2528,20224,0
010513,3638.8264,1914.8935,2059.4605,2107.8202,516.4588,-6.3383,-78.1614,42807,0
010514,5272.4682,1984.6590,2378.5594,2383.8792,797.9231,-6.4663,-78.0995,34214,0
010515,1375.9282,1853.1475,1666.2889,1618.9629,545.1293,-6.3083,-78.2664,13703,0
010516,599.0869,2520.5857,2392.1133,2447.0319,422.3167,-6.0935,-77.9570,4188,0
010517,2058.8303,2536.0236,2896.2360,2886.6201,393.7414,-6.6780,-77.8223,21411,0
010518,1197.4192,1822.4814,2207.5871,2199.1796,597.2417,-5.9859,-78.0519,24455,0
010519,433.2109,2508.4516,2613.2771,2665.0141,338.3651,-6.4908,-77.8812,10153,0
010520,2152.1636,1864.1849,2291.7158,2277.5653,529.4767,-6.0512,-78.1260,19372,0
010521,3155.1074,2685.7574,2941.6211,2932.6535,364.9009,-6.5643,-77.8669,10585,0
010522,1235.3852,2341.3544,2678.1548,2693.4153,443.2325,-6.3850,-77.9262,12825,0
010523,1596.9965,2870.3393,2889.4590,2877.6372,116.2676,-6.1502,-78.0132,1647,0
010601,5033.0165,1591.9628,2161.0778,2165.7016,438.1263,-6.3955,-77.4820,12020,0
010602,1638.2847,1434.0427,1942.4237,1950.9475,329.4148,-6.5335,-77.3921,18100,0
010603,496.8430,1615.8373,2384.2809,2329.6176,412.6916,-6.4041,-77.5795,21269,0
010604,2147.5141,1654.8247,1767.6317,1701.6649,190.1619,-6.4304,-77.5325,9146,0
010605,3095.9202,1696.6808,2249.2577,2163.9057,447.8192,-6.4971,-77.5591,72363,0
010606,875.0845,1584.2277,2193.6678,2174.3316,475.2343,-6.3825,-77.5336,9674,0
010607,2593.8821,1679.0155,2415.6602,2367.6184,347.8739,-6.3714,-77.5088,23829,0
010608,444.2170,1680.5828,1773.4229,1773.8125,164.4715,-6.4992,-77.4281,5049,0
010609,8573.4988,1442.1899,2144.4998,2146.2194,406.8495,-6.4557,-77.3801,26503,0
010610,512.2519,1790.9606,1918.8118,1895.3475,122.7860,-6.4505,-77.4629,2384,0
010611,442.1155,1668.1013,1814.5863,1757.7920,168.5544,-6.5015,-77.4578,2288,0
010612,2258.7519,1356.3518,2333.4570,2284.4401,643.1028,-6.2412,-77.2297,101353,0
010701,47500.6411,626.8194,1298.8242,1166.6279,687.1463,-5.7738,-78.4399,85523,0
010702,26339.0703,880.1064,1845.8259,1832.7698,765.2513,-5.7525,-78.3128,211413,0
010703,8391.6448,1255.0962,1246.5765,1141.7727,591.6647,-5.9332,-78.6015,35394,0
010704,5566.7355,486.7874,680.8766,526.6295,348.9831,-5.6689,-78.5976,36094,0
010705,6284.3997,1262.7206,1718.5536,1661.4430,698.4568,-5.9146,-78.2236,41201,0
010706,10821.7924,1379.1443,1694.3110,1675.5634,580.2029,-6.0561,-78.4258,42823,0
010707,3343.5280,1390.4741,1427.0920,1430.9308,554.4551,-6.0048,-78.5011,15917,0
020101,60293.2129,3111.0267,4154.0061,4136.5169,548.8118,-9.5387,-77.5250,50133,0
020102,2000.9208,2710.9838,3013.9463,2969.0187,866.3662,-9.4714,-77.8561,16403,0
020103,725.8568,2332.8947,2482.2553,2386.9251,687.4180,-9.5748,-77.8300,6167,0
020104,2375.3861,2109.4188,2969.7210,3077.6273,1071.8306,-9.7423,-77.8467,24769,0
020105,66161.3306,3113.1810,4142.4630,4096.1544,666.8619,-9.5125,-77.5310,40966,0
020106,4861.5217,3075.6795,3771.8897,3850.5147,523.2390,-9.4152,-77.5795,7390,0
020107,1166.8046,3492.0318,3985.3465,4141.4396,543.3661,-9.6338,-77.7489,17597,0
020108,2501.4320,3537.8579,4357.2708,4343.9292,481.2102,-9.6483,-77.4657,27379,0
020109,1235.9983,2989.9479,2014.2569,1799.4944,938.4873,-9.6356,-77.8476,41707,0
020110,4490.1774,1681.3821,3218.3354,3428.0661,1209.1295,-9.5456,-77.8584,19935,0
020111,3836.5538,3435.5883,4001.2080,4193.0308,588.8135,-9.5613,-77.7024,30992,0
020112,5385.2506,3039.8106,4212.7884,4328.8384,779.8007,-9.4032,-77.5550,13896,0
020201,1790.1432,3566.0102,4149.7922,4283.4202,397.6797,-9.7794,-77.6045,19282,0
020202,1983.1362,2481.0612,2714.8183,2613.2285,1017.9623,-9.8116,-77.7720,30732,0
020203,533.9847,3064.7723,3523.4753,3540.1869,516.2762,-9.7970,-77.6755,4738,0
020204,2100.6806,3598.7205,4103.9813,4185.3504,337.3095,-9.7316,-77.6177,18590,0
020205,798.7966,3037.3767,3745.4120,3777.2471,618.5183,-9.8225,-77.6558,9188,0
020301,3486.1009,3343.4836,3159.3216,3164.9242,596.0883,-9.0964,-77.0155,11288,0
020302,1840.2589,2897.8606,2949.1757,2947.1502,364.9012,-9.2075,-77.0050,7761,0
020303,1600.4712,3306.2172,3036.3536,3039.3109,550.0201,-9.0517,-77.0667,8532,0
020304,1922.6647,2960.9898,3304.1084,3400.1293,589.2441,-9.1289,-76.9965,5980,0
020305,4766.0214,3530.1888,3978.6379,4070.3946,345.6145,-9.0787,-77.1092,20386,0
020306,1466.7069,3547.9947,4068.7866,4172.4923,324.4870,-9.2057,-77.0188,12070,0
020401,4928.4788,3393.2629,4353.5739,4372.0573,514.9274,-9.1613,-77.3750,53446,0
020402,3252.3538,3270.0656,3735.9568,3704.9849,562.4752,-9.0933,-77.3865,9070,0
020501,3842.2027,3366.8635,3825.5315,4042.5919,592.9323,-10.1500,-77.1572,22079,0
020502,864.8731,2117.3076,2481.2509,2431.8251,367.1162,-10.3010,-77.1470,1420,0
020503,1113.4180,2324.3547,2349.2335,2254.5711,618.5664,-10.1793,-77.4808,14492,0
020504,2651.0918,3774.4388,4492.0427,4545.1081,330.0838,-10.0143,-77.1258,51875,0
020505,1505.5553,2862.0637,4043.2289,4192.0882,574.4760,-10.1600,-77.4107,22020,0
020506,890.4878,2549.5281,3219.3847,3176.2249,833.9076,-10.3382,-77.1720,2466,0
020507,3667.8189,965.6386,1686.4765,1597.4147,573.3679,-10.2971,-77.5918,36267,0
020508,8147.0319,3688.9956,4254.5232,4281.9286,270.2259,-9.8964,-76.9462,97098,0
020509,2224.5107,3364.3875,4196.9721,4334.7271,489.0251,-10.1296,-77.1182,46311,0
020510,1216.6037,2645.8402,3828.1195,4037.5953,773.4530,-10.2489,-77.4663,13959,0
020511,700.4192,2689.8547,3302.6522,3277.3828,707.1025,-10.3254,-77.1226,7424,0
020512,659.0236,3226.9862,3504.7397,3522.4017,920.9941,-10.3659,-77.1168,14982,0
020513,1678.2485,3417.6915,4251.9879,4340.1599,645.1602,-10.2137,-77.0345,25034,0
020514,944.7634,3216.3375,3781.0406,3730.5591,620.1214,-10.3001,-77.1936,5078,0
020515,1069.7589,3659.1635,3921.4150,4019.6403,648.4698,-10.2455,-77.1877,10997,0
020601,14112.1626,2822.9104,3820.9026,3785.7392,667.2860,-9.2825,-77.6371,23152,0
020602,2241.6776,2741.5670,2958.9169,2922.5529,223.9457,-9.2936,-77.6204,1734,0
020603,1588.9563,3043.9979,3164.0441,3170.9860,160.8551,-9.2255,-77.6427,1565,0
020604,2367.5899,3025.7299,3600.5978,3588.2053,579.2547,-9.3507,-77.6118,5118,0
020605,1410.8477,3030.6920,3712.6642,3919.3620,629.6420,-9.2631,-77.7039,5492,0
020606,8645.6442,2986.2902,4110.4651,4193.8998,799.8923,-9.3238,-77.5747,20977,0
020607,1461.5357,2924.2916,3053.0199,3038.2745,190.4146,-9.3618,-77.5764,1416,0
020608,2570.8251,3267.0854,4510.3890,4621.3866,701.4120,-9.3617,-77.5404,14572,0
020609,3149.2673,3179.3521,4441.2517,4526.7494,676.9326,-9.2231,-77.6195,15139,0
020610,2910.7461,2637.6762,2813.8473,2772.6935,201.9897,-9.2656,-77.6697,1866,0
020611,3144.3568,2969.1586,3781.2710,3785.1215,584.2403,-9.3841,-77.5995,5361,0
020701,11498.6021,3176.1952,3697.5438,3761.4293,501.5462,-9.0837,-77.3243,29304,0
020702,3622.4823,3203.8906,3263.2298,3320.6674,757.7606,-9.0008,-77.1771,24282,0
020703,5071.4633,3399.3135,3582.1349,3691.4171,547.2405,-8.9965,-77.2812,20679,0
020801,30162.8220,55.8567,392.7990,307.7292,292.9303,-9.4785,-78.2940,143206,0
020802,3997.2345,385.0295,897.8763,764.7837,568.0362,-9.4020,-78.1765,56942,0
020803,1911.9385,10.7350,129.6115,74.9735,160.0889,-9.4149,-78.3887,25782,0
020804,7817.9324,733.4524,1206.8155,1064.9182,640.6005,-9.5100,-78.0260,43312,0
020901,1556.3336,3133.2849,3429.7182,3537.8439,723.1335,-8.5694,-77.9007,17940,0
020902,464.1926,3191.0424,3648.1807,3640.1223,610.4882,-8.5258,-77.8805,6800,0
020903,473.8456,2756.1643,2703.8335,2765.9679,792.8966,-8.5955,-78.0150,18193,0
020904,2638.1802,3417.4974,3980.4297,4094.7895,478.4061,-8.5532,-77.7901,50360,0
020905,1009.5342,1938.7373,2507.5226,2063.2346,1109.4675,-8.6660,-77.8998,11195,0
020906,676.0584,2420.3553,3485.0844,3576.8907,868.3371,-8.6238,-77.8772,5538,0
020907,799.4952,2688.9504,2446.2476,2498.8825,757.1190,-8.6161,-77.9648,10033,0
021001,9343.4191,3253.3236,4081.0730,4171.6494,534.7904,-9.3354,-77.1758,47370,0
021002,1600.8140,3202.7329,3774.2632,3952.4202,589.6853,-9.2404,-76.9334,9552,0
021003,2631.5806,3404.0225,3971.7245,4116.6902,427.8238,-9.2929,-77.1439,19610,0
021004,8951.0753,3344.5467,4312.3530,4392.0707,439.6401,-9.5826,-77.1839,49766,0
021005,1867.0972,3400.2261,3810.2303,3940.7643,557.5227,-9.3027,-76.9442,10558,0
021006,1896.0302,3465.1100,3572.9140,3767.2898,579.6271,-9.1848,-76.7925,9032,0
021007,3273.4075,3290.8320,3750.0350,3801.6736,505.0923,-9.4062,-77.0926,18035,0
021008,2903.4569,3207.9982,4135.3793,4260.8936,626.1083,-9.4596,-77.1736,19176,0
021009,1743.5143,2820.6155,3463.3631,3486.2884,542.2659,-9.3511,-77.0854,8918,0
021010,1825.4075,3294.9091,3528.9405,3693.1978,638.6466,-9.1501,-76.8924,16467,0
021011,3167.4766,3284.3764,3666.7389,3724.7246,560.3139,-9.3322,-76.9997,14108,0
021012,616.0094,2554.9340,2811.9748,2786.8336,243.8394,-9.3569,-77.0717,1136,0
021013,1633.1354,3316.5250,3762.1845,3920.7563,492.7248,-9.2197,-76.7646,17242,0
021014,12337.3415,3500.3121,4255.1868,4368.3065,369.8728,-9.5578,-77.1241,66601,0
021015,2538.2535,3628.8138,4027.1781,4147.1523,347.5675,-9.4621,-77.0048,17059,0
021016,1690.5759,3039.5737,3223.2222,3236.9939,600.5028,-9.1915,-76.9387,6152,0
021101,22355.4009,50.5965,745.4021,531.8830,668.1176,-10.1160,-78.1093,345591,0
021102,796.4161,2321.4154,2510.2671,2426.9292,837.1699,-9.9945,-77.6913,11701,0
021103,3083.1675,104.8838,477.7514,432.3538,321.3043,-9.9148,-78.1740,74809,0
021104,989.0807,1887.6675,2322.8963,2190.7156,1011.8529,-9.9036,-77.7605,13426,0
021105,990.0976,2086.9220,3096.7950,3198.3464,1056.1769,-9.9388,-77.7054,19903,0
021201,25311.3406,2375.4771,3681.1488,3529.6081,1035.9386,-9.0424,-77.8058,28881,0
021202,1121.5964,1803.8213,2431.9704,2352.4123,778.9394,-8.7639,-77.9170,23077,0
021203,1649.0835,2820.3667,3403.8555,3411.2275,729.5811,-9.0186,-77.8643,8221,0
021204,1741.7687,2760.6477,3273.5218,3091.6234,712.3733,-8.8719,-77.8948,6389,0
021205,2112.3062,2524.2938,3377.6905,3370.9920,818.2221,-8.9579,-77.8636,12533,0
021206,9023.9284,3008.7036,3526.2981,3769.5771,886.1246,-9.1421,-77.9681,59229,0
021207,7087.8518,2959.6440,3436.2055,3397.2258,641.2062,-9.1390,-77.8081,15066,0
021208,4775.1663,2907.8010,4201.4904,4500.7403,917.2548,-8.9451,-77.7973,42538,0
021209,1246.1827,2953.9226,3822.6347,3811.0721,631.1584,-8.8591,-77.9174,9987,0
021210,1484.8619,2157.9586,4038.9211,4242.7869,815.5481,-8.7538,-77.8426,64759,0
021301,3404.0432,3148.3905,3350.7013,3318.2351,417.7282,-8.8717,-77.3614,5422,0
021302,4090.7359,3164.4922,3582.3115,3544.7078,445.4765,-8.8398,-77.4094,8996,0
021303,1250.8709,3163.0562,3012.2667,2940.5666,697.6963,-8.8914,-77.2279,11646,0
021304,2139.2715,3194.6368,3238.7593,3307.7197,666.8481,-8.7891,-77.2840,25267,0
021305,1242.5555,3037.5099,3160.8643,3137.9802,505.8862,-8.9132,-77.3068,5811,0
021306,5895.7752,3226.6222,3635.6348,3694.5616,513.6242,-8.9765,-77.4434,16473,0
021307,2987.2655,3347.5626,3689.6553,3775.2985,568.6466,-8.9195,-77.4277,8908,0
021308,1040.7252,2908.2892,3279.1285,3219.0128,535.3372,-8.9024,-77.3470,4600,0
021401,1312.2923,3228.5288,3890.5290,4194.0183,884.8082,-10.4037,-77.4004,26891,0
021402,910.6137,2178.2431,2528.1890,2457.2763,951.2033,-10.5314,-77.3619,30311,0
021403,518.9950,3516.1416,4114.7473,4547.6468,840.7665,-10.3543,-77.1990,9351,0
021404,820.8921,2125.7804,2588.4826,2553.1499,823.1768,-10.5028,-77.2474,12678,0
021405,1357.0845,596.0090,1205.7605,1146.4633,516.9186,-10.6558,-77.5109,48918,0
021406,1022.2189,3051.7433,3720.9902,3704.1362,607.7443,-10.3338,-77.4493,12960,0
021407,1222.4745,2911.2154,3275.5626,3167.5586,1015.1687,-10.3881,-77.1980,3745,0
021408,647.5450,3273.2224,3463.6080,3475.6736,848.2424,-10.4019,-77.2128,8398,0
021409,1870.4659,1600.6947,1486.7526,1365.9379,724.7039,-10.4300,-77.5306,63535,0
021410,390.3776,3356.6348,3485.6278,3508.1966,912.8035,-10.4450,-77.3751,10544,0
021501,2623.1845,3122.4804,3861.1495,4134.3793,698.4369,-8.3915,-78.0146,17103,0
021502,1267.1638,3028.4242,2441.4643,2413.2396,567.8858,-8.3479,-78.0389,9679,0
021503,7393.1591,3204.2228,3818.1148,4064.6131,694.1894,-8.2546,-77.7908,68495,0
021504,443.3193,3086.7160,3242.7521,3249.9013,360.2076,-8.3069,-78.0009,1601,0
021505,1255.1242,3125.8292,3814.5280,3868.1650,503.6039,-8.3305,-77.9751,13656,0
021506,742.0729,3161.8133,3681.3718,3717.7501,538.2422,-8.2604,-77.8811,7497,0
021507,660.2430,3322.8439,3395.3694,3322.1515,630.7238,-8.5135,-78.0415,3463,0
021508,2393.4145,2808.6568,2793.1770,2705.1880,641.3561,-8.2497,-77.9913,13041,0
021509,7307.7305,3229.6158,3796.9657,4057.1009,675.0126,-8.1592,-77.8087,51989,0
021510,1053.3577,2369.7953,2099.3751,2136.5861,655.8475,-8.5274,-78.0685,34301,0
021511,3039.9692,2957.4972,2932.1369,2883.2145,955.8931,-8.4510,-78.0375,23501,0
021601,14758.4097,3126.8434,3884.2955,3870.5890,451.9300,-8.8139,-77.4679,40711,0
021602,3495.0710,3162.4912,3707.9137,3789.8255,584.8269,-8.8754,-77.4331,10516,0
021603,6573.9901,3310.8126,3129.2238,3212.7967,561.6407,-8.6277,-77.3977,40083,0
021604,2337.1440,3277.4241,3191.3324,3222.3445,625.9931,-8.7021,-77.3787,17704,0
021701,4519.1891,3492.8306,3977.6581,3935.2217,372.9496,-9.7108,-77.4624,17717,0
021702,3795.9766,3700.2482,4321.7987,4260.6543,368.4368,-9.8627,-77.3946,121641,0
021703,566.7919,3109.8653,4119.4940,4284.6942,461.3593,-9.9896,-77.5861,20793,0
021704,1199.3631,2769.0539,3465.0180,3529.7082,842.3048,-10.0761,-77.5314,13176,0
021705,1476.5881,2404.0142,2654.6178,2670.1557,762.7407,-10.1093,-77.5973,11398,0
021706,952.8448,2500.4986,3519.3040,3623.3040,860.0716,-10.1078,-77.4806,21677,0
021707,1793.2436,3459.1713,3968.3033,4139.5028,472.1378,-10.1249,-77.3891,12432,0
021708,1185.4342,2649.6581,2421.9538,2471.0983,592.7076,-10.0655,-77.6558,30755,0
021709,464.7872,3442.3593,3959.4678,4033.8311,510.9268,-10.0165,-77.5824,9293,0
021710,2186.8842,3509.0180,4175.0031,4203.5280,412.0632,-9.7600,-77.4406,17342,0
021801,232740.2486,25.4753,717.1454,574.8592,591.7285,-9.0653,-78.5774,171029,0
021802,5501.8138,1900.7426,2843.8667,2749.3229,1168.0651,-8.9885,-78.1020,62531,0
021803,15691.7109,26.7031,134.6679,107.4962,107.2085,-9.0229,-78.6162,1002,0
021804,3815.2202,2124.7616,2535.5570,2457.7316,951.3668,-8.7702,-78.1015,69426,0
021805,7655.9446,584.9421,1203.1866,1099.4410,594.5591,-9.1380,-78.1678,42270,0
021806,15363.1264,223.1765,484.3321,368.2818,390.0432,-9.1579,-78.3070,54119,0
021807,4274.6871,16.4362,100.3014,65.3032,111.4135,-9.2640,-78.4767,17698,0
021808,20330.2655,21.1081,52.4489,23.8701,72.2270,-8.9897,-78.6145,4836,0
021809,119552.0865,38.2838,262.9453,185.6566,273.6870,-9.1253,-78.5175,47476,0
021901,5182.0959,2801.3457,3325.2944,3351.8697,370.8594,-8.5528,-77.6302,5443,0
021902,1918.2327,3122.2804,2869.7915,2862.8361,714.1327,-8.3137,-77.5618,17760,0
021903,767.3110,3307.9998,3145.0295,3139.3562,787.5416,-8.4552,-77.4383,10538,0
021904,2671.9681,3372.7140,3628.9073,3649.8798,390.3824,-8.5845,-77.6431,8235,0
021905,1025.2733,3300.2091,3740.9541,3916.4139,541.2733,-8.3635,-77.6187,20505,0
021906,4099.7974,3365.0887,3527.6561,3651.0813,593.5911,-8.5316,-77.5321,32708,0
021907,2593.3532,3115.2756,2927.3033,2859.6341,785.5667,-8.3996,-77.5062,17532,0
021908,2505.4344,3469.1407,3974.0719,4055.9126,299.9885,-8.5035,-77.6709,24684,0
021909,5877.1251,3210.8275,3633.8387,3684.6523,454.9990,-8.6610,-77.6018,24994,0
021910,1724.0188,3133.7713,3234.1772,3272.0803,515.0987,-8.6280,-77.5481,9760,0
022001,20117.6356,2713.5842,4054.3877,4134.0135,984.9773,-9.1333,-77.7325,32369,0
022002,2056.6903,3233.7415,4012.6436,4207.8849,616.6814,-9.2583,-77.7694,16233,0
022003,6785.1344,2930.8486,3345.2666,3237.6778,670.4109,-9.1983,-77.6702,7451,0
022004,1499.4501,2779.1426,2996.1906,2983.5567,418.7090,-9.1855,-77.7485,5574,0
022005,12350.6103,2671.2996,3206.1331,3239.0210,974.1859,-9.3231,-77.9643,43936,0
022006,2663.2248,2831.8934,2962.7632,2968.0571,323.1123,-9.1668,-77.7008,2568,0
022007,2276.1218,3259.1628,4032.0223,4231.3459,585.2522,-9.2785,-77.7508,19730,0
022008,6696.6059,3289.6272,4061.2784,4103.2109,675.1329,-9.0228,-77.4413,33608,0
030101,48308.2975,2396.5756,3400.1842,3481.9596,787.0114,-13.6356,-72.8857,34475,0
030102,1140.5477,2950.9065,3968.8110,4158.4582,594.4123,-13.9339,-73.0031,21312,0
030103,2245.6140,2603.7700,3912.3808,4160.8784,708.2389,-13.8936,-72.9316,76379,0
030104,15707.7574,2852.4459,3535.8078,3654.0276,694.0892,-13.5558,-72.6993,103427,0
030105,4180.0242,3039.5745,2958.0295,3024.2457,874.2164,-13.4861,-72.9630,51346,0
030106,4773.4555,2900.6778,3759.5848,3922.5494,660.6247,-13.8216,-72.8100,63265,0
030107,3697.9084,2595.6080,3338.0628,3325.1262,733.8001,-13.7950,-73.0066,44965,0
030108,3353.9508,3023.9718,3124.0319,3203.8930,637.2614,-13.5153,-72.8198,14194,0
030109,8028.0411,2602.3951,3761.4963,3840.0214,597.4395,-13.6206,-72.8722,6570,0
030201,35817.7915,2957.4693,3703.8395,3665.4674,403.0140,-13.6671,-73.3910,23734,0
030202,5241.5349,3082.6231,2676.5625,2693.5921,652.0677,-13.5201,-73.3700,22308,0
030203,1263.2805,3351.9285,3748.5083,3946.9438,488.5185,-13.8910,-73.6385,17674,0
030204,6835.1337,3113.9683,3152.3669,3246.1170,604.0794,-13.6568,-73.0628,18807,0
030205,4221.9516,3213.1684,3575.5559,3661.4018,384.7525,-13.7577,-73.5398,13384,0
030206,930.5685,3555.0551,3678.9516,3820.6778,375.9904,-14.0148,-73.5676,11494,0
030207,8119.2448,3348.9222,3682.9714,3828.6900,658.8187,-13.6541,-73.1526,37167,0
030208,4575.2668,2980.8022,2705.4320,2824.0024,772.4281,-13.5880,-73.1147,31173,0
030209,9143.8612,3170.1987,3292.0872,3333.5655,408.2804,-13.6033,-73.3124,20532,0
030210,2458.6411,3589.1431,4018.2833,3977.9544,313.3355,-14.2278,-73.5113,71235,0
030211,949.3907,3692.6431,3951.3322,3971.0975,351.9683,-14.0909,-73.5739,14805,0
030212,3013.8227,3260.2581,3262.1043,3326.3250,565.1165,-13.7899,-73.6373,21490,0
030213,22475.4172,3174.9987,3965.7837,4066.5707,406.0494,-13.6577,-73.3406,29906,0
030214,1822.0547,3675.1319,3451.7969,3541.1549,444.3487,-13.9629,-73.6061,10237,0
030215,9046.9763,3402.1017,3691.0270,3686.2306,334.3877,-13.6680,-73.5379,18781,0
030216,18973.8177,2911.8755,3247.6795,3282.8712,433.7357,-13.6514,-73.4369,19011,0
030217,2120.4731,3804.2941,4068.9033,4074.7788,211.1264,-14.0247,-73.4942,54577,0
030218,3864.7246,3325.0970,3732.0143,3747.4398,307.1271,-13.7775,-73.4809,14911,0
030219,2306.0249,3215.0235,2684.8436,2815.6693,704.8210,-13.5332,-73.2858,13483,0
030220,2495.5765,3633.9255,4052.8854,4125.5172,262.8240,-13.7448,-73.3549,21084,0
030301,2844.4391,3783.0334,4514.6282,4618.7196,376.9517,-14.3895,-72.8493,72746,0
030302,472.3107,3118.4548,4092.4203,4256.6501,498.0227,-14.2075,-73.0621,8016,0
030303,1354.2785,3809.4061,4319.6684,4479.9224,415.5500,-14.3407,-72.8520,42323,0
030304,1813.6595,3754.2472,4504.8811,4627.9665,375.3051,-14.4786,-72.9219,76369,0
030305,2500.3540,3852.9516,4572.9267,4604.5488,302.7198,-14.3795,-72.5564,141301,0
030306,1093.5628,3356.2723,4047.0458,4138.2629,474.1417,-14.2302,-73.0162,27649,0
030307,1383.8269,3532.1737,4009.3660,4073.1281,465.7538,-14.3130,-72.9519,21288,0
030401,4366.5689,2934.6666,3861.6997,3891.1726,481.3024,-14.2950,-73.2479,40893,0
030402,756.9355,3254.6118,3829.0968,3898.0858,468.6894,-14.1241,-73.3312,10042,0
030403,1163.1502,3630.9184,4264.5637,4371.7200,355.4199,-14.4039,-73.1438,27797,0
030404,1964.7568,2957.2532,3559.8957,3562.9203,670.7731,-13.9965,-73.1198,24589,0
030405,801.6574,2826.9125,3561.1649,3665.9224,637.2656,-14.0103,-73.2353,11041,0
030406,4181.7070,3893.6344,4348.1654,4406.4352,272.7409,-14.5603,-73.2902,209587,0
030407,616.8615,2981.2703,3357.7423,3317.6627,555.6578,-14.1129,-73.2622,8766,0
030408,1164.6937,2845.4849,3449.3838,3491.8411,577.1994,-14.1289,-73.1794,12171,0
030409,1950.1093,3123.1336,3788.2682,3799.9784,496.1877,-13.9467,-73.2368,12494,0
030410,1071.8746,3234.2467,3692.0862,3683.0200,561.7295,-14.2138,-73.0950,10563,0
030411,822.5572,2897.9262,3909.7282,4069.0674,599.8508,-13.9243,-73.1829,11582,0
030412,1287.7735,3281.4627,4077.0586,4213.1805,405.8166,-14.2133,-73.3392,44065,0
030413,681.9082,3037.1261,3537.2862,3535.7899,503.3963,-14.1651,-73.3012,5351,0
030414,1896.1169,2896.5322,3657.8069,3678.8717,629.3294,-14.1290,-73.1450,19070,0
030415,2833.2334,2879.7874,3293.5601,3165.1033,709.2463,-13.9357,-73.1575,17156,0
030416,1665.8355,3090.2771,3727.2082,3776.8849,548.0185,-14.0436,-73.2931,20312,0
030417,1093.1211,3132.2810,3753.5865,3808.6664,552.1728,-14.2178,-73.1539,12572,0
030501,10201.4493,3556.3309,3920.7569,4055.7572,491.3646,-13.9611,-72.1972,85999,0
030502,3899.1453,3489.1613,3589.1757,3654.8942,659.7486,-13.7457,-72.3427,39353,0
030503,7373.2600,3671.2502,3997.1950,4147.4624,511.2670,-13.9194,-72.4133,50437,0
030504,10224.0233,3770.5495,4075.8381,4064.1082,395.3988,-14.2341,-72.1931,58385,0
030505,6035.7562,3749.2759,3716.3694,3818.8006,456.0935,-14.0663,-72.1326,26735,0
030506,7312.7935,3831.2135,4153.2330,4106.6222,273.5260,-14.1421,-72.2696,54668,0
030601,5718.7438,2817.0193,3127.0736,3115.5039,595.2196,-13.5246,-73.7317,16292,0
030602,10187.8540,3235.3349,3719.1985,3725.7910,333.6413,-13.5339,-73.6775,10950,0
030603,2238.2341,2944.7632,2957.0730,2950.1312,555.2247,-13.6194,-73.7381,12999,0
030604,7007.9335,3200.7976,2755.4911,2802.5222,694.2585,-13.3652,-73.6953,36850,0
030605,6965.0046,3046.4483,3096.0862,3166.1019,769.3245,-13.5024,-73.5415,26078,0
030606,3969.2074,2919.9989,3171.1667,3084.0103,762.4385,-13.3997,-73.6662,13785,0
030607,3032.0563,3059.2383,3306.8909,3403.8363,572.9172,-13.6796,-73.6641,17666,0
030608,4753.5014,3408.9262,3806.8239,3905.0487,392.6092,-13.5359,-73.5970,12033,0
030609,2437.2550,2929.6833,3346.2671,3297.4841,537.7562,-13.4429,-73.6071,6669,0
030610,1332.3392,3123.9776,2721.8664,2759.1915,791.7888,-13.4028,-73.5733,7179,0
030611,1106.4773,2243.9297,2876.8724,2854.2432,630.1882,-13.4049,-73.8093,17320,0
030612,864.2785,2069.1647,2906.8946,2902.6019,669.3415,-13.4895,-73.8124,3505,0
030701,4872.2256,3447.0978,4191.7699,4288.9121,404.1253,-14.1176,-72.7241,51271,0
030702,2066.4195,3368.8642,4129.6855,4285.0592,466.7014,-14.0187,-72.6155,37341,0
030703,3528.6702,3013.2591,3783.0019,3885.4113,589.6363,-13.8269,-72.5276,42085,0
030704,1563.3471,3690.0795,3631.3126,3783.4029,469.2031,-13.9673,-72.4940,14953,0
030705,842.5245,3516.4485,4031.3911,4082.5601,404.2887,-14.2393,-72.5808,7562,0
030706,1269.5781,3342.8673,3993.7190,4127.0009,494.0110,-14.1095,-72.6180,12636,0
030707,941.2619,3833.6425,4340.9839,4460.4772,335.8850,-14.1894,-72.6847,17645,0
030708,2601.3428,3887.5337,4210.8590,4273.1761,319.6018,-14.1047,-72.4358,28977,0
030709,322.3709,3444.9704,3788.5055,3813.0800,347.7902,-14.1719,-72.6229,3065,0
030710,635.5137,3559.9741,3629.3920,3628.9497,354.3167,-14.1366,-72.6583,3747,0
030711,685.1974,3547.9062,3845.8909,3862.1449,387.3457,-14.2313,-72.6321,6152,0
030712,1115.1494,2792.6927,3142.5764,3076.3594,306.3223,-14.0781,-72.6262,797,0
030713,998.9307,3920.6771,4475.1122,4564.4541,249.1677,-14.2547,-72.6806,13783,0
030714,1429.9130,3537.0104,3917.4302,3882.7070,478.0907,-14.0710,-72.5561,16441,0
040101,73497.2589,2333.1711,2323.1159,2325.8636,41.7971,-16.4054,-71.5361,1395,0
040102,84951.4505,2512.2393,3112.5114,2959.2995,604.3109,-16.3715,-71.5192,8234,0
040103,85519.1081,2560.2945,3838.8973,3925.1603,665.5569,-16.3490,-71.5446,28333,0
040104,154690.7315,2492.4413,3185.6608,2757.5224,951.9259,-16.3521,-71.5780,21292,0
040105,8072.1818,2427.1088,3326.0366,3213.9886,705.1146,-16.4770,-71.4960,10501,0
040106,2599.7560,2999.0760,3699.0566,3662.5455,583.3280,-16.4042,-71.3960,28046,0
040107,49953.1992,2280.7028,2315.8648,2279.4570,126.8434,-16.4468,-71.5546,2501,0
040108,27579.1292,1534.2059,1638.8691,1574.4224,287.8209,-16.5075,-71.8348,84820,0
040109,62088.1915,2480.3290,2944.1057,2895.8162,346.4588,-16.4015,-71.5005,3530,0
040110,55223.9344,2482.6507,3152.1653,2940.0934,681.1035,-16.3866,-71.5134,3180,0
040111,1652.8543,2434.8667,2579.1539,2513.4846,194.4653,-16.4946,-71.4885,3805,0
040112,136494.9593,2496.4813,2602.4362,2596.1122,146.6121,-16.4171,-71.4941,3465,0
040113,594.3776,3163.3596,3609.3821,3414.7818,597.3793,-16.5116,-71.3670,20669,0
040114,1475.0735,3069.2603,3070.4341,3109.8626,400.0321,-16.5916,-71.3433,48554,0
040115,1323.1930,2467.0148,2757.0464,2726.2214,224.9001,-16.5304,-71.4782,4252,0
040116,4471.7266,2418.7525,2710.6637,2701.9783,243.9227,-16.4601,-71.5017,4372,0
040117,23430.6505,2258.5435,2249.9109,2252.1866,27.5586,-16.4193,-71.5724,1735,0
040118,500.5054,1309.8929,1248.8528,1263.1251,103.7518,-16.3767,-72.1451,4353,0
040119,2449.7503,4320.2878,4436.4336,4418.1657,243.2986,-16.2056,-71.0528,289984,0
040120,821.7587,1461.3584,1789.7743,1703.6783,334.3882,-16.2897,-72.0917,22288,0
040121,5125.7480,1266.7675,1186.9024,1193.1606,161.0710,-16.4952,-72.0983,51816,0
040122,70641.8709,2318.3503,2343.5687,2316.2685,104.2881,-16.4514,-71.5293,3111,0
040123,14442.1997,2185.6692,2365.5317,2329.3063,193.3267,-16.4450,-71.5954,4533,0
040124,11747.4238,2114.1592,2143.4188,2128.4249,227.0520,-16.4379,-71.6324,32960,0
040125,2650.1797,1319.8054,1502.3043,1323.6478,458.0682,-16.5121,-71.9224,186682,0
040126,22014.3306,2344.0226,2335.8724,2336.0926,27.6023,-16.3934,-71.5475,448,0
040127,1053.1772,2579.5330,2622.6892,2658.8780,259.0641,-16.5564,-71.5037,59225,0
040128,20368.3181,2629.4544,3562.5164,3654.3817,808.2365,-16.2951,-71.6339,233385,0
040129,88418.3571,2345.3285,2349.2830,2349.6289,31.1801,-16.4302,-71.5256,1362,0
040201,15645.9224,15.6206,10.1223,9.5154,5.2991,-16.6223,-72.7100,1349,0
040202,4258.8543,37.6011,80.1093,30.8529,114.1327,-16.5971,-72.7393,1979,0
040203,5791.0634,635.7902,1594.7042,1733.0570,560.5943,-15.9847,-73.1758,67494,0
040204,6180.4078,23.7187,742.5786,777.9007,464.7922,-16.5925,-72.7823,72286,0
040205,8495.1825,85.6488,764.2977,887.9965,333.7977,-16.5629,-72.6985,47601,0
040206,4785.1272,35.8199,1286.0004,1386.2027,635.2088,-16.4110,-73.1405,173015,0
040207,1147.0686,247.6469,642.2136,645.4663,372.2458,-16.7232,-72.3806,109313,0
040208,15254.0208,32.9323,394.7366,359.7032,283.7313,-16.6258,-72.6864,13799,0
040301,3968.1697,1772.2834,2139.7793,2017.4846,450.0001,-15.7756,-73.3654,91625,0
040302,5431.7526,309.5794,1237.9716,1387.3315,648.4639,-15.3964,-74.6127,140307,0
040303,4366.9067,237.3981,1453.7449,1508.4337,564.6038,-16.1822,-73.6113,376239,0
040304,849.2030,474.7595,1151.5409,925.6041,808.7480,-15.7698,-74.3479,51389,0
040305,3991.5091,190.8923,632.3202,459.9488,530.2488,-15.4781,-74.6735,144833,0
040306,912.8933,3425.4754,3304.2352,3326.3638,523.8510,-15.4853,-73.5121,168001,0
040307,6279.4328,49.8207,684.9439,614.3548,447.2028,-15.8490,-74.2514,41404,0
040308,4757.1672,1137.5044,1590.5407,1636.3201,859.3689,-15.7583,-73.9070,182486,0
040309,2990.9882,1438.1025,2427.0974,2525.2721,778.1768,-15.6256,-74.0507,85582,0
040310,1561.2931,268.8878,1311.5941,1297.6158,673.9121,-15.4828,-74.4422,51314,0
040311,1303.5172,15.6270,348.2179,371.2805,184.8527,-15.5617,-74.8548,54158,0
040312,1986.4059,2256.9878,3087.7581,3073.1266,536.3759,-15.5882,-73.7595,125738,0
040313,1745.3012,40.4323,822.9881,673.4513,711.2609,-15.6700,-74.5150,65961,0
040401,8874.0009,747.5388,1534.2641,1531.1070,546.8748,-16.0144,-72.4843,75239,0
040402,1247.2361,3588.8566,4168.2652,4220.9407,592.9925,-15.4988,-72.3562,57195,0
040403,358.5857,2186.4896,3280.6183,3240.5414,935.7307,-15.6573,-72.2683,34624,0
040404,1853.9293,3946.9441,4723.5731,4753.6801,316.2558,-15.2703,-72.1477,144801,0
040405,1012.7719,3781.8458,4007.2275,3913.9348,272.6027,-15.2996,-72.3741,22093,0
040406,1069.5353,3933.0865,4345.6606,4610.5218,762.9351,-15.4099,-72.0574,109471,0
040407,1458.6508,729.4053,1922.3672,1662.9854,882.6362,-16.0797,-72.4582,96930,0
040408,827.5309,2954.2925,4171.6037,4491.5395,807.8156,-15.6584,-72.4978,29968,0
040409,9014.9976,3829.9587,4575.5818,4656.3956,315.5494,-15.2606,-72.3362,88224,0
040410,2984.4678,2919.8208,3936.6441,3992.6672,864.7022,-15.7148,-72.5718,32259,0
040411,562.1796,2091.5829,2322.0004,2300.5307,406.7665,-15.7167,-72.5056,6725,0
040412,395.1551,2477.7439,2967.2946,3008.0784,972.3865,-15.7499,-72.4168,41321,0
040413,9832.5666,423.5967,1143.2684,1201.3367,368.9082,-16.2403,-72.4683,84377,0
040414,1890.2703,3107.3333,4232.1670,4282.4610,868.6380,-15.6615,-72.5261,16636,0
040501,7534.8704,3644.6964,4506.3155,4582.6472,400.8208,-15.6357,-71.6008,29429,0
040502,1109.8248,3508.2810,4392.8785,4452.7094,380.3419,-15.6675,-71.7006,44390,0
040503,2821.4889,3346.4759,4150.5808,4282.1375,725.6635,-15.6203,-71.9622,56024,0
040504,2418.6569,4229.4431,4503.9083,4513.7822,235.5776,-15.5062,-71.2867,186654,0
040505,3888.9206,4425.6582,4642.8794,4652.7908,203.6228,-15.1404,-71.7959,182231,0
040506,1467.2757,3604.9817,4189.3756,4123.7333,488.0542,-15.6284,-71.6369,13831,0
040507,808.0558,3330.5469,3481.2414,3646.4536,749.0467,-15.7293,-72.1073,86887,0
040508,1260.6003,3081.9808,3745.2327,3811.2065,553.0058,-16.0368,-71.8771,45211,0
040509,764.8490,3465.9163,4331.5116,4350.7025,546.6153,-15.6456,-71.6894,9029,0
040510,1435.6151,3477.4249,4760.5210,4847.0410,444.5758,-15.6099,-71.7679,47188,0
040511,1497.7989,3039.4750,3654.6298,3727.5601,845.2199,-16.0366,-71.9692,149103,0
040512,881.5357,3287.6445,4626.9546,4709.5351,552.7443,-15.6425,-71.7655,28747,0
040513,643.5941,3325.0628,4434.1808,4639.0301,668.0356,-15.6014,-71.8142,19311,0
040514,1573.3513,4466.1086,4507.7419,4487.3042,130.8617,-15.8166,-71.0933,187109,0
040515,782.1352,4227.8665,4461.7770,4499.5235,251.6938,-15.4018,-71.5262,34364,0
040516,667.3355,3370.9105,4581.3592,4752.0391,579.7636,-15.5184,-71.9550,50171,0
040517,1751.7874,4387.4993,4469.9555,4462.2658,210.2803,-15.2060,-71.3601,174498,0
040518,883.2265,3918.0225,4591.8686,4616.9348,334.0127,-15.5212,-71.5500,29031,0
040519,2379.3050,3610.2589,4481.3836,4470.8034,281.5397,-15.6693,-71.6077,135031,0
040520,57756.5401,1404.6437,1380.5738,1262.8425,423.0863,-16.3487,-72.2052,200497,0
040601,3273.3535,2905.4419,2450.7832,2094.4659,1030.1936,-15.8373,-72.6526,144178,0
040602,650.1408,2943.5648,2896.9990,2862.9249,1032.6191,-15.8192,-72.8595,98479,0
040603,3135.1855,4201.9182,4624.2454,4652.5533,243.2628,-14.8254,-72.1204,168562,0
040604,707.9789,2304.0862,3232.2963,3234.4913,982.2280,-15.5391,-72.9459,47396,0
040605,632.7710,2324.6793,2511.4055,2524.9927,556.2311,-15.8606,-72.6181,28871,0
040606,2876.0432,905.9314,1562.0724,1530.6508,586.1624,-15.9216,-73.1212,64762,0
040607,907.7010,3820.1379,4657.7597,4664.0571,425.5527,-15.4587,-72.7684,150423,0
040608,4972.5280,2591.3088,2461.9068,2368.8074,989.6828,-15.7596,-72.9354,128180,0
040701,22560.6470,211.8965,1049.9554,1133.9384,327.9148,-16.9878,-71.9963,113812,0
040702,8864.1450,162.9756,1140.8686,1065.9144,529.1172,-17.0608,-71.7247,189304,0
040703,6219.9475,81.6336,204.2957,153.5420,206.1007,-17.1200,-71.8307,16422,0
040704,5505.3322,114.7525,875.1656,1024.5241,418.6494,-16.9969,-72.0979,44462,0
040705,1112.4225,42.1028,542.8098,634.3650,333.0335,-17.0919,-71.9094,12564,0
040706,6266.4361,18.0456,654.6101,713.7288,391.9235,-17.1783,-71.7707,92520,0
040801,2755.3624,2750.2623,4142.8675,4393.5778,792.3150,-15.2130,-72.8870,20196,0
040802,1886.2280,2995.5113,4375.3272,4646.3073,699.6331,-15.1399,-72.7662,23192,0
040803,556.2901,3282.7254,3935.4014,4132.7103,807.5984,-15.2351,-73.0574,19646,0
040804,2217.5809,3156.4571,4648.3403,4805.2381,480.6038,-15.0888,-72.8007,113093,0
040805,1245.2469,3492.6088,4504.1090,4646.5874,511.9455,-15.0773,-72.9203,95300,0
040806,2629.2553,4028.2990,4784.4023,4839.9847,287.0785,-14.9774,-72.6409,181848,0
040807,236.6319,2122.6649,3070.2948,2855.3621,955.1330,-15.2779,-73.0334,16403,0
040808,499.9251,3166.7407,2989.2603,2908.0968,882.6925,-15.3247,-73.2339,8545,0
040809,304.2887,2697.6489,3041.6020,3082.9251,905.3577,-15.3629,-73.2326,38542,0
040810,760.2217,2921.0162,4290.3643,4447.4696,708.0369,-15.1797,-72.8305,11688,0
040811,841.0316,2849.8068,3399.4157,3513.7732,1144.4549,-15.3045,-72.9706,63760,0
050101,77804.5638,2815.3218,2888.8247,2874.3785,235.3210,-13.1524,-74.2308,9768,0
050102,10843.0197,3426.9918,3733.2821,3779.7198,365.0232,-13.2668,-74.0302,51684,0
050103,5877.6138,3016.2068,3520.2498,3516.6841,466.1573,-13.1399,-74.0760,18540,0
050104,26637.0970,2871.3871,3219.8899,3260.6056,254.7365,-13.1820,-74.2223,2031,0
050105,7005.1388,3537.1178,3780.2238,3811.6588,312.2913,-13.3938,-74.1684,54654,0
050106,6808.0854,2858.2015,3164.0799,3207.9421,646.4403,-13.4052,-73.9024,36152,0
050107,2440.8864,2517.8705,2709.6405,2666.8448,219.0650,-13.0650,-74.2295,6479,0
050108,6541.4659,3065.0990,3284.1445,3075.2194,567.4564,-13.0644,-74.1489,13783,0
050109,2668.2026,3071.5337,3191.6119,3158.9219,425.5605,-13.1249,-74.3182,9717,0
050110,35383.2700,2799.9434,2927.0183,2905.6865,164.8270,-13.1764,-74.2109,1883,0
050111,1279.7943,2864.9623,3059.8313,3069.3326,279.9748,-13.0665,-74.3492,10771,0
050112,8886.5909,3468.7668,3718.5734,3773.2648,297.9060,-13.2275,-74.2927,20408,0
050113,5126.0745,2958.6544,3025.9899,2976.7295,295.0262,-13.1861,-74.1444,18131,0
050114,16297.0148,3554.9730,3955.1570,3924.8675,406.4926,-13.3005,-74.3989,109924,0
050115,17921.6920,2716.0125,2671.9822,2666.5165,116.2969,-13.1464,-74.2141,1928,0
050116,24478.7028,2726.1837,2684.2514,2719.8450,60.0791,-13.1592,-74.2047,1098,0
050201,6555.6207,2876.5869,3319.2586,3387.0715,299.3818,-13.6153,-74.1338,22174,0
050202,7900.8027,3634.0969,4079.3732,4157.9646,416.7197,-13.5170,-74.3781,49516,0
050203,7881.9312,3443.6801,3639.9779,3635.6567,222.9083,-13.5228,-74.2063,30003,0
050204,2642.6244,3361.3893,3671.1435,3705.4425,407.7706,-13.5941,-74.2532,15848,0
050205,4660.4537,3825.5201,4334.4198,4428.8606,393.2013,-13.4987,-74.6950,93467,0
050206,3808.8631,3271.2339,3875.0227,3922.9812,473.1973,-13.5816,-74.4983,13863,0
050301,3460.2808,3494.2612,4190.3456,4215.5221,216.1286,-13.9279,-74.3623,163482,0
050302,2490.7320,3370.9309,3779.5197,3805.9655,388.4791,-13.8022,-74.3398,23680,0
050303,1748.1317,3547.2946,4114.5078,4142.8653,230.5290,-13.9441,-74.2850,77029,0
050304,2569.9816,3546.6674,4247.3493,4317.3689,288.2794,-13.8372,-74.3819,77747,0
050401,46337.7660,2646.2534,3547.7619,3786.5290,750.5651,-12.9369,-74.2499,19752,0
050402,4849.4915,2929.7341,3316.9374,3492.1113,696.2931,-12.5873,-74.3343,44353,0
050403,6405.2885,3175.9750,3585.1612,3481.5164,545.1508,-13.0143,-74.1791,11272,0
050404,3103.4648,2842.6689,3086.8541,2967.2516,508.5763,-12.9861,-74.2266,7276,0
050405,5553.8048,2588.9032,3031.5283,2849.5597,666.1663,-12.8952,-74.2811,17008,0
050406,4582.7710,3275.7151,3479.0367,3593.4236,616.7664,-12.7176,-74.2738,23030,0
050407,13084.1648,985.4891,2482.9991,2436.6452,1105.3604,-12.5361,-73.8977,107418,0
050408,10825.4127,803.3813,1908.0955,1704.9151,1031.0884,-12.4159,-73.9558,61769,0
050409,3608.6277,667.2488,1196.6161,1115.1509,529.9606,-12.3009,-74.0379,32212,0
050410,2742.9173,3527.6883,3794.9959,3884.0520,381.1311,-12.7786,-74.0800,30640,0
050411,7290.4329,3301.4416,2876.5883,3035.4817,1030.0629,-12.3867,-74.4742,85769,0
050412,1774.7112,3495.0191,3935.4929,4046.7751,390.0528,-12.7815,-74.2051,12714,0
050413,274.3617,3784.1873,3887.9481,3953.2514,275.1973,-12.6199,-74.1956,11265,0
050501,8268.7737,2808.0656,3646.2433,3774.7966,493.2905,-13.0102,-73.9686,30625,0
050502,10206.6406,2130.8182,2743.5024,2893.9256,1009.0142,-13.0468,-73.6185,89857,0
050503,9831.0554,871.8582,2331.3536,2276.5569,1139.4081,-12.6356,-73.8141,34181,0
050504,2867.2621,3166.9471,2895.1018,2935.0249,610.2285,-13.1697,-73.8830,18525,0
050505,5574.6895,3039.2756,2910.0437,3033.8754,920.2929,-13.2224,-73.5822,62286,0
050506,1323.2224,2849.0892,3215.2050,3316.9711,750.5049,-13.2299,-73.8887,16068,0
050507,11661.0580,828.0997,2117.4709,1900.9900,1127.9393,-12.6983,-73.7361,46658,0
050508,18873.7648,3242.6433,3833.4048,3931.6271,379.5092,-12.9379,-74.0152,37072,0
050509,6263.3724,894.3182,2615.6396,2874.3467,1207.7811,-12.7759,-73.6616,32090,0
050510,3753.2426,1402.4638,2704.8171,2898.0932,1064.4662,-12.8968,-73.6193,32029,0
050511,1823.4059,2971.5025,2667.0078,2599.3939,994.2673,-13.3410,-73.4091,66533,0
050512,2333.1155,972.2502,1139.8630,1138.5897,298.6961,-12.9287,-73.5435,4685,0
050513,1298.1815,897.0219,2187.2815,2158.8087,977.8992,-12.8331,-73.6152,13462,0
050514,1437.1510,2629.6264,3232.8374,3240.8525,613.3171,-13.0957,-73.8981,12017,0
050515,1628.3657,2616.2815,3246.8723,3158.4085,583.2708,-13.0609,-73.9397,11505,0
050601,14203.2581,3221.5661,4021.3837,4139.2700,429.8953,-14.6948,-74.1203,104358,0
050602,4907.0411,3284.8645,4026.3776,4124.7448,368.9554,-14.2386,-74.0171,105175,0
050603,3842.9664,3279.9671,4149.1777,4226.3675,296.3889,-14.2935,-73.9661,48904,0
050604,3755.2523,3478.5524,4189.2184,4227.5201,277.6084,-14.3904,-73.9613,56039,0
050605,2247.1774,3420.4484,3500.5595,3669.2589,613.4607,-14.9761,-73.8510,44422,0
050606,3951.5862,3620.1876,4333.1428,4391.5555,258.1145,-14.3955,-73.8449,139562,0
050607,2813.0322,2889.4406,2625.2772,2603.4037,728.5153,-14.1468,-74.9638,37685,0
050608,1731.2706,3045.5736,3550.6137,4055.1493,908.3492,-14.2882,-74.8515,94075,0
050609,1519.3602,2641.9986,3237.2859,3426.2477,658.2528,-14.7190,-74.6712,134185,0
050610,1295.7587,2640.9220,2940.4639,3055.8498,1141.1872,-14.2558,-74.9481,59523,0
050611,4002.2373,3490.2905,4014.7306,4097.9654,299.8989,-14.5824,-74.2603,146303,0
050612,3266.2021,3082.5406,2626.9238,2679.5452,1051.7305,-14.3730,-74.7636,103694,0
050613,3091.6238,2381.9530,3061.7951,3167.5541,834.6140,-14.4974,-74.6939,86522,0
050614,923.0951,2689.5426,2767.1020,2827.1548,887.7585,-14.9634,-74.4137,69631,0
050615,2063.7133,3500.9147,3382.7086,3607.8342,673.4570,-14.7534,-74.2246,49259,0
050616,1408.0464,3064.4015,3463.1987,3500.4969,427.8286,-14.6566,-74.2006,5675,0
050617,3211.5698,3213.9817,2779.3448,2709.3257,909.3352,-14.8213,-74.1067,88046,0
050618,1501.5404,3459.4119,4065.7988,4147.8686,303.2325,-14.3681,-74.5763,62787,0
050619,6414.9162,2599.7953,2661.6525,2689.7861,804.3966,-15.1667,-74.1109,182098,0
050620,720.6300,2961.7274,3557.0204,3537.1027,483.8736,-14.2279,-73.9555,5482,0
050621,1052.5765,2035.1753,2603.9329,2478.9305,831.1556,-14.9649,-74.5309,125094,0
050701,16013.3016,3256.8426,4231.6641,4366.2024,408.4250,-14.9979,-73.7747,167869,0
050702,3013.7559,3256.3961,3556.2437,3624.1142,423.6154,-15.1042,-73.7450,45063,0
050703,1603.8093,4073.7531,4444.7022,4518.9353,314.2582,-14.7871,-73.2058,130760,0
050704,2248.3236,2885.0862,3987.2838,4122.4741,478.5994,-14.9419,-73.3698,17780,0
050705,4939.4529,2401.2622,2939.4011,2949.8391,668.9416,-15.3856,-73.9272,189485,0
050706,2373.4165,3338.1246,3626.5598,3564.6649,328.7013,-15.2516,-73.5907,77933,0
050707,749.3621,2974.5754,3958.7173,4103.1656,511.6001,-14.9927,-73.3424,12460,0
050708,2382.3293,3563.7492,4059.6219,4057.9127,311.0628,-14.8550,-73.4763,69625,0
050801,2942.6097,2553.4356,3172.4063,3115.5451,892.3413,-15.2806,-73.3472,30474,0
050802,951.4569,3308.8761,3868.8563,4259.6501,905.5334,-15.1675,-73.2829,30049,0
050803,508.7012,3277.7583,3462.3508,3520.5625,875.4001,-15.2528,-73.2167,12217,0
050804,2480.4554,2791.5292,3842.9333,4003.4717,589.5237,-15.2039,-73.3722,34030,0
050805,766.0395,2515.2483,3915.5760,4173.7471,662.3712,-15.1273,-73.3371,14566,0
050806,1149.8611,3795.1174,4550.6819,4622.1344,335.3896,-15.1154,-73.2024,96054,0
050807,656.9094,3031.1770,3598.0628,3592.5511,420.3151,-15.2195,-73.4586,6870,0
050808,508.3765,2754.3466,3898.9941,4061.4885,650.9226,-15.0578,-73.3214,14215,0
050809,179.7886,2980.5316,3600.2602,3566.0933,798.5701,-15.2232,-73.2259,3441,0
050810,762.9235,3307.0608,3705.9770,3651.0472,529.7862,-15.2453,-73.4525,10297,0
050901,2513.0273,3481.5777,3614.7652,3708.1808,533.2994,-14.0055,-73.8336,34001,0
050902,659.1066,3057.6829,2715.5401,2661.2122,418.7462,-13.8105,-73.7669,4368,0
050903,664.2366,3510.1641,3198.1338,3261.5391,493.8485,-13.8500,-73.7514,6603,0
050904,600.9905,3259.8539,3112.3307,3111.0502,437.8227,-13.8906,-73.7274,3589,0
050905,634.4020,3248.8268,4011.1699,4187.4320,477.9189,-14.1771,-73.8830,17376,0
050906,1386.7049,3735.6404,3830.3550,3923.6305,494.6745,-14.1196,-73.8391,34820,0
050907,688.7507,3059.1890,3534.5181,3503.3758,530.2908,-14.0095,-73.6506,9564,0
050908,954.2494,3509.0700,3947.0123,3894.4767,301.8691,-14.2085,-73.5670,37897,0
050909,1728.4044,3236.2451,3705.4026,3820.1523,568.6503,-13.9684,-73.7221,17094,0
050910,807.8509,3568.0151,3711.3093,3764.3426,423.9980,-14.0825,-73.6461,7419,0
050911,1225.1872,3653.4842,4042.2705,4008.8861,318.9300,-14.1391,-73.6586,42428,0
051001,2134.0115,3085.3027,3959.7185,4149.0380,433.6472,-13.7466,-74.0699,28815,0
051002,2390.0384,3212.2627,3467.6007,3439.2032,507.6062,-13.6574,-74.2008,13955,0
051003,1253.8201,3217.1018,4010.0617,4199.1625,480.0111,-14.0283,-73.9488,21198,0
051004,447.5516,3119.1962,3531.3804,3573.7807,496.4026,-14.0882,-73.9258,8601,0
051005,3822.3483,3119.3907,3858.8684,4130.4685,589.2255,-13.9531,-73.9192,31949,0
051006,1196.2057,3191.5341,3339.2997,3337.8412,451.2551,-13.7951,-73.9878,7638,0
051007,1084.9314,2865.5113,3034.3804,2936.6644,405.2883,-13.7041,-74.0467,7684,0
051008,1192.5688,3303.9564,3698.4761,3707.6963,487.6746,-13.7252,-74.2884,8709,0
051009,1341.0563,3318.3344,4029.3179,4088.8764,321.8590,-13.7178,-74.1168,19524,0
051010,3043.3969,3254.6281,3733.5591,3914.3893,580.1369,-13.8616,-73.9423,18869,0
051011,2747.7459,3343.6597,3987.7061,4100.2762,436.2630,-13.6542,-74.3523,45605,0
051012,2671.0935,3375.2941,4122.8992,4223.8799,395.2835,-13.6059,-74.6051,60159,0
051101,8188.1210,3486.5824,3452.5848,3620.1953,481.7746,-13.6578,-73.9299,26503,0
051102,1174.2969,3349.4650,3231.7158,3254.5919,510.5971,-13.8064,-73.8714,10396,0
051103,1058.5366,3052.8562,3127.5671,3115.7933,558.6257,-13.7431,-73.7910,6536,0
051104,2825.7121,3248.7823,3304.3610,3443.4964,666.0090,-13.5524,-73.8773,25482,0
051105,2146.6896,3141.5284,3466.3461,3666.7310,508.7385,-13.7505,-73.9216,19598,0
051106,1686.3335,3489.9388,3145.0729,3138.6481,521.9815,-13.8712,-73.8619,10616,0
051107,1375.0621,3511.8649,2988.6197,3049.8380,551.1601,-13.6962,-73.7685,10734,0
051108,4439.8932,3168.1416,3660.6165,3665.3850,374.6229,-13.5936,-74.0081,31848,0
060101,254407.3395,2796.8122,3394.1611,3485.1965,351.1267,-7.1562,-78.5157,44695,0
060102,12764.0009,2567.5289,2834.5609,2768.4588,675.4104,-7.3339,-78.5284,25236,0
060103,4157.8447,3036.2291,3227.7285,3354.5799,490.1655,-7.1513,-78.6644,8676,0
060104,8010.1907,2540.4337,2742.7819,2779.0193,701.5755,-7.4585,-78.4979,65181,0
060105,24262.5969,3398.8321,3605.6391,3647.3083,301.1959,-6.9993,-78.3945,74630,0
060106,14694.4978,2874.3807,3186.1734,3157.7753,454.4439,-7.2691,-78.3766,34815,0
060107,5581.7077,2749.7191,2839.4477,2842.6472,175.2911,-7.1932,-78.4189,5979,0
060108,40013.7451,2888.4279,3217.9647,3178.4589,340.9706,-7.1256,-78.4694,33221,0
060109,9646.6661,2170.3275,2529.0674,2568.9247,733.2696,-7.2373,-78.6264,24402,0
060110,3519.3012,2812.7931,2756.2342,2798.4071,153.1231,-7.2642,-78.2584,6787,0
060111,10238.5930,3004.3062,3207.9937,3089.9022,394.4639,-7.1899,-78.3067,18574,0
060112,5067.7944,2657.9952,2926.7195,2957.9201,420.0294,-7.2789,-78.4925,8532,0
060201,27547.3445,2701.6652,3145.6040,2981.9190,631.5425,-7.6292,-78.0503,22438,0
060202,24030.3549,2898.0154,3091.4296,3132.9193,580.8376,-7.5698,-78.2396,96440,0
060203,12721.2187,2512.0953,2533.6485,2484.6136,407.8487,-7.5420,-78.0967,23224,0
060204,8329.6509,2731.9114,2544.4913,2500.1031,859.5486,-7.4822,-77.9438,68549,0
060301,24556.6961,2649.1561,2161.1279,2222.1958,694.0700,-6.8617,-78.1494,47688,0
060302,2916.6513,2614.4028,2127.0487,2074.4557,859.3915,-6.5841,-78.2086,24111,0
060303,12268.0049,2586.7373,2284.5109,2326.3143,801.8134,-6.5115,-78.3095,29624,0
060304,12693.3939,3221.1747,3274.4807,3456.9281,580.0818,-6.8311,-78.3082,52457,0
060305,576.1562,2514.7114,2185.6230,2235.3976,524.5657,-6.9373,-78.1001,6117,0
060306,2686.8297,2765.6124,2926.5728,2904.9915,224.2540,-6.9194,-78.1506,5930,0
060307,4685.3034,3138.6987,2973.1367,3177.0460,718.0087,-6.6460,-78.2671,30928,0
060308,6212.0718,3227.1257,2745.1963,2901.0540,873.5241,-7.0771,-78.0789,33201,0
060309,9341.7119,3254.8265,3463.3855,3638.4534,450.0741,-6.9274,-78.2851,19625,0
060310,5649.2810,3100.6885,3308.2713,3332.0248,379.4924,-6.9931,-78.1565,30909,0
060311,1338.1439,2132.3206,1984.3393,2044.0292,621.1033,-6.8631,-78.0853,11734,0
060312,7836.2522,2927.4933,2966.7552,3058.9003,447.1846,-6.7133,-78.2775,19965,0
060401,43236.1661,2554.0480,2906.0255,2865.8471,434.3771,-6.5588,-78.6512,31400,0
060402,3963.2726,2495.2850,2252.8729,2342.7026,489.5799,-6.3439,-78.5964,17844,0
060403,3196.6458,2558.2650,2483.3360,2492.1663,536.1289,-6.4529,-78.4120,7624,0
060404,4214.9600,2677.8005,2723.9326,2708.9454,215.5549,-6.4224,-78.7131,5668,0
060405,2719.6935,1790.8531,1682.0890,1663.6907,507.8423,-6.2951,-78.4693,17030,0
060406,3061.1208,2213.4219,1905.9478,1921.0292,636.0084,-6.3826,-78.3905,24419,0
060407,5889.1007,2258.7102,2218.8036,2228.4813,307.9213,-6.4748,-78.8489,13834,0
060408,6309.1651,2787.8928,2800.6119,2715.9559,392.4884,-6.4757,-78.6085,17996,0
060409,8704.3299,2279.4866,2203.2330,2210.5356,320.8102,-6.4292,-78.9558,28767,0
060410,11454.1493,2544.5782,2721.2595,2708.5332,349.3498,-6.5639,-78.7302,14174,0
060411,7370.3189,982.3127,1619.3522,1616.2138,802.2187,-6.5693,-79.2242,57780,0
060412,3520.8555,1917.5883,2299.2601,2351.3083,974.6640,-6.3563,-79.3269,49626,0
060413,6689.7975,2670.2040,2858.7054,2991.2853,519.9205,-6.5187,-78.4059,11586,0
060414,1469.0057,1769.7179,1337.0463,1322.7324,455.5785,-6.1872,-78.4797,16359,0
060415,8344.2122,2166.2020,2551.8111,2546.6597,519.6762,-6.3514,-79.0564,35138,0
060416,970.3627,2077.4714,1739.4094,1392.3873,983.9601,-6.4601,-79.2364,23532,0
060417,18713.6692,2433.3414,2544.7677,2523.8771,497.0492,-6.3952,-78.5828,22871,0
060418,911.3680,1364.6604,1195.3880,1135.8103,440.4778,-6.4232,-79.3611,25495,0
060419,3851.6767,2845.5089,2884.2785,2877.3789,524.5648,-6.5208,-78.4963,20857,0
060501,7951.3756,2598.0489,2594.8382,2651.6666,610.5486,-7.3548,-78.7790,41491,0
060502,2769.7496,918.1703,1674.2574,1658.5333,473.5510,-7.2260,-78.8377,15485,0
060503,1434.6783,2059.9798,1907.8143,1870.4685,571.8525,-7.3588,-79.0258,34550,0
060504,2726.1888,2783.5291,2817.4661,2879.8798,402.2773,-7.3670,-78.9111,5938,0
060505,3170.8695,1092.6354,1188.2935,1082.7521,525.1180,-7.4888,-78.9244,57372,0
060506,1029.2172,2641.5552,2622.3128,2633.9023,304.7268,-7.3411,-78.8647,7704,0
060507,2612.9469,1238.0733,2117.2055,2256.0338,731.2175,-7.2371,-78.9320,17333,0
060508,7155.9268,390.3882,889.2729,813.9926,453.2951,-7.2581,-79.1711,64234,0
060601,49844.4190,2544.0560,2445.7096,2538.0292,399.4609,-6.3885,-78.8245,50708,0
060602,9425.0209,1684.3449,1693.8973,1706.2736,402.7445,-6.1271,-78.9326,36198,0
060603,3308.7895,1167.4727,1044.7331,900.3106,462.4852,-5.9471,-78.7750,30541,0
060604,2791.6222,1475.1840,1199.7838,1187.8162,407.6097,-6.1179,-78.5628,11794,0
060605,5840.4249,2145.3447,1968.1976,2120.1897,563.3946,-6.2357,-78.5678,7502,0
060606,5488.7264,1675.2833,1632.2780,1649.6514,373.6640,-6.0742,-78.7638,19909,0
060607,15161.9115,1885.7126,2102.9585,2068.8731,629.1341,-6.2272,-79.0357,80813,0
060608,4853.6950,2190.4183,2411.8987,2357.5009,389.9719,-6.2268,-78.7201,14636,0
060609,2091.5436,1809.7250,1644.3461,1629.6253,394.2131,-6.1831,-78.5989,8248,0
060610,1998.1132,2306.3392,1937.6139,1930.4220,526.1618,-6.2830,-78.6151,8366,0
060611,2799.8547,1622.6991,1544.4029,1553.7736,405.3477,-6.1173,-78.8361,15239,0
060612,5075.8656,1880.0032,2188.7163,2136.1946,446.1770,-6.2496,-78.8556,12306,0
060613,7473.6981,1962.7444,1623.5840,1689.7860,557.7406,-6.1492,-78.6906,26980,0
060614,9796.9744,2181.6550,2412.9819,2392.7673,347.0979,-6.2976,-78.6881,18214,0
060615,1305.7010,1465.1639,1075.7834,1061.1593,361.6650,-6.0149,-78.7029,15201,0
060701,72953.4329,2829.8334,3097.9096,3062.5165,437.4984,-6.6922,-78.5111,53377,0
060702,3463.8652,2987.6987,3279.2440,3328.3641,466.1569,-6.6679,-78.7221,12442,0
060703,16603.7666,3345.7240,3518.9244,3597.7473,342.2007,-6.7364,-78.5899,26957,0
060801,87871.7619,826.3197,1475.4583,1407.5293,620.9075,-5.7196,-78.8093,65365,0
060802,14598.3074,644.8947,728.7028,691.3306,266.9779,-5.5909,-78.7559,101838,0
060803,9389.4317,1667.7565,2396.3942,2322.6184,605.5608,-5.6598,-79.0859,54345,0
060804,9988.1422,1544.4704,1694.4350,1696.6023,485.7620,-5.8799,-78.9945,70805,0
060805,6975.9151,1648.3451,1644.4555,1698.4518,398.0709,-5.6039,-78.9077,9963,0
060806,4043.2384,1486.5537,1369.0573,1346.2550,261.6990,-5.6392,-78.8539,7670,0
060807,10018.0659,1475.9840,2033.2229,2043.6889,530.4576,-5.9073,-79.1948,95538,0
060808,7031.5497,1227.9168,1614.7811,1610.3230,481.2431,-6.0438,-79.1220,26004,0
060809,7761.2807,2042.3027,2416.2969,2376.8068,576.8616,-5.6394,-79.3299,43016,0
060810,5659.8301,1726.3685,2131.6163,2105.6450,527.0070,-5.7851,-79.3229,30103,0
060811,7348.7375,1421.9710,1775.3757,1753.1155,472.8630,-5.4987,-79.0422,59222,0
060812,11805.6127,1242.0180,1066.9734,1012.7967,478.9445,-5.4165,-78.5799,36529,0
060901,34525.4502,1312.5342,1295.4060,1287.6432,371.0191,-5.1415,-79.0095,41824,0
060902,13434.3828,1302.0348,1193.0793,1170.5812,503.6054,-5.3110,-78.8840,41807,0
060903,19964.0381,880.5383,1424.1967,1391.4027,506.0628,-5.2745,-78.7547,106605,0
060904,18861.9029,1487.9580,1474.2751,1508.6446,422.7248,-5.3938,-78.9639,47529,0
060905,8628.9907,1262.2564,1985.2805,1922.4370,775.2776,-5.0669,-79.1241,74323,0
060906,19123.4555,1175.0120,1619.6169,1617.2048,435.8939,-5.0817,-78.8920,159635,0
060907,18995.7197,1401.2483,2244.8861,2166.1953,599.2340,-5.3347,-79.1651,90746,0
061001,18897.8015,2526.3296,2807.6923,2722.4760,436.0578,-7.3303,-78.1546,28592,0
061002,3052.6682,2824.8722,2683.2328,2672.2321,254.3970,-7.3978,-78.1234,8061,0
061003,2159.6831,2030.6569,2206.3369,2145.4115,208.8353,-7.4549,-78.1355,7349,0
061004,6712.4068,3093.9738,3393.1175,3383.7788,423.8745,-7.2441,-78.1752,26059,0
061005,1877.2915,2704.3931,2543.5453,2591.7943,421.4291,-7.3728,-78.1104,8011,0
061006,3734.6451,3000.0093,2739.4551,2849.6565,632.7918,-7.3449,-78.0433,12719,0
061007,13235.8051,3183.4599,2659.2211,2711.5372,851.0372,-7.2234,-78.0211,68736,0
061101,14302.4610,2549.6361,2246.2452,2393.2266,835.0095,-7.0263,-78.8799,41812,0
061102,1727.2931,1204.9722,1520.1198,1421.3247,617.3882,-6.9760,-79.1695,9953,0
061103,4020.4925,3034.3229,3187.4069,3281.6107,396.4826,-6.9374,-78.9197,39962,0
061104,3126.6180,3277.9508,3475.5543,3503.9961,323.8656,-6.8154,-78.7435,23811,0
061105,1511.7398,2329.3219,2674.5240,2879.9553,682.1947,-7.0554,-79.0064,8296,0
061106,2149.4638,1251.1092,1088.4779,1077.3748,390.6652,-6.8778,-79.1118,6480,0
061107,5224.0503,3220.3092,3463.4714,3480.1931,316.1577,-6.9260,-78.7770,16780,0
061108,1064.5735,557.6882,698.4526,580.6155,383.8328,-6.9663,-79.2333,42293,0
061109,3800.4742,2487.5872,2276.0968,2391.2196,863.1862,-6.9319,-79.1173,18251,0
061110,2326.5911,1282.6294,1078.1473,964.0198,597.9441,-7.0903,-79.1514,36320,0
061111,4143.3549,3206.9536,3340.0105,3389.9551,330.0295,-6.9511,-78.7448,15828,0
061112,3886.5525,2875.8061,3109.0407,3175.9109,375.1559,-6.7684,-78.8299,18977,0
061113,3578.4784,2074.8917,1754.0583,1537.0066,822.4726,-7.0768,-79.0403,20045,0
061201,12241.8632,2535.3903,2771.7175,2822.8790,536.2875,-7.0984,-78.8094,23566,0
061202,4344.6512,1887.2639,1806.0994,1684.2200,640.6899,-7.1664,-78.7644,19618,0
061203,1229.5322,1444.5141,1445.2371,1441.1521,366.2225,-7.1503,-78.8654,5039,0
061204,3304.7412,3233.1503,3392.6570,3383.3093,290.4227,-6.9997,-78.6952,30100,0
061301,10337.4875,2027.0238,1910.5965,1989.1119,284.8769,-6.6272,-78.9405,12326,0
061302,1412.7119,2361.3810,2310.7860,2254.8829,211.1329,-6.6627,-78.8113,1004,0
061303,9002.6507,2193.8083,2168.7092,2295.7355,689.0131,-6.7698,-79.0530,66419,0
061304,3691.3857,2001.5473,2013.4505,1992.5776,290.3165,-6.5616,-78.8609,15140,0
061305,2742.0322,2115.5804,2089.7907,2077.9256,275.8445,-6.6233,-78.8537,7046,0
061306,2743.5164,2349.5271,2752.5200,2618.4647,521.9590,-6.6720,-78.7813,6792,0
061307,4382.1543,2382.5127,2646.5104,2626.7227,501.2814,-6.7326,-78.9252,18638,0
061308,1810.6402,2188.6387,2101.0870,2125.4288,264.8411,-6.6853,-78.9043,3733,0
061309,482.1468,2197.5368,1906.1898,1902.1892,406.1336,-6.5792,-79.0452,22404,0
061310,1601.8450,2308.9503,2310.8463,2263.1720,303.6899,-6.6168,-78.7905,5121,0
061311,3079.4168,2454.6230,2476.1529,2477.4743,226.2520,-6.6801,-78.8368,3984,0
070101,188981.5767,23.8766,19.3230,14.1891,16.1914,-12.0186,-77.1172,5990,0
070102,61359.8115,34.8772,35.6358,35.3364,14.8726,-12.0607,-77.1106,545,0
070103,35778.9786,60.9298,58.9502,58.9081,7.2659,-12.0423,-77.0892,231,0
070104,94855.0088,25.2890,25.8250,26.1585,7.5834,-12.0709,-77.1169,391,0
070105,4035.9887,4.1250,2.8411,3.5202,1.9559,-12.0715,-77.1626,96,0
070106,190116.6378,153.5857,141.7705,126.8788,111.0976,-11.8564,-77.1351,9327,0
070107,14488.7637,136.5112,148.9000,135.3661,62.6228,-11.8539,-77.1217,336,0
080101,138780.7917,3480.1100,3865.4329,3859.5092,242.4589,-13.5162,-71.9767,10295,0
080102,2616.5257,3716.7560,3956.2512,3964.0564,222.7438,-13.5773,-72.0673,19434,0
080103,17366.4937,3611.5672,3765.7720,3746.6972,160.6168,-13.5016,-72.0234,3490,0
080104,58027.3780,3251.9257,3715.8860,3686.9118,339.8372,-13.5466,-71.8896,11500,0
080105,81178.1269,3330.1714,3606.8245,3581.9313,225.6139,-13.5346,-71.9272,8187,0
080106,91369.4495,3428.4312,3776.7438,3821.0539,208.4161,-13.5355,-71.9797,7101,0
080107,4243.3233,3163.8512,3634.6586,3577.5757,372.1409,-13.5672,-71.8315,2905,0
080108,66039.3996,3326.9956,3314.0833,3315.2861,30.9860,-13.5296,-71.9554,708,0
080201,4975.6912,3478.4416,3985.8421,4008.5393,342.4642,-13.9184,-71.6801,17026,0
080202,2939.7503,3660.0656,3825.9805,3784.6392,191.9856,-14.0687,-71.4835,9523,0
080203,2239.1576,3319.5355,3698.3921,3709.2687,449.6670,-13.9439,-71.7343,16590,0
080204,1268.7714,3778.2149,3863.4428,3858.5699,133.4612,-14.1137,-71.4797,4366,0
080205,7941.4248,3694.6843,4019.2246,4052.3607,326.9651,-14.0284,-71.5928,32204,0
080206,2404.6909,3571.4536,3829.9071,3891.8532,485.2771,-13.7920,-71.7762,22026,0
080207,3389.9607,3744.6721,4014.7756,3962.2844,267.2747,-13.9685,-71.5738,10363,0
080301,15107.9260,3387.1867,3632.3186,3581.2275,258.5119,-13.4676,-72.1566,22541,0
080302,6313.3916,3505.5806,3867.6098,3802.8416,337.8240,-13.4629,-72.3111,14900,0
080303,2090.1772,3514.3810,3704.1192,3640.1920,230.5002,-13.4729,-72.0651,5249,0
080304,4152.6128,3391.1257,3552.6536,3668.9437,522.1272,-13.6199,-72.2496,47628,0
080305,5274.9280,3482.9896,4072.8312,4117.6644,475.2641,-13.4038,-72.2068,26473,0
080306,8822.6542,2994.1869,3583.0487,3629.0552,674.4473,-13.4748,-72.4351,60802,0
080307,2409.8340,3018.8744,3373.8503,3290.0136,871.8767,-13.4951,-72.5566,44395,0
080308,3542.1548,3430.8098,3640.6414,3626.5786,183.9737,-13.4783,-72.1031,4089,0
080309,3362.0260,3374.4630,3565.4743,3410.3045,308.9447,-13.4655,-72.2475,7314,0
080401,20317.1703,3011.3038,4099.2975,4228.6986,553.0630,-13.3158,-71.9615,37528,0
080402,3635.8017,3294.9810,3739.0227,3876.9371,442.0704,-13.3972,-71.9110,8442,0
080403,5378.3556,3294.8503,3953.9239,4052.2652,402.2503,-13.3462,-71.9022,11479,0
080404,7009.0695,3514.6056,3983.4866,4052.5519,450.1562,-13.0814,-72.0257,87843,0
080405,9408.7291,3393.4200,3904.1496,3992.7688,360.9916,-13.4043,-71.8271,17745,0
080406,5231.9914,3270.0094,3740.4761,3768.6414,443.5778,-13.4897,-71.7738,15390,0
080407,4416.3984,3551.9835,3817.7946,3841.7971,330.4937,-13.4579,-71.8898,6598,0
080408,12071.3677,1844.6646,2881.5385,2939.3383,776.8104,-12.7684,-72.1504,238878,0
080501,8965.8023,3951.8102,4078.2678,4083.3051,199.4958,-14.2419,-71.4403,35103,0
080502,5601.2365,3928.7757,4153.0733,4068.6046,272.2311,-14.4903,-71.4304,60848,0
080503,5085.6003,4030.5359,4172.6125,4103.8574,203.9402,-14.5437,-71.3052,47554,0
080504,2342.8858,3979.1370,4185.5840,4173.8282,202.8213,-14.4052,-71.2906,20641,0
080505,5665.9756,4053.6944,4420.1393,4422.3297,262.1280,-14.5113,-71.1460,51434,0
080506,1840.0411,3731.5744,3877.0107,3860.0591,184.8832,-14.1440,-71.4477,3761,0
080507,3138.6618,3937.4194,4122.1919,4097.5194,254.4390,-14.3691,-71.4801,17954,0
080508,2608.4456,3867.4257,3909.1315,3938.3603,170.6571,-14.1572,-71.5141,13888,0
080601,53314.9112,3569.4524,4278.6184,4304.2449,403.2523,-14.2686,-71.2296,77956,0
080602,4571.2857,3664.0288,4703.7158,4769.9711,369.0603,-14.0102,-71.3947,112870,0
080603,4929.0926,3552.6337,4175.6675,4227.1166,378.3945,-14.0922,-71.4041,20893,0
080604,10332.0520,3806.1107,4492.6455,4554.4536,376.0115,-14.3769,-71.1502,52957,0
080605,6749.3293,3774.7320,4816.7445,4868.0000,334.7611,-13.9676,-71.3726,131391,0
080606,4498.3120,3655.7277,4485.1289,4507.4768,402.6046,-14.2014,-71.2820,63034,0
080607,2610.9246,3510.5276,3861.0354,3777.9693,347.1300,-14.1821,-71.3458,6744,0
080608,5239.3138,3539.6407,3775.0770,3733.0353,245.8941,-14.1566,-71.3980,9948,0
080701,24136.0663,3781.4603,4459.1262,4525.7722,384.0310,-14.5054,-72.0886,230123,0
080702,4415.4128,3537.4564,3939.9952,4101.6132,464.1538,-14.0264,-72.0165,32267,0
080703,7780.1501,3902.3307,4001.0317,3960.5760,224.1234,-14.3317,-71.8540,78581,0
080704,8176.7506,3582.3713,3866.8219,3883.0559,351.6255,-14.2789,-72.0445,54533,0
080705,12888.0260,3905.5409,4197.2673,4180.8302,318.6503,-14.3274,-71.6668,115665,0
080706,6326.9229,3548.9073,4232.0979,4376.6909,401.7264,-14.3699,-72.1228,38027,0
080707,4328.3440,3722.0710,4022.4347,4012.5428,329.3007,-14.3483,-72.1723,27274,0
080708,6482.2329,3877.5178,4158.3073,4106.7319,267.0252,-14.4993,-71.8771,68927,0
080801,29781.8301,3920.4397,4156.1733,4086.0186,253.7575,-14.8082,-71.4013,89315,0
080802,1230.0547,4679.5282,4771.0335,4761.5781,133.1980,-15.3036,-71.0988,62425,0
080803,15950.4673,4027.6663,4278.8874,4241.4256,267.1466,-14.7712,-71.5759,186530,0
080804,1560.3920,4144.7260,4341.5439,4288.2123,255.7153,-15.0310,-71.1615,43494,0
080805,5117.9243,4047.9240,4219.8441,4169.1286,205.1739,-14.8991,-71.1634,98845,0
080806,3679.3409,3962.9482,4020.3886,3995.3751,141.7906,-14.6802,-71.3511,33097,0
080807,2662.4270,4267.1406,4430.6114,4410.4170,245.1809,-14.9768,-71.6420,75958,0
080808,2461.8827,4008.0908,4145.1430,4046.3615,227.0393,-14.7565,-71.2618,43440,0
080901,32059.9413,1089.7393,2177.4984,2150.4981,711.0333,-12.8668,-72.6958,46946,0
080902,24399.4214,956.7440,1702.1756,1571.8968,719.8593,-12.6345,-72.7889,909543,0
080903,4891.0035,1697.7787,3032.5226,3040.8997,858.4384,-13.0145,-72.5408,63602,0
080904,6453.3240,1227.5960,2089.7533,1983.0253,706.2107,-12.9592,-72.6545,19745,0
080905,6107.3849,1841.4340,2952.6595,2925.9898,967.1278,-12.8310,-72.3761,103453,0
080906,15178.2974,1152.8214,1869.1019,1782.8928,708.8559,-12.5827,-72.4995,235269,0
080907,9916.8494,714.3508,2179.4042,2194.9138,966.8634,-12.6258,-73.7561,64845,0
080908,7942.6502,1872.5044,3598.2828,3745.7569,955.9701,-13.1346,-72.6340,159668,0
080909,14241.2135,2570.2860,3028.7173,3125.3885,1001.1867,-13.0399,-72.9627,283914,0
080910,11684.1375,638.0877,1861.7889,1836.4681,904.4542,-12.5061,-73.8309,51692,0
080911,4285.5442,2152.0000,2846.5664,2754.4279,1062.2564,-13.3145,-73.2481,92650,0
080912,1664.8834,825.5312,2440.6137,2458.1867,847.8888,-13.0140,-73.4912,52671,0
080913,1135.8141,843.0644,1553.4413,1570.4153,489.3421,-12.9022,-73.5297,23844,0
080914,10193.5031,385.6697,578.6082,470.7457,295.2194,-11.7408,-73.0035,1278820,0
080915,4951.3493,960.8290,2101.3450,1964.7239,784.6180,-12.6423,-73.2039,352223,0
080916,2115.5768,830.2702,1638.3449,1668.6798,517.3449,-12.8121,-73.5922,12263,0
080917,2933.0149,895.4514,1773.3549,1679.4511,740.7364,-12.7555,-73.6250,17114,0
080918,3546.9180,648.7067,1617.8411,1521.5386,802.1754,-12.3148,-73.9242,36770,0
081001,3090.5826,3262.2826,3746.1578,3810.6930,351.2650,-13.7505,-71.8499,18376,0
081002,3422.1656,3485.9829,3767.1864,3795.5845,441.5837,-13.9752,-71.8385,28751,0
081003,3386.1156,3403.2284,3570.4979,3661.8122,543.2170,-13.8641,-72.0327,39199,0
081004,1106.2184,3228.2561,3507.3353,3528.6934,458.4243,-13.8662,-71.8405,16831,0
081005,5036.6411,3387.2601,3598.6665,3678.2881,534.6812,-13.6893,-72.0237,43442,0
081006,6039.3417,3840.9039,4054.6454,4108.7570,380.1035,-14.1514,-71.7549,51516,0
081007,2406.2988,3473.9983,3455.5122,3527.3360,420.7451,-13.7511,-71.9498,17112,0
081008,1147.1686,3160.6873,3659.6194,3678.8393,434.8577,-13.9638,-71.7567,9448,0
081009,1888.9002,3617.2778,3789.4525,3823.4466,280.4807,-13.6459,-71.9127,12124,0
081101,12061.1528,3318.3384,3406.8998,3582.1168,754.7230,-13.3389,-71.5590,131066,0
081102,2474.0335,3657.5049,3891.6741,3954.6963,370.8466,-13.5668,-71.6780,12837,0
081103,9681.3138,3229.0666,3624.4361,3695.1523,466.2945,-13.1606,-71.7302,85727,0
081104,9643.3996,3757.8948,3855.3742,3862.4485,270.3355,-13.3922,-71.6745,55225,0
081105,6926.8055,3755.9641,3834.3824,3826.3979,235.2477,-13.5032,-71.6493,17497,0
081106,4876.9700,1245.7791,2026.7123,1788.8657,1141.5371,-13.0353,-71.3920,392004,0
081201,9376.6187,3214.1809,3728.6232,3725.7435,367.6742,-13.6885,-71.6194,16920,0
081202,4845.7407,3164.8726,3564.9691,3503.6706,379.5265,-13.6678,-71.6827,10294,0
081203,2014.3074,1702.1392,1837.7431,1305.0303,1306.5171,-13.3378,-70.7521,403848,0
081204,2853.9268,3805.7533,4281.2206,4279.1291,405.7444,-13.5619,-71.3815,36476,0
081205,14972.0968,3731.9232,3894.3734,3897.9341,248.0366,-13.6233,-71.5259,35699,0
081206,4523.3866,3497.5651,4275.6134,4377.7918,439.2692,-13.8926,-71.4864,29205,0
081207,4123.3049,3381.4558,4134.8523,4220.6808,376.0756,-13.7050,-71.6515,13059,0
081208,3839.1378,3132.3234,3724.2632,3788.3699,391.6241,-13.6210,-71.7353,14206,0
081209,4101.9987,3407.4342,4212.5195,4446.6158,807.6001,-13.6215,-70.9475,156401,0
081210,13898.6326,3905.3541,4487.9296,4475.4271,445.7417,-13.6707,-71.3369,114036,0
081211,6361.7322,3133.6909,3670.5126,3646.5534,403.7572,-13.5893,-71.7834,9428,0
081212,10089.5322,3533.8880,4020.8296,4075.1033,360.0809,-13.8036,-71.5433,43859,0
081301,18316.1624,2891.8590,3957.1813,4022.4181,617.9440,-13.2986,-72.1288,19327,0
081302,9355.6365,3720.1037,3846.5980,3740.8178,224.4779,-13.4065,-72.0527,12310,0
081303,5159.0040,3082.0997,3542.8355,3595.8132,428.6071,-13.3404,-72.0596,9216,0
081304,4043.9329,2263.8044,3452.7815,3497.8585,818.9577,-13.1862,-72.5082,43372,0
081305,6167.9327,3350.5612,3437.6716,3491.5247,259.5941,-13.3406,-72.1483,16952,0
081306,10260.5566,3056.1443,4053.2131,4188.1092,581.7129,-13.2355,-72.2833,69562,0
081307,2861.4946,2880.9427,3635.0312,3630.3195,606.6138,-13.3195,-72.0839,2849,0
090101,29121.4052,3723.9643,4443.9495,4491.4682,295.2349,-12.7858,-74.9703,61238,0
090102,4346.4478,3981.9738,4519.4292,4578.6481,259.5195,-12.6631,-75.2977,88303,0
090103,34850.0769,3655.1882,3857.5925,3926.0741,487.9197,-12.6183,-74.8503,65112,0
090104,1278.7156,3815.2025,4031.5562,4069.8431,323.0694,-12.5183,-75.0222,4962,0
090105,2132.1645,3709.6828,3895.7354,4019.2611,473.2961,-12.4629,-75.0468,6591,0
090106,2899.7119,4141.9616,4554.6263,4593.9104,268.4130,-13.0385,-74.9448,40527,0
090107,855.3181,3757.1399,3839.9846,3887.5100,368.7797,-12.4149,-75.1764,4361,0
090108,883.6206,3037.6662,3369.9728,3351.5078,310.7648,-12.4988,-75.0009,1485,0
090109,1451.5305,3999.3411,4321.7216,4398.3052,221.5461,-12.5563,-75.0549,7718,0
090110,1783.3884,3859.2478,4258.9130,4319.8886,285.9201,-12.6011,-75.1854,19002,0
090111,413.7456,2840.6995,3220.4408,3215.8819,230.1144,-12.5344,-74.9342,627,0
090112,2339.4024,3515.0386,4042.8163,4106.0560,384.0519,-12.4262,-75.1383,11330,0
090113,2720.3449,4114.9085,4514.1308,4566.3084,247.3009,-12.6070,-75.0501,29482,0
090114,3379.1428,3873.0835,4137.3330,4172.3032,244.0757,-12.6582,-74.9740,9685,0
090115,633.4464,3762.8701,3766.0803,3800.1800,387.6509,-12.4166,-75.0773,4759,0
090116,3171.9387,3792.1822,4222.8709,4288.0428,374.1607,-12.5304,-75.2227,36959,0
090117,30724.4444,3824.2298,4075.0660,4108.1756,268.3400,-12.7809,-74.8377,38433,0
090118,20133.1846,3770.8431,4609.3767,4644.9347,230.2833,-12.7848,-75.0003,49023,0
090119,7815.4959,3774.5355,4083.7448,4160.9456,429.4950,-12.5883,-74.9742,23444,0
090201,10910.8577,3493.6554,3425.6995,3500.7135,383.4482,-12.8341,-74.5705,14802,0
090202,5623.6176,3675.4152,3437.2490,3467.0382,526.3109,-12.6716,-74.6566,9804,0
090203,9362.5523,3659.4066,3649.7195,3665.5266,246.3586,-12.8071,-74.6690,10869,0
090204,3183.8146,3379.4585,3229.8474,3290.8241,392.7538,-12.8822,-74.4768,10423,0
090205,2534.5805,3189.2430,2893.0893,2891.5569,473.3952,-12.8742,-74.4063,20607,0
090206,32858.7707,3839.2629,4042.8645,4040.2878,246.4132,-12.7349,-74.6942,26401,0
090207,4500.0453,3343.5437,3306.1496,3340.1161,273.4724,-12.8618,-74.5260,6624,0
090208,8091.8393,3828.0346,3634.5181,3808.0986,475.3666,-12.7467,-74.6187,11631,0
090301,26250.1872,3531.1728,4275.1681,4359.7289,346.8966,-13.0209,-74.7282,99133,0
090302,8221.2738,3663.2274,3717.5870,3718.1220,185.0462,-12.8873,-74.7035,9057,0
090303,876.9782,3611.5636,3521.0982,3542.2285,338.1027,-12.8762,-74.6252,2961,0
090304,3392.6630,4032.7908,4140.1793,4160.2048,232.5491,-12.9252,-74.7791,12869,0
090305,2134.3203,2618.3880,2716.1628,2657.8660,316.7182,-12.9942,-74.3324,20709,0
090306,4511.4469,3652.1379,3683.7450,3721.8924,461.5007,-12.9658,-74.5394,25103,0
090307,1707.6665,3662.8980,3938.7588,3996.6921,371.6425,-12.9334,-74.6134,12859,0
090308,2226.9939,3616.4949,3895.2774,3972.8364,385.4631,-12.9398,-74.6972,3820,0
090309,1786.3550,3309.2815,3209.3286,3272.4191,292.7607,-13.0169,-74.4349,6154,0
090310,5001.1823,3041.9767,3343.7089,3404.7727,307.6942,-13.0670,-74.4200,4066,0
090311,2289.2426,3383.5294,3938.4992,4041.6536,431.5130,-13.1201,-74.4342,16706,0
090312,3762.7676,3697.6744,4093.5968,4172.5486,334.4298,-13.0596,-74.5174,19536,0
090401,3197.4670,3980.4033,4452.8663,4504.7961,286.6783,-13.2466,-75.3184,110779,0
090402,1389.0279,3069.8613,4050.5780,4283.4235,609.2352,-13.1449,-75.5466,36070,0
090403,2059.8243,3630.7346,4447.9307,4531.5692,330.3247,-13.0166,-75.5474,41656,0
090404,1297.9202,2906.4247,2875.1203,2988.2379,781.1656,-13.3138,-75.5714,48093,0
090405,1100.1457,3796.1104,4439.4915,4516.9994,295.6644,-12.9811,-75.5611,43903,0
090406,869.4945,3368.9594,3841.2835,3927.1991,476.3985,-13.2753,-75.3711,9730,0
090407,1640.6473,2923.5082,3920.2095,4188.0396,661.3451,-13.2270,-75.5362,21063,0
090408,371.7000,3092.2280,3484.9441,3536.1877,613.0364,-13.1084,-75.6766,6641,0
090409,1510.5023,3097.0926,3528.7860,3573.5497,770.9108,-13.2931,-75.4215,20510,0
090410,514.7021,1979.0663,2564.8267,2509.1724,865.0022,-13.2448,-75.6463,23516,0
090411,1897.6796,4616.1856,4715.3757,4710.3804,151.6573,-13.1212,-75.1406,77233,0
090412,725.7646,2841.8745,3422.1177,3570.0431,630.7789,-13.0958,-75.6454,13347,0
090413,1624.8609,2404.5495,3115.1418,3105.2515,773.5221,-13.3949,-75.4236,21944,0
090501,5601.3224,3319.1031,3351.2931,3401.6104,592.5276,-12.7300,-74.3886,16190,0
090502,7153.9370,3246.8783,3613.9656,3714.8942,566.6490,-12.6584,-74.5615,17880,0
090503,3794.2488,3292.5757,3278.1276,3381.3596,718.2055,-12.4951,-74.5762,19363,0
090504,2958.3818,3223.5369,3477.7711,3459.8471,571.2569,-12.7210,-74.4946,9199,0
090505,1365.3077,2616.7597,2753.2698,2661.0948,457.8835,-12.7916,-74.3569,8731,0
090506,4279.7209,3529.4756,3618.3339,3687.3300,554.3889,-12.7263,-74.4483,11055,0
090507,6989.9760,3524.9034,3830.1752,3934.8603,407.5937,-12.5616,-74.5320,11675,0
090508,1178.2753,2491.5574,2707.2278,2655.9513,354.8082,-12.7974,-74.3984,3512,0
090509,3424.5114,3173.9196,3282.9126,3338.9625,705.0631,-12.5931,-74.4101,15395,0
090510,2771.3209,3281.9770,3336.1005,3409.9260,696.9128,-12.5247,-74.4796,18670,0
090511,3239.8396,3412.2601,3655.5344,3722.8408,557.8395,-12.5832,-74.6530,12739,0
090601,2089.5750,2654.1263,3162.6880,3255.5748,824.1590,-13.6094,-75.3655,47364,0
090602,695.3720,3357.3473,3204.2601,3302.8643,750.7021,-13.6998,-75.3541,21632,0
090603,2313.3196,3334.3404,3417.8670,3451.1633,349.6956,-14.0214,-75.1648,12400,0
090604,422.1669,3409.1995,3434.2822,3444.2214,460.1327,-13.5425,-75.3086,4542,0
090605,498.5266,3288.8373,3787.4278,3834.8869,371.3727,-13.9489,-75.0349,23271,0
090606,2442.1615,3012.6430,2886.3965,3078.3987,593.0898,-14.0059,-75.0182,20257,0
090607,3652.3563,4304.9280,4411.4092,4460.4512,266.4889,-13.3415,-74.9193,261938,0
090608,901.5083,3222.2055,4014.9507,4083.5954,345.9651,-13.9488,-74.9388,82572,0
090609,812.3242,3153.4569,3241.4605,3334.8326,645.5965,-13.5284,-75.3548,28774,0
090610,1598.6310,3637.5955,4113.7053,4171.2848,284.1569,-13.4819,-75.2648,28717,0
090611,825.0742,2841.0223,3789.1657,4068.7747,627.3538,-13.7802,-75.2759,24342,0
090612,1084.0640,3474.0950,3318.5480,3456.5675,528.4845,-13.9759,-75.2283,20321,0
090613,2882.1447,3079.7204,3282.5733,3404.5548,761.4381,-13.8324,-75.2307,122826,0
090614,651.0534,2969.6870,3652.6649,3911.0246,698.2915,-14.0553,-74.9541,21152,0
090615,982.5486,3555.1714,3962.0218,4156.3607,522.7579,-13.7124,-75.2210,30784,0
090616,379.0964,3457.4129,4173.0077,4293.3209,358.2537,-13.6611,-75.2454,27374,0
090701,10075.9546,3275.8179,3626.0153,3652.9726,427.8043,-12.4078,-74.8645,8933,0
090702,4396.3652,3614.4969,3787.1749,3838.6482,374.8518,-12.4018,-75.0233,19686,0
090703,5012.4031,3501.0046,3901.0240,3985.3263,297.8003,-12.4065,-74.9236,12986,0
090704,4946.5265,3373.5913,3714.4777,3752.8537,393.0991,-12.4097,-74.8999,11928,0
090705,14223.1359,3054.6535,3152.8343,3228.4699,730.6108,-12.3948,-74.6952,38868,0
090706,9761.5694,3262.7267,3340.8263,3429.1935,619.6672,-12.3745,-74.8507,12567,0
090707,3628.7164,2860.3020,2216.7300,2207.7453,707.6563,-12.0540,-74.5804,26045,0
090709,4921.3252,3101.5146,3430.3517,3446.2533,591.4934,-12.2703,-74.9300,17875,0
090710,2002.2340,3648.7662,3864.7177,3885.6613,320.3225,-12.3306,-75.0775,7955,0
090711,7281.6560,3785.8926,3957.9011,3989.1865,363.0401,-12.2740,-75.0392,27078,0
090713,901.8876,3059.2096,2571.4210,2612.4589,601.2031,-12.2416,-74.7760,3903,0
090714,4787.0770,3136.1265,3186.5936,3335.6344,811.9236,-12.2057,-74.7924,22751,0
090715,3518.9983,2880.6812,2568.8089,2544.0895,737.0035,-12.1166,-74.7508,14009,0
090716,2989.4966,3248.5823,3927.2460,4113.6647,612.1114,-12.0963,-74.8806,34408,0
090717,3845.2524,2704.2362,2907.5999,2895.6321,836.4292,-12.1426,-74.6381,29108,0
090718,4700.6454,2628.6610,2500.3152,2451.4173,888.5342,-12.1591,-74.5556,21405,0
090719,3157.3724,3318.1982,3640.0937,3684.7889,472.6335,-12.4756,-74.7342,14200,0
090720,2290.8597,2581.0002,3035.2099,3011.9204,882.0889,-12.3119,-74.6392,18035,0
090721,3007.4111,2784.4700,3063.5142,3002.7631,734.5924,-12.2183,-74.4846,22052,0
090722,2511.0991,3321.5543,3864.9105,4003.1188,528.0254,-12.2253,-74.9295,17171,0
090723,916.0854,3451.0784,3468.9653,3538.0504,589.4885,-12.3114,-74.8936,4063,0
090724,2843.8375,2687.8775,2485.0969,2594.3477,572.4030,-12.0727,-74.6247,10410,0
090725,2491.2014,2799.0331,3394.6341,3612.3828,716.4926,-12.1986,-74.5200,9188,0
100101,91673.1935,1943.6002,2609.2222,2559.7710,516.6439,-9.9246,-76.2448,15194,0
100102,74355.0658,1960.0302,2824.1404,2776.8769,599.5601,-9.9265,-76.2296,15819,0
100103,13654.1409,2167.9782,2400.1172,2348.7328,772.9422,-9.7403,-76.0700,95683,0
100104,26228.8256,2672.8568,3389.3510,3582.4177,597.4802,-9.7935,-76.1812,60942,0
100105,11183.2361,3590.7586,3925.5829,3983.0849,252.5915,-10.0199,-76.5196,24845,0
100106,6326.5889,2945.5263,3430.3116,3535.8810,514.4412,-9.8919,-76.4163,20707,0
100107,7439.4167,2499.8424,3139.8116,3115.9158,544.8521,-9.9878,-76.3040,17592,0
100108,6618.8442,3559.8330,3900.0337,3997.5732,381.4456,-10.0603,-76.4402,32014,0
100109,18547.8401,2286.5014,3341.0304,3482.0993,726.0168,-9.8447,-76.2165,53658,0
100110,2960.2361,3108.2874,3410.5415,3462.6365,399.4061,-9.9716,-76.4490,7335,0
100111,25473.3934,1981.5519,2865.2113,2861.5482,661.0810,-9.9706,-76.2487,9178,0
100112,4171.3611,3658.8290,3901.4344,3943.2367,224.2593,-9.9550,-76.4988,8403,0
100113,8729.4598,2618.3941,2380.0606,2400.8621,602.4178,-9.7643,-75.9733,70361,0
100201,15211.1223,2241.4123,3348.4407,3322.9686,682.4920,-10.1360,-76.1964,34098,0
100202,3479.2206,3314.0481,3686.3153,3876.0496,554.0573,-10.2447,-76.3701,18653,0
100203,2312.8591,3314.6078,3784.8689,3924.9606,415.0628,-10.2670,-76.4379,21032,0
100204,5896.4077,2344.1231,3131.2418,3114.2237,640.0793,-10.0509,-76.2319,13317,0
100205,7335.8439,2646.6988,3092.0448,3075.5199,495.0880,-10.1906,-76.2544,28275,0
100206,3009.9345,3482.7804,3579.6450,3676.8317,484.5888,-10.3269,-76.2813,14124,0
100207,10798.2021,3171.7209,3761.9684,3835.1873,511.2121,-10.3236,-76.1680,52357,0
100208,3757.7182,2211.0538,2967.3896,2855.3882,661.0360,-10.0691,-76.2067,4946,0
100301,7098.4313,3383.3766,3859.9243,3823.9430,259.2268,-9.8507,-76.7995,20103,0
100307,5811.4022,3481.0249,4053.2498,4157.1786,390.3265,-9.6605,-76.6909,17998,0
100311,8360.7243,3455.2938,3716.0292,3812.4645,587.6936,-9.5882,-76.5482,76238,0
100313,11689.7905,3532.6035,3916.8744,3966.0784,298.7212,-9.6867,-76.7703,31922,0
100316,2667.8608,3249.5974,3942.4825,4045.1941,417.3937,-9.5926,-76.7222,4412,0
100317,7200.2319,3379.4621,3793.6232,3797.5693,265.9103,-9.8178,-76.8145,9046,0
100321,2506.9874,3515.0762,3600.3035,3631.1287,209.7487,-9.7452,-76.7989,3873,0
100322,2650.2032,3529.1452,3706.8233,3741.9711,245.4630,-9.7741,-76.7727,8660,0
100323,3236.8122,3435.8832,3482.2033,3462.5700,291.8615,-9.7114,-76.7344,4435,0
100401,6743.4989,3167.9662,3524.9605,3654.5755,536.9716,-9.0220,-76.9591,65308,0
100402,3047.7712,3126.9118,3530.6731,3692.9484,727.7652,-8.8757,-77.1247,21837,0
100403,2948.5506,2754.2475,2616.3742,2515.2256,850.3462,-9.1105,-76.7210,80853,0
100404,8022.8295,3244.5906,3627.4112,3860.0019,645.9307,-8.9347,-77.0251,33849,0
100501,15029.4198,3541.5711,4062.8122,4142.4823,348.8578,-9.5657,-76.8285,49105,0
100502,1645.6324,3092.5535,3303.8258,3392.1071,443.1196,-9.1537,-76.7548,13945,0
100503,4154.4215,3378.2966,3672.1097,3719.2770,482.3312,-9.4311,-76.7687,10995,0
100504,6077.4035,3440.5534,4081.9520,4197.6399,383.5366,-9.5424,-76.7317,26005,0
100505,3182.2648,3059.8809,2960.0813,3043.2947,650.2420,-9.2433,-76.7009,28278,0
100506,3429.8629,3671.4725,3983.3380,4063.8583,367.0529,-9.4890,-76.8351,11250,0
100507,23636.2410,904.3776,2213.4974,2044.6707,1003.5384,-9.2526,-76.2777,166361,0
100508,2346.2430,3474.8654,3805.6879,3863.7781,399.8801,-9.4594,-76.8179,4836,0
100509,4577.5022,3773.1533,3981.0666,4031.6747,278.8541,-9.5116,-76.8746,11665,0
100510,3753.4664,3492.3827,3957.7717,4093.8121,421.9316,-9.3897,-76.8066,18939,0
100511,2891.1733,3604.7755,3931.0526,3978.6487,301.8400,-9.3795,-76.7133,33257,0
100601,46210.0307,664.5236,857.0347,810.5792,202.6110,-9.2935,-75.9994,30888,0
100602,4383.9411,870.7791,1576.0767,1576.3115,567.0715,-9.2512,-75.8814,64033,0
100603,5875.4760,1041.5805,1297.6460,1294.1397,359.6901,-9.1752,-75.8817,33835,0
100604,25867.7656,577.0574,1284.5029,1263.9986,591.6150,-8.9298,-76.1136,177828,0
100605,8831.4424,651.8982,741.7664,712.6112,127.7659,-9.2407,-75.9790,13204,0
100606,8951.1349,799.2041,1411.0159,1363.9294,447.3258,-9.3601,-75.9844,88494,0
100607,3451.9164,599.6889,1333.9495,1420.0481,457.9025,-8.7140,-76.1206,90133,0
100608,12554.9207,651.2048,748.1879,689.2539,146.2238,-9.2833,-76.0099,12363,0
100609,3576.8857,633.3217,1010.6584,804.4520,442.0932,-9.0971,-76.0508,37943,0
100610,1250.8427,624.0148,1198.0798,1167.7677,454.6709,-9.0394,-76.0598,33249,0
100701,15848.8401,3178.5118,3486.7022,3693.1791,662.5305,-8.6040,-77.1630,82863,0
100702,6368.3130,1160.8807,2643.0837,2894.6382,1100.3293,-8.5591,-76.5523,260471,0
100703,2600.2771,3258.2902,3511.2263,3711.8900,708.3383,-8.7757,-77.1689,10949,0
100704,3615.1738,570.7320,1313.4313,1113.1357,697.9964,-8.7818,-76.2691,107267,0
100705,1323.8769,573.7215,2175.4942,2265.3175,1012.6717,-8.6456,-76.3218,123403,0
100801,22018.9368,2975.9473,3340.7265,3531.1375,695.5032,-9.9835,-75.9263,191277,0
100802,14479.0708,2377.9049,2225.0181,2175.4194,681.4615,-9.7824,-75.8615,127977,0
100803,13416.7529,2637.8789,3469.4852,3565.8182,462.8077,-9.9435,-76.0347,28239,0
100804,18998.3448,2747.6836,2767.2651,2747.0211,463.9717,-9.8695,-76.0211,18649,0
100901,7668.9930,214.9117,409.4571,256.2723,364.4616,-9.3333,-74.9844,283363,0
100902,5722.9082,481.1559,860.0227,437.5821,717.1476,-9.6709,-75.4230,382398,0
100903,5436.4570,174.7410,182.0741,168.9814,28.5361,-8.7436,-74.7062,112330,0
100904,4635.6702,202.6662,279.0643,226.7851,181.4082,-8.9539,-74.8207,206141,0
100905,5751.2409,240.3749,333.8680,281.8031,202.5396,-9.6496,-75.0114,245144,0
101001,5697.0665,3638.4211,4251.7379,4255.6161,410.5670,-10.1079,-76.6720,54055,0
101002,5991.8425,3597.8130,4182.3734,4245.3793,274.6817,-10.0871,-76.7400,22821,0
101003,2551.0747,3541.2432,3805.7219,3802.3957,240.3654,-10.0308,-76.6770,7372,0
101004,2131.5152,3882.6971,4459.0270,4449.6225,311.9814,-10.1764,-76.8120,15824,0
101005,5816.7377,3635.9403,3911.1617,3932.5148,260.5832,-9.9789,-76.7002,20496,0
101006,2243.4866,3515.5305,3819.1341,3819.4147,247.7507,-9.9756,-76.6497,10244,0
101007,9705.7950,3905.2313,4237.9901,4235.1738,272.7159,-10.2377,-76.6471,97586,0
101101,5929.6225,3599.9155,4000.6784,4050.8540,288.0195,-9.8481,-76.5973,24473,0
101102,3746.1128,3502.9206,3746.3425,3791.2692,308.2272,-9.8608,-76.6322,3516,0
101103,3068.2718,3521.0219,3656.9573,3656.8816,265.4554,-9.9027,-76.6262,1950,0
101104,4739.5858,3522.9195,4039.1495,4136.9856,361.4167,-9.7288,-76.6362,21789,0
101105,1942.7704,3759.9704,3900.1238,3927.9710,192.0897,-9.8794,-76.5040,4513,0
101106,5373.9408,3536.5435,3796.2339,3887.9750,283.9734,-9.7991,-76.6674,14740,0
101107,1857.3687,3492.5828,3829.0009,3916.8698,313.4644,-9.7294,-76.6964,8661,0
101108,3158.3500,3644.1855,3879.3614,3918.6645,263.8083,-9.9039,-76.5810,7229,0
110101,139493.5087,407.4068,547.0500,552.0662,95.4762,-14.0698,-75.7378,106965,0
110102,35420.2562,445.9250,616.1990,527.1969,229.4674,-14.0347,-75.7049,9847,0
110103,18072.3827,411.6726,715.7685,616.4822,319.7055,-14.0941,-75.6976,10946,0
110104,3804.7423,377.8680,484.6113,513.3001,182.2855,-14.3981,-75.6957,169099,0
110105,6659.2807,410.2435,432.1104,429.7220,19.1403,-14.1537,-75.6862,5011,0
110106,51527.0090,429.6758,439.7680,423.2622,46.7930,-14.0526,-75.7050,2075,0
110107,5672.0913,405.0348,442.9344,419.7330,66.1757,-14.1224,-75.6990,3694,0
110108,21510.6570,403.8028,472.0104,423.4928,232.0688,-13.9559,-75.8232,79242,0
110109,6349.6088,522.3160,1277.3224,1170.7820,587.7317,-13.9380,-75.6737,43430,0
110110,15357.9454,426.2323,458.1382,439.2370,56.5581,-14.0232,-75.7359,3931,0
110111,26484.9336,372.3459,580.4485,440.8276,433.2366,-14.2208,-75.6971,334432,0
110112,25086.5574,422.3847,509.5120,517.1177,72.1120,-14.0304,-75.7538,22440,0
110113,3556.5564,396.6721,398.2547,398.3703,4.6054,-14.1523,-75.7058,764,0
110114,1074.8819,1198.6647,1683.5762,1624.4602,797.7521,-14.1157,-75.4586,152143,0
110201,64474.3736,102.6565,774.3919,764.7068,422.1011,-13.4188,-76.1286,27056,0
110202,7403.1839,195.2434,889.5694,853.7089,498.4734,-13.4402,-76.0767,43842,0
110203,1217.1558,2916.3666,2677.1142,2610.7732,854.3839,-13.0697,-75.9291,51217,0
110204,12094.9523,42.4182,38.9618,35.0748,24.5531,-13.4760,-76.1497,8800,0
110205,12895.3627,131.1322,1134.9578,1043.5699,804.1792,-13.5227,-76.0811,90804,0
110206,24738.5636,101.1165,224.2882,157.3953,171.9478,-13.3943,-76.1567,21385,0
110207,62221.3311,122.6667,805.2085,755.4102,495.2473,-13.3980,-76.1324,25290,0
110208,403.7474,2416.9924,2839.1268,2898.0633,845.9512,-13.2104,-75.8345,53038,0
110209,1693.1421,3639.7502,3979.1667,4069.0814,368.8091,-13.0820,-75.7102,25292,0
110210,27303.2559,75.2469,61.1692,61.7149,14.9106,-13.4227,-76.1519,1943,0
110211,4866.0482,8.3702,7.4688,5.9260,5.4048,-13.4607,-76.1820,1521,0
110301,26157.5796,583.7201,729.7142,495.2058,446.6111,-14.8337,-74.9425,138368,0
110302,1553.4407,228.3135,432.5186,425.5175,198.9310,-14.6773,-75.2443,115443,0
110303,2792.7200,465.6632,958.7573,869.4091,484.9072,-14.6495,-75.0695,73908,0
110304,12378.2878,35.3136,757.4722,741.6461,375.1330,-15.3628,-75.1624,235469,0
110305,13962.1029,594.1163,1122.7875,1044.1860,494.9788,-14.8610,-74.9418,64667,0
110401,6725.6100,364.1613,820.7688,785.2968,338.0117,-14.5317,-75.1829,15857,0
110402,1481.5098,304.2702,593.5892,482.7950,332.4969,-14.5817,-75.2032,22058,0
110403,2428.2821,432.8070,1209.8751,1164.5759,575.3186,-14.4754,-75.1900,37881,0
110404,963.9078,554.0048,805.5386,611.0859,433.8671,-14.4839,-75.2497,30650,0
110405,363.6121,2510.3562,2282.4117,2274.2399,456.6039,-14.0930,-75.1555,40516,0
110501,55264.0481,18.4914,25.4139,20.4523,19.9168,-13.7119,-76.2021,2979,0
110502,1692.2175,1216.6501,2204.4736,2126.9032,695.2362,-13.5868,-75.5998,108118,0
110503,5655.9168,396.9309,1024.3676,826.1761,698.0067,-13.7363,-75.9083,109531,0
110504,13476.4289,250.4837,319.7009,280.4700,153.7665,-13.6827,-76.0103,32335,0
110505,5517.9611,49.1752,249.4062,194.3314,194.3785,-13.8057,-76.1952,171814,0
110506,14327.5166,23.4858,165.8630,170.7336,83.3542,-13.7373,-76.2034,27997,0
110507,20700.8035,83.4109,74.8958,81.6484,46.0053,-13.6754,-76.1542,16473,0
110508,15961.6307,82.6944,136.4149,137.3865,45.4972,-13.7131,-76.1478,6697,0
120101,124210.0762,3282.2985,4292.9359,4398.3827,426.9969,-12.0618,-75.2022,27113,0
120104,1043.6941,3751.1073,3720.8896,3723.5085,322.1760,-12.3546,-75.2008,1570,0
120105,1107.5032,3613.4093,4014.5162,3998.6185,270.4849,-12.3455,-75.2394,15014,0
120106,1123.1272,3752.5193,3872.9360,3871.9858,168.8627,-12.2968,-75.3017,4964,0
120107,80776.4078,3244.2618,3575.3752,3417.4022,401.6061,-12.0862,-75.2025,3205,0
120108,1558.8738,3718.2641,4482.1750,4572.5407,291.5705,-12.3335,-75.3132,84105,0
120111,1929.6106,3231.3845,3842.0467,3898.4261,417.2009,-12.1684,-75.2472,4982,0
120112,1973.3709,3464.4994,3733.5265,3655.2954,377.7396,-12.3241,-75.1877,13267,0
120113,2367.1488,3681.0265,3825.8393,3883.5652,262.8537,-12.2409,-75.1627,13277,0
120114,172475.0452,3265.8760,4070.8883,4184.3122,499.0090,-12.0474,-75.2230,19909,0
120116,1287.3208,3316.2445,3398.8959,3366.4220,171.2682,-12.1781,-75.2174,2916,0
120117,4607.9294,3258.9147,3479.7747,3338.6975,279.8041,-11.9736,-75.2547,1630,0
120119,17267.8157,3227.3041,3228.2865,3232.8831,23.5598,-12.1058,-75.2063,1469,0
120120,951.0048,3591.9525,3824.4002,3895.6154,153.1361,-12.3419,-75.2758,6231,0
120121,8022.6586,3204.2638,3228.4633,3201.3087,68.3565,-12.1322,-75.2229,1685,0
120122,2877.7184,3542.3621,4113.2626,4244.8123,390.6143,-11.8923,-75.2617,6456,0
120124,6545.7727,2731.1228,3626.0340,3826.6767,867.7339,-12.0007,-74.8615,69420,0
120125,16345.5488,3210.9497,3211.8005,3208.8758,14.5508,-12.0530,-75.2527,1061,0
120126,5421.6480,3513.2126,3958.0528,3979.5850,318.7695,-12.1810,-75.1304,13326,0
120127,2100.3429,3463.6719,4140.9823,4248.4163,318.8116,-11.8861,-75.2835,3626,0
120128,4539.9094,3367.9789,4364.7649,4458.8635,374.5219,-11.9341,-75.2558,19079,0
120129,10403.0523,3249.2953,3485.9896,3322.4609,310.8308,-12.0009,-75.2472,3137,0
120130,10904.3186,3262.3650,3375.1332,3337.9751,137.1303,-11.9480,-75.2844,2499,0
120132,4175.6733,3272.3443,3558.0178,3415.5881,334.2192,-11.9577,-75.2612,1552,0
120133,13011.5876,3292.7113,3850.7594,3777.2478,465.1307,-12.1348,-75.1673,14789,0
120134,14727.3806,3255.6644,3265.8990,3258.2284,39.5589,-12.0313,-75.2802,5019,0
120135,7964.1066,2565.0407,3040.0315,3035.6818,865.1648,-11.8559,-74.7462,104787,0
120136,2278.2759,3186.0531,3204.5557,3189.9175,51.0737,-12.1587,-75.2315,729,0
120201,13396.3715,3290.6579,3337.6537,3306.8750,71.5515,-11.9171,-75.3167,2188,0
120202,1674.6960,3533.9647,3792.0269,3766.8649,230.6636,-11.9564,-75.3765,4648,0
120203,4807.3646,2919.9919,3806.4540,3940.3531,569.2335,-11.7007,-74.8251,60424,0
120204,2875.4235,3557.4870,3832.3968,3832.6180,219.8215,-12.0223,-75.3946,13046,0
120205,1825.9056,3309.3885,3677.3023,3712.5409,493.2107,-11.6475,-75.1066,12945,0
120206,6775.6877,3586.1516,4146.8616,4239.5270,454.6237,-11.7075,-75.0646,113335,0
120207,1160.0077,3786.0440,3982.7169,3902.4565,266.3769,-11.8427,-75.2932,3002,0
120208,1232.2306,3403.2576,3608.7921,3591.4512,161.5167,-12.0146,-75.3495,2085,0
120209,1422.3948,2809.4706,3003.1221,2997.0872,421.3763,-11.5969,-75.0995,6717,0
120210,4739.0930,3286.0409,3294.6868,3288.2688,40.9987,-11.8850,-75.3565,2821,0
120211,1330.9813,3277.0494,3367.1540,3326.2689,116.9791,-11.9274,-75.3467,3013,0
120212,1606.8941,3332.6862,3332.9207,3330.5584,16.3608,-11.8929,-75.3138,823,0
120213,3741.6294,3279.6962,3381.7274,3359.7169,121.7242,-11.9696,-75.3157,5397,0
120214,5856.0392,3752.6013,4139.6417,4140.7763,321.4349,-12.0502,-75.5275,36849,0
120215,1946.9199,3363.2653,3491.7679,3449.3563,149.1604,-11.8758,-75.3044,1924,0
120301,23684.2818,784.3748,2048.6336,1873.4806,929.8590,-11.0426,-75.3220,88043,0
120302,74051.0489,718.8495,1485.0140,1312.3242,711.1821,-10.9148,-74.9876,177567,0
120303,62629.6615,631.1779,1379.3581,1183.3791,735.8566,-10.9495,-74.8627,148136,0
120304,7632.9119,1199.9884,1409.4451,1431.2664,349.7372,-10.8392,-75.2438,22922,0
120305,28977.5813,892.8800,2339.4527,2191.6562,964.0367,-11.1250,-75.3623,74082,0
120306,2352.0913,1270.1875,2647.1063,2499.1141,973.8005,-11.2311,-75.3451,46886,0
120401,13784.6702,3382.2851,3390.2235,3370.9640,46.1804,-11.7752,-75.4956,1135,0
120402,7072.1942,3516.0355,3792.2682,3776.5418,230.9830,-11.7154,-75.5524,14343,0
120403,4312.1219,3374.6120,4097.1423,4354.9130,657.4358,-11.8151,-75.3348,50122,0
120404,1110.1565,3352.4382,3388.3653,3352.5270,70.1501,-11.8003,-75.4427,667,0
120405,1596.2796,3652.3797,4396.0032,4423.5791,299.2055,-11.8104,-75.7201,113147,0
120406,1474.6889,3531.8853,4005.6818,4024.6919,294.6323,-11.7854,-75.6685,7826,0
120407,2097.7600,3321.8513,3478.6362,3398.2670,200.3872,-11.8275,-75.3949,2139,0
120408,1766.8949,3372.8686,3679.7774,3614.5793,296.2194,-11.8062,-75.4223,2356,0
120409,891.4601,3359.2267,3545.4751,3498.9266,187.7956,-11.8087,-75.4723,1706,0
120410,1559.2149,3370.9329,3409.5071,3378.4289,74.7309,-11.7672,-75.4710,1434,0
120411,994.5752,3796.9247,3940.8893,3916.2860,222.3964,-11.7580,-75.6112,3889,0
120412,727.0094,3442.3195,3683.6396,3663.9987,187.9406,-11.7574,-75.4395,2286,0
120413,1453.5409,3316.2612,3662.6534,3742.0241,255.3200,-11.8635,-75.4144,2521,0
120414,1118.1213,3536.5094,4019.3962,4051.5770,250.6136,-11.8137,-75.6203,13052,0
120415,1713.3412,3495.7984,3603.8608,3616.3651,111.7522,-11.7509,-75.5599,3432,0
120416,1950.8967,3492.8372,3600.5811,3528.7797,158.2899,-11.7850,-75.4262,1740,0
120417,768.1053,3695.3262,3967.4074,3993.6676,162.5161,-11.7887,-75.3712,4029,0
120418,1523.1689,3397.9835,3921.7465,4133.9538,652.8307,-11.6794,-75.3992,37500,0
120419,1148.0748,1645.1560,3004.4998,2985.4801,845.6789,-11.3849,-75.2835,111588,0
120420,937.8886,3326.5418,3503.9124,3362.1368,233.1110,-11.8331,-75.4347,1430,0
120421,2123.5929,3348.9835,3649.6259,3717.6262,279.6013,-11.8156,-75.4542,2486,0
120422,1053.3101,3470.4548,3693.0123,3739.9641,196.9087,-11.6997,-75.5223,4059,0
120423,1734.6070,3680.1774,4056.1970,4082.6536,229.6550,-11.8565,-75.5043,10646,0
120424,1235.5599,3375.5289,3404.9515,3372.3116,68.6413,-11.7502,-75.4935,1364,0
120425,1321.4502,3524.1449,3803.2237,3770.6094,260.3722,-11.8126,-75.5322,4061,0
120426,1615.7807,3846.0759,4150.0535,4178.0454,188.1602,-11.6884,-75.6424,33596,0
120427,1658.8092,3745.7358,4263.2800,4303.7603,282.4826,-11.5505,-75.5087,38198,0
120428,2394.1646,3313.7139,3433.0354,3313.3707,220.7051,-11.8449,-75.3842,2913,0
120429,830.2767,3404.0955,3482.5939,3413.2694,121.1740,-11.7248,-75.4857,1036,0
120430,3061.1911,3368.5215,3385.3602,3364.3168,51.9145,-11.7894,-75.4862,557,0
120431,4228.5483,3631.3371,3926.1577,3903.0217,278.7304,-11.9149,-75.4382,27621,0
120432,1418.8209,3525.1959,3715.3476,3724.8320,122.4719,-11.7175,-75.5763,3905,0
120433,1390.2279,3429.4624,3943.8389,3942.7450,325.2489,-11.7180,-75.4761,11119,0
120434,8550.3770,3404.8993,3511.5331,3530.9350,69.6532,-11.7820,-75.5003,2344,0
120501,9666.0468,4118.1915,4299.3856,4317.5123,156.7898,-11.1544,-75.9956,103694,0
120502,7100.8319,4134.3663,4301.1249,4326.1336,161.0810,-10.9223,-76.0562,24380,0
120503,1985.2416,4124.3058,4227.5244,4204.1713,130.7740,-11.0516,-76.1866,34498,0
120504,5799.8329,3460.5307,3505.9313,3700.1678,783.8458,-10.9315,-75.7999,134909,0
120601,47128.1731,674.5968,1110.5902,1101.6078,361.7245,-11.2377,-74.6303,97213,0
120602,6856.8050,748.7258,1045.5146,1014.7374,245.3926,-11.2914,-74.6557,11642,0
120603,6744.1305,1107.8156,2151.1212,1936.9208,945.6622,-11.3924,-74.5822,36819,0
120604,55177.0095,719.9234,931.0069,878.7562,363.4443,-11.3252,-74.4936,150151,0
120605,10603.2726,1860.7396,2832.4045,2871.9410,1004.2728,-11.4030,-74.7791,113431,0
120606,59770.9184,837.7810,1560.1103,1304.7660,949.4067,-11.5121,-74.4227,527467,0
120607,33079.5950,764.9019,983.8762,960.9103,272.4114,-11.1374,-74.6863,58195,0
120608,52549.9223,566.6134,1277.4860,1093.4989,836.0721,-11.3765,-74.0201,1227727,0
120609,4072.6121,586.0778,1349.0122,1229.1766,675.4201,-12.2194,-74.0535,72690,0
120701,45557.0766,3106.2744,3994.8955,4089.9849,330.2470,-11.4176,-75.6923,53169,0
120702,12466.0170,3014.3954,3533.4781,3526.8644,366.4081,-11.3508,-75.6558,12788,0
120703,2859.5306,3737.5362,4025.0980,4054.3961,164.9217,-11.5136,-75.6254,19676,0
120704,14478.6604,3010.7294,3541.5400,3665.1659,682.4250,-11.2588,-75.6535,75943,0
120705,3477.8759,3734.6612,4051.2522,4114.3951,256.7394,-11.3754,-75.7721,18074,0
120706,5448.1332,2908.4857,3581.7787,3675.4184,515.1804,-11.3253,-75.5673,32272,0
120707,8217.0560,3491.5389,4012.9046,4082.4147,313.4074,-11.2934,-75.7685,20015,0
120708,5405.9864,3982.3445,4070.8298,4191.7562,401.8838,-11.2246,-75.8461,61055,0
120709,5921.6205,3332.3667,3880.5515,3946.3050,417.3927,-11.4127,-75.5572,25660,0
120801,13589.7512,3759.0186,4167.4569,4188.6185,249.4079,-11.5478,-75.9121,45385,0
120802,864.0353,3743.7370,4211.8673,4253.6222,289.0962,-11.7064,-75.7931,22231,0
120803,1445.9406,4100.1223,4545.1540,4572.7829,217.4081,-11.7271,-75.9325,23074,0
120804,1099.7252,4362.1965,4497.8762,4522.9783,256.1512,-11.3936,-76.2984,105394,0
120805,4341.3033,4308.3548,4620.4451,4620.8079,195.8023,-11.5900,-76.0775,31614,0
120806,1586.2599,3792.2322,4239.8218,4263.4307,200.6437,-11.4677,-75.9640,38527,0
120807,1842.8546,4255.7754,4499.0889,4537.2921,208.3691,-11.1977,-76.3250,81114,0
120808,10018.7042,3796.0377,4269.5154,4316.4789,221.0367,-11.5463,-75.9360,11970,0
120809,823.3435,4633.0612,4691.5587,4649.7243,229.8703,-11.8302,-75.9794,25727,0
120810,4967.5568,4170.3936,4651.5371,4687.9326,257.9243,-11.6651,-76.0806,49061,0
120901,14909.0486,3260.2142,3256.0218,3249.3399,22.3402,-12.0638,-75.2873,2445,0
120902,6335.6438,3367.0557,3862.5378,3863.9508,425.3340,-12.0775,-75.3283,8625,0
120903,4101.7053,3274.9658,3996.3717,4104.4864,382.2261,-12.1359,-75.2665,11537,0
120904,3868.3934,3370.1510,3391.2947,3372.9207,65.0447,-12.0334,-75.3437,2860,0
120905,5129.7038,3192.8505,3205.9104,3199.9216,20.0570,-12.0788,-75.2443,1322,0
120906,2205.7660,3310.2240,3699.3561,3533.1142,423.8460,-12.1067,-75.2924,3146,0
120907,3505.0366,3733.7352,4168.1781,4212.5446,274.2359,-12.1069,-75.4492,16256,0
120908,1884.4691,3178.1829,3186.3575,3177.3534,21.9061,-12.1092,-75.2442,1406,0
120909,3302.7154,3896.7466,4353.1534,4431.1187,258.0511,-12.2132,-75.4053,90626,0
130101,331119.8242,39.1802,35.1487,31.9687,16.8120,-8.1085,-79.0254,4519,0
130102,191963.8387,121.4627,263.1645,204.7131,176.7783,-8.0733,-79.0065,4536,0
130103,35089.5239,90.0797,89.5905,87.7057,13.6074,-8.0827,-79.0228,294,0
130104,37637.6682,78.3975,401.9851,195.8842,467.5500,-8.0552,-79.0819,37384,0
130105,192843.7826,100.0592,116.4633,96.5282,64.1582,-8.0702,-79.0504,2488,0
130106,35683.0361,130.4399,772.7376,619.2413,690.9935,-8.0854,-78.9419,58133,0
130107,35130.5639,11.8625,34.4563,15.5627,47.6476,-8.1664,-79.0078,3229,0
130108,3757.3816,671.9808,1147.5001,1068.0613,512.6980,-8.0135,-78.7647,17744,0
130109,16694.5595,34.8117,296.5789,234.7740,231.6551,-8.2099,-78.9763,34241,0
130110,4343.8353,736.8269,1364.7969,1320.3108,551.2638,-7.9666,-78.8063,45875,0
130111,85789.0034,8.7656,7.4343,6.4028,3.7197,-8.1377,-79.0460,1407,0
130201,6882.5055,240.7029,514.8401,422.8141,301.0807,-7.7097,-79.1056,35147,0
130202,14775.4381,211.3528,642.9128,541.2831,451.5935,-7.8371,-79.0988,105842,0
130203,9698.3678,101.1573,105.5812,103.7368,28.9876,-7.7925,-79.2292,11718,0
130204,3375.5665,31.0983,33.1970,28.7910,22.2588,-7.8624,-79.2963,18920,0
130205,23263.3289,82.7116,98.1030,77.6264,68.3031,-7.7294,-79.3059,9703,0
130206,8058.8904,19.1330,69.4399,37.1613,89.0798,-7.7035,-79.4087,36626,0
130207,18844.4151,47.1241,47.3617,41.3702,40.2465,-7.9058,-79.2229,16064,0
130208,28375.5067,156.1572,609.4620,413.4201,514.3510,-7.7342,-79.1883,77769,0
130301,4519.6713,2745.5521,2942.3395,3053.4529,842.9187,-7.2033,-77.7304,86786,0
130302,3454.4480,2300.4406,2627.9627,2639.2342,918.1133,-7.4768,-77.7068,19380,0
130303,2009.0596,2661.8618,3179.2805,3473.4904,767.9556,-7.5533,-77.6234,38180,0
130304,2102.7918,1643.0883,2131.8500,2066.1597,750.1103,-7.0121,-77.9239,22258,0
130305,2716.4119,3108.0969,3343.1335,3526.6899,606.1430,-7.0484,-77.8102,26033,0
130306,847.7863,2110.7685,2383.5104,2362.6342,777.1483,-7.1630,-77.8676,11807,0
130401,47821.6939,139.6031,372.5431,242.8281,274.7402,-7.2316,-79.4194,34018,0
130402,21230.5128,106.9883,249.6806,164.8257,220.3789,-7.1548,-79.4648,69275,0
130403,13414.9920,66.6052,61.2972,40.7663,63.4649,-7.1832,-79.5337,31895,0
130501,12105.7198,3361.5772,3298.0714,3365.9513,345.8505,-8.0522,-78.4687,26914,0
130502,5549.9118,3395.0402,3550.9906,3628.3171,476.0301,-8.1360,-78.4018,24671,0
130503,5342.0065,3393.0121,3185.2833,3336.5466,452.9397,-8.1199,-78.5995,27674,0
130504,6240.1777,3378.6641,3057.9129,3156.9096,665.1910,-8.2426,-78.3941,51834,0
130601,23593.1342,2855.7500,2946.6138,3060.9028,652.0273,-7.8925,-78.5659,47467,0
130602,9355.9319,3314.7902,3370.3753,3436.5840,343.8970,-7.9451,-78.4758,30488,0
130604,2873.6419,2501.4568,2441.9349,2424.3764,598.6916,-7.8161,-78.4675,7763,0
130605,5146.7392,2409.7540,2666.5558,2643.4340,717.1266,-7.6928,-78.4534,15953,0
130606,670.6275,2592.2591,2835.3240,2748.7998,722.5605,-7.9096,-78.6870,4897,0
130608,3007.3845,3328.2224,3327.9448,3291.6995,255.4586,-8.0318,-78.5327,4412,0
130610,669.0560,3106.6301,3092.1658,3142.4619,422.8849,-7.8862,-78.7028,2605,0
130611,5934.9764,3077.9307,2795.8688,3027.3917,734.0865,-8.0293,-78.6163,23072,0
130613,8073.9918,2775.3792,2330.5617,2224.7855,1044.7383,-7.8099,-78.7368,53512,0
130614,27265.2998,2962.0260,2972.3408,3043.2145,613.1563,-7.8254,-78.3668,55144,0
130701,16439.0882,49.0188,231.1103,102.1987,331.7894,-7.4349,-79.5047,80483,0
130702,40017.7823,97.1928,106.9490,98.5157,63.9763,-7.2665,-79.4700,19751,0
130703,4157.1046,44.2232,39.6125,42.8947,18.1691,-7.3474,-79.5377,5734,0
130704,26460.7064,20.5613,35.2140,27.5468,24.3798,-7.4055,-79.5633,4080,0
130705,11195.9763,102.5326,300.5677,165.4179,320.7879,-7.3450,-79.4516,21029,0
130801,14365.7744,3364.9653,3715.6797,3820.4078,417.8347,-8.2880,-77.2820,39928,0
130802,3843.6969,3110.0314,3666.7023,3824.8198,536.6596,-8.1489,-77.3987,27151,0
130803,12915.3612,3168.0823,3078.9162,3156.4575,717.1118,-8.1487,-77.5199,36442,0
130804,6118.9680,3119.7254,3430.8086,3496.1154,641.7744,-8.4507,-77.2781,26719,0
130805,2824.0408,2652.5205,3535.4348,3691.6948,454.1399,-8.1891,-77.3345,10971,0
130806,4179.3986,2841.5467,2752.6843,2776.7647,631.6124,-8.0329,-77.5802,14777,0
130807,1743.1947,1762.1216,2975.2631,3156.6407,754.0445,-8.1887,-77.0458,155076,0
130808,18615.0894,3107.6229,3193.0815,3256.8275,775.3893,-8.0239,-77.4760,32775,0
130809,7866.2485,2070.4365,2876.9493,2836.3513,927.2089,-7.7473,-77.6232,46358,0
130810,1817.0868,2480.1060,3333.5601,3641.2319,765.9808,-7.8908,-77.5477,36618,0
130811,2655.8803,3145.4317,2848.4936,2860.3811,650.6982,-8.4382,-77.3489,15433,0
130812,3046.2430,2832.7782,2758.7750,2722.9789,696.4283,-8.2933,-77.4332,15416,0
130813,3285.2498,2852.9772,3083.0177,3129.2424,710.2141,-8.3469,-77.3812,13993,0
130901,57320.5252,3194.7405,3352.1435,3325.1920,398.3267,-7.8184,-78.0484,49025,0
130902,18019.5750,3080.0496,3316.4563,3511.1695,620.9730,-7.7940,-77.8316,49218,0
130903,9109.8415,2679.7899,2563.5547,2534.6151,751.1713,-7.8270,-77.7055,30986,0
130904,8345.4745,3262.3952,3263.6168,3330.2702,337.4685,-7.8474,-77.9515,11600,0
130905,15894.2265,3073.1711,3211.5043,3240.1861,650.3081,-7.7070,-77.9998,27756,0
130906,13911.0857,3247.0477,3228.7420,3237.9564,386.4839,-7.8083,-78.1869,39762,0
130907,9596.4235,3214.2487,3647.5211,3729.6117,396.1616,-7.9285,-77.9109,39592,0
130908,13249.3187,2724.6175,2440.4287,2451.2767,807.9391,-7.6299,-77.7738,46894,0
131001,19484.7588,3369.5821,3147.0579,3432.6972,814.9910,-8.2222,-78.2164,127596,0
131002,6329.1457,3101.0182,3145.4078,3144.0083,415.6587,-8.1293,-78.0488,17222,0
131003,7058.6239,3226.9850,3677.7554,3690.0076,369.2798,-8.0452,-78.1115,31881,0
131004,2037.7647,3081.2007,3403.4230,3283.9264,501.4802,-8.1576,-77.9887,8181,0
131005,2640.4711,3083.8101,3364.8489,3400.4824,584.0492,-8.1648,-77.9469,8158,0
131006,13779.9636,3512.6286,3788.4021,3876.7462,333.3802,-8.0097,-78.2195,65432,0
131007,3135.5568,3259.1302,2828.6930,2905.5544,520.7572,-8.1231,-78.1038,19805,0
131008,3498.3467,3425.4302,3613.6868,3924.9940,716.8986,-8.0222,-77.7658,37178,0
131101,13643.4349,1102.3416,1733.5479,1517.9553,899.8552,-7.5167,-78.7858,55053,0
131102,5673.6796,1959.0909,1899.8343,1889.5383,643.8363,-7.6445,-78.5629,33919,0
131103,2198.9862,1202.8442,1816.2415,1684.2793,847.7667,-7.6419,-78.6808,35404,0
131104,7647.4062,2215.5369,2641.3326,2641.5614,679.4527,-7.5796,-78.4647,27657,0
131201,69193.1642,78.8706,622.2288,370.3543,689.4880,-8.4178,-78.7846,128186,0
131202,33253.8132,133.8529,918.3318,610.6544,841.4812,-8.5452,-78.6563,197745,0
131203,8996.6554,27.6692,139.3404,96.6349,146.3065,-8.9274,-78.6333,50489,0
140101,297086.0440,29.4246,30.5156,30.2128,3.8766,-6.7733,-79.8465,5585,0
140102,18070.1994,198.3277,343.7705,264.0519,222.2294,-6.6666,-79.4187,84932,0
140103,10601.7477,9.0858,21.6566,19.8063,12.6623,-6.9083,-79.8573,9808,0
140104,2136.2363,7.6745,24.3314,15.8572,27.9762,-6.9290,-79.8650,1558,0
140105,193816.7942,29.3166,27.4655,27.3174,4.0249,-6.7528,-79.8388,3439,0
140106,91206.6142,25.9133,19.1438,19.1116,4.9490,-6.8009,-79.8416,4814,0
140107,9552.6657,35.2599,44.3692,31.8074,44.9686,-6.9972,-79.6405,50665,0
140108,30662.0810,14.1585,13.6460,12.6218,6.9480,-6.8701,-79.8615,5519,0
140109,2155.9076,164.9376,406.9814,299.6748,297.5297,-6.8781,-79.3633,24923,0
140110,9791.1639,288.9060,710.4919,485.1780,565.9240,-6.8371,-79.2910,57337,0
140111,9146.1469,40.8066,40.8975,39.7335,6.9792,-6.7159,-79.7764,6160,0
140112,37962.1057,21.8088,14.6911,14.3598,6.5673,-6.7845,-79.8884,7822,0
140113,13479.3840,26.6736,79.7587,40.7507,93.0176,-6.8670,-79.8141,5337,0
140114,11585.6671,4.3462,5.1886,4.6177,2.3710,-6.8794,-79.9190,1600,0
140115,12333.0547,69.2822,123.4390,93.4577,84.0441,-6.8820,-79.6001,37000,0
140116,17358.8032,76.6279,184.6386,127.8002,147.3065,-6.8915,-79.5552,19379,0
140117,21612.7909,103.6578,263.1820,163.5905,231.8337,-6.7350,-79.6231,21678,0
140118,24455.1632,43.9371,47.6770,45.5522,16.0980,-6.7707,-79.7773,9030,0
140119,9072.3142,99.4867,298.4409,167.4152,246.5730,-6.7840,-79.5875,20601,0
140120,29112.2520,60.4337,79.4936,62.9111,57.1522,-6.7476,-79.6994,14808,0
140201,34452.0885,40.3471,39.7504,39.5303,5.6562,-6.6370,-79.7882,7101,0
140202,13325.3342,2482.5721,2735.2752,2739.0254,442.2715,-6.0551,-79.2912,33984,0
140203,14235.9862,2584.5958,2573.3289,2912.4158,982.2631,-6.2274,-79.3707,51216,0
140204,4259.3529,66.3102,193.1675,119.8961,167.4866,-6.6477,-79.7285,24663,0
140205,21682.2248,103.0349,295.2658,149.3226,288.3032,-6.4816,-79.6831,64742,0
140206,11461.1170,36.1225,28.5701,28.2535,3.3166,-6.6377,-79.7976,3659,0
140301,68909.8404,18.7092,14.7529,15.7853,8.8428,-6.6950,-79.9081,38320,0
140302,1181.2682,208.2621,598.1806,580.1110,330.8785,-6.1555,-79.6483,9095,0
140303,9089.9846,49.4318,49.5576,48.5809,5.2334,-6.4726,-79.8554,2830,0
140304,16065.9762,69.4951,130.7444,73.4586,171.1103,-6.3845,-79.7994,80893,0
140305,18540.2489,33.6007,31.3385,31.3759,5.8208,-6.5574,-79.8844,12080,0
140306,42008.8718,25.8917,6.7426,1.8420,9.4317,-6.5229,-79.9777,124050,0
140307,24939.7247,138.7278,236.9731,154.1636,210.4412,-6.1583,-79.7111,65398,0
140308,38519.9700,157.5335,109.8009,58.3934,151.9006,-5.9331,-79.8056,668319,0
140309,6861.2072,52.2655,47.9722,47.3246,6.4792,-6.4362,-79.8564,10443,0
140310,13029.5723,723.0791,1351.6578,1301.6761,872.0762,-6.2028,-79.5707,125870,0
140311,13745.4045,8.8827,9.2915,8.8475,4.4739,-6.7681,-79.9513,5373,0
140312,21862.1711,44.3416,42.7040,40.6561,9.4946,-6.5048,-79.8697,7458,0
150101,323255.2308,129.2695,124.1790,122.2140,35.8536,-12.0515,-77.0459,2583,0
150102,40006.7337,86.8278,637.9120,549.8212,441.0814,-11.7633,-77.1517,37101,0
150103,607383.2769,392.4982,579.4998,511.0983,272.7493,-12.0347,-76.9069,10101,0
150104,31460.0923,71.6764,65.1497,71.7457,19.1404,-12.1434,-77.0202,330,0
150105,85653.9250,121.6210,121.3873,121.2204,8.7522,-12.0593,-77.0504,382,0
150106,274467.3650,260.0522,796.9646,684.5742,510.2416,-11.8621,-77.0312,37276,0
150107,48698.8744,622.6764,1049.5605,1023.9819,322.4405,-11.9826,-76.7899,5120,0
150108,367289.5270,39.4157,41.1018,36.7695,45.0411,-12.1893,-77.0047,4408,0
150109,39697.8740,394.8281,864.1160,814.4801,359.4469,-12.1001,-76.8221,26933,0
150110,567905.5063,163.5223,270.5685,172.1955,189.0846,-11.9311,-77.0473,5840,0
150111,213954.6007,222.2014,243.0427,233.2050,46.1541,-12.0434,-76.9942,1593,0
150112,238583.7689,136.0379,226.9220,181.9996,156.6886,-11.9868,-77.0498,1923,0
150113,75321.4729,108.0169,107.7400,108.7657,13.3675,-12.0778,-77.0483,518,0
150114,169480.7007,282.3429,394.8357,336.8673,172.8770,-12.0848,-76.9340,5811,0
150115,201249.5031,159.9684,156.2213,153.1257,18.1333,-12.0713,-77.0164,1089,0
150116,57072.0980,115.5757,115.2698,116.6947,9.6906,-12.0854,-77.0357,333,0
150117,384465.8527,72.0106,74.5520,72.0349,18.1441,-11.9722,-77.0746,2184,0
150118,215332.1552,520.4488,983.7271,948.0891,451.0264,-11.9825,-76.8569,29351,0
150119,75683.9754,41.3970,460.1686,301.4722,458.9606,-12.2606,-76.8756,22533,0
150120,46151.6683,69.8556,59.8853,67.1211,21.8407,-12.0927,-77.0667,435,0
150121,82954.9551,87.9014,87.0239,85.7750,11.5624,-12.0750,-77.0652,552,0
150122,95751.8934,88.4155,83.8681,86.9601,21.6895,-12.1208,-77.0284,1101,0
150123,102066.8655,328.4727,598.1551,539.5256,367.6830,-12.1336,-76.8706,22195,0
150124,13250.4160,35.8242,86.4797,73.0977,66.0466,-12.4777,-76.7867,3519,0
150125,318089.8211,185.5678,220.3101,194.8621,88.0419,-11.8712,-77.0856,6035,0
150126,6192.9451,62.8878,553.7858,464.5474,430.3387,-12.3158,-76.8222,14571,0
150127,7098.3603,95.3224,577.5918,533.7194,396.3987,-12.3516,-76.7812,15513,0
150128,192417.4487,161.8248,200.1006,156.2448,102.9978,-12.0272,-77.0316,1450,0
150129,7433.2008,40.9941,313.0483,274.7896,211.3175,-12.3881,-76.7736,6440,0
150130,121616.4255,160.1999,160.4308,160.1930,15.5096,-12.0971,-76.9961,1234,0
150131,76487.6429,103.0483,102.0626,99.4737,24.7339,-12.0983,-77.0371,1163,0
150132,1112297.6165,330.9531,650.1728,548.5922,415.0157,-11.9719,-76.9913,16770,0
150133,361824.2452,160.7930,161.1788,122.3199,108.1086,-12.1562,-76.9661,2670,0
150134,58013.6950,186.6525,186.5697,188.1549,11.4675,-12.0739,-76.9974,416,0
150135,689965.2368,63.5945,61.5429,53.9531,28.2940,-11.9992,-77.0848,4359,0
150136,137470.5717,52.3038,52.1422,52.1011,11.1947,-12.0772,-77.0904,1154,0
150137,221694.0367,269.8479,275.4330,272.6368,28.8584,-12.0434,-76.9649,1279,0
150138,728.8352,29.7402,93.1229,91.6448,53.7392,-12.3952,-76.7734,935,0
150139,14559.4113,102.6121,143.8246,118.0694,100.6162,-11.8003,-77.1622,2093,0
150140,377393.1920,128.8111,141.0804,121.3789,81.0723,-12.1273,-76.9851,4140,0
150141,94786.8711,116.9246,117.2231,117.3594,9.4261,-12.1131,-77.0136,543,0
150142,466653.3068,124.0641,109.0251,114.3163,54.6613,-12.2163,-76.9437,4053,0
150143,476065.5706,230.4152,346.4199,300.2786,177.0393,-12.1751,-76.9324,7927,0
150201,64598.8824,63.2725,283.6160,275.6499,171.6420,-10.7490,-77.7567,19137,0
150202,22968.6080,40.8908,531.0071,472.3248,425.3843,-10.6550,-77.8149,49151,0
150203,17752.4772,161.0793,419.4120,358.5917,276.4574,-10.6765,-77.7434,33509,0
150204,21223.2243,87.3276,524.0903,413.7913,442.5114,-10.8046,-77.6877,61798,0
150205,11038.8722,29.6163,89.7136,53.1014,87.5224,-10.7953,-77.7369,1841,0
150301,1954.2992,3435.5748,4381.8116,4549.2155,636.5318,-10.4697,-76.9990,65685,0
150302,835.2568,3182.6201,3976.3778,4262.2966,975.9481,-10.3907,-77.0579,24418,0
150303,2658.0354,3506.7911,4190.3914,4323.7966,567.5041,-10.6204,-77.0131,39981,0
150304,1034.0342,3235.6115,3090.0276,3104.5534,856.6938,-10.5213,-77.0883,17850,0
150305,1022.6939,1987.9058,2796.2533,2648.4243,1003.0573,-10.5950,-77.2124,33630,0
150401,3033.3917,2885.0188,3881.9095,3929.6702,663.4769,-11.4718,-76.6239,16004,0
150402,742.2589,2067.2134,3081.2645,2949.9117,898.5970,-11.6394,-76.7032,16143,0
150403,1294.4468,2941.4214,2290.3713,2104.8722,985.5720,-11.5144,-76.7811,58856,0
150404,954.9989,3530.8090,4488.4654,4570.1322,349.2217,-11.4094,-76.5573,39067,0
150405,1038.0218,3528.1198,3870.0196,3967.6372,661.4462,-11.5459,-76.6302,15314,0
150406,628.5229,2679.6385,3764.7857,3964.4728,806.2242,-11.4761,-76.6482,12824,0
150407,9038.4539,807.7731,1630.4820,1530.2072,727.6492,-11.6967,-76.9004,48868,0
150501,55377.1525,102.8547,357.6305,231.8825,351.3445,-13.1295,-76.3384,62407,0
150502,8550.2018,26.9637,295.7163,220.4134,261.3621,-12.7749,-76.5871,33835,0
150503,2526.4923,408.3353,1441.9293,1414.2606,684.7202,-12.5170,-76.5256,63086,0
150504,8216.0657,27.7056,178.1143,134.7647,168.9151,-12.9991,-76.4811,14411,0
150505,17540.3286,50.0023,704.3012,615.8694,533.2203,-12.4873,-76.7355,57857,0
150506,1140.9773,445.1858,1211.9040,1186.1727,517.2379,-12.7019,-76.4458,71958,0
150507,41714.9666,94.7215,103.5301,101.8012,22.1639,-13.0530,-76.3553,6271,0
150508,5134.7240,448.8855,1446.3939,1359.4918,694.7999,-12.9782,-76.1521,59245,0
150509,33821.4562,45.4831,239.9426,185.1082,218.0796,-12.6658,-76.6291,15721,0
150510,23539.2635,192.3672,885.7818,781.0451,592.8743,-13.0549,-76.3151,38418,0
150511,1888.3309,676.8491,1984.7352,2002.3481,706.0737,-12.8754,-76.0638,28612,0
150512,16037.1362,166.8056,749.5309,588.8825,570.8539,-12.9520,-76.3812,53872,0
150513,4206.0869,33.4048,70.7486,55.2754,63.0122,-12.6134,-76.6767,4707,0
150514,13416.1642,25.6865,31.1251,26.5216,23.2779,-13.0539,-76.4303,4498,0
150515,2958.6626,116.0151,372.2620,307.3390,230.2999,-12.5972,-76.6461,11306,0
150516,1776.5919,828.3202,1774.2137,1715.0561,646.6286,-12.8516,-76.0100,15515,0
150601,103568.9809,196.9737,660.0555,529.9908,471.1146,-11.4771,-77.2154,76960,0
150602,818.2288,3393.2795,4326.3694,4544.1331,578.3909,-11.2499,-76.6616,41147,0
150603,1515.7939,2346.3670,3451.2103,3688.8593,1017.0042,-11.3466,-76.8009,21060,0
150604,19245.9596,204.9247,840.1268,792.2785,511.4360,-11.5649,-77.1674,85859,0
150605,60882.5708,59.3959,126.0902,110.7480,83.4742,-11.5398,-77.2777,18505,0
150606,2776.7959,2313.4417,2768.1496,2575.3647,943.1642,-11.1938,-76.9496,56504,0
150607,532.4917,2120.4475,2650.8299,2548.8689,883.5652,-11.2457,-76.8324,17638,0
150608,728.3976,3302.1593,4306.5976,4568.8495,635.2425,-11.1879,-76.6511,36430,0
150609,791.5155,2045.2058,3164.4372,3127.6780,994.4490,-11.2791,-76.8007,4962,0
150610,1461.7651,3844.7890,4467.6229,4607.0524,423.5046,-11.1706,-76.5912,25783,0
150611,1119.6768,2521.4783,2401.5773,2312.4906,843.5102,-11.3812,-76.8177,28255,0
150612,567.1982,2613.4207,3839.4841,4045.9235,792.3968,-11.1996,-76.7807,24635,0
150701,4617.7665,2536.6183,3854.6261,3961.1409,704.2922,-11.8403,-76.3845,21576,0
150702,1437.4761,1241.4659,1974.5837,1914.2223,578.5362,-12.0534,-76.5852,49936,0
150703,3212.4965,1779.2118,3184.4233,3285.9883,878.3109,-11.8294,-76.6162,6044,0
150704,1738.3285,3645.7813,4571.6858,4673.9822,396.3626,-11.6375,-76.4741,27677,0
150705,8079.9731,4171.2264,4639.9676,4718.8110,319.3542,-11.6642,-76.2380,28065,0
150706,428.2883,2585.0132,3129.3072,3240.0051,403.1268,-12.1365,-76.4375,8078,0
150707,2347.6295,2774.6376,3654.6876,3774.0461,612.0399,-11.7158,-76.5955,9407,0
150708,2288.4670,3772.2163,4547.9413,4629.1341,335.7375,-11.6152,-76.4860,27945,0
150709,1618.6709,3205.5106,4234.0475,4272.7252,409.6108,-12.1319,-76.2379,28763,0
150710,849.7364,2745.1981,3462.8989,3475.2346,731.0346,-12.0963,-76.4148,9815,0
150711,1070.5380,3194.4719,3562.3042,3597.7649,395.0226,-12.1461,-76.3961,9168,0
150712,1793.2733,3701.2965,4326.6037,4494.8044,481.9274,-11.6577,-76.5384,14012,0
150713,1456.5988,2882.6394,3254.0213,3453.0886,562.8887,-12.2684,-76.3724,20158,0
150714,6999.3461,983.1033,1608.3685,1603.5014,347.0962,-11.9247,-76.6573,4198,0
150715,1448.9303,3446.0222,3661.3411,3701.6868,536.8211,-12.0002,-76.4575,11531,0
150716,5499.6555,1807.3603,2158.5507,2032.8746,925.2995,-11.8307,-76.7680,68106,0
150717,2395.3934,1792.4973,2428.1569,2363.7449,597.0927,-11.9156,-76.5207,5112,0
150718,1610.5699,3334.0741,4204.9544,4377.7046,547.7573,-12.0087,-76.3931,39882,0
150719,1463.1751,3414.0851,4381.9981,4510.0152,397.3813,-11.6839,-76.5258,15331,0
150720,542.6673,3716.9736,4465.0371,4563.5812,398.5691,-12.0727,-76.1540,16604,0
150721,1784.9632,2990.2903,4201.2169,4435.4151,712.9578,-12.1586,-76.1918,53827,0
150722,5794.4037,3476.4786,4467.1770,4612.6700,513.9905,-11.7814,-76.2785,49789,0
150723,1909.6941,2323.2033,3250.1534,3214.2308,987.7070,-11.8691,-76.5464,16065,0
150724,1322.9671,2806.7824,3763.0226,3987.4250,849.0029,-11.7647,-76.6007,9828,0
150725,277.2169,3136.5997,4015.5204,4165.3169,559.0167,-12.1293,-76.2152,4712,0
150726,710.0818,2546.1523,3104.5680,3107.8247,682.9779,-12.2131,-76.2479,11074,0
150727,2371.1361,1353.5399,1751.0798,1723.8457,283.7060,-11.9140,-76.5605,3964,0
150728,13212.0428,1012.2152,1931.7936,1808.2591,632.3113,-11.9121,-76.6632,13962,0
150729,610.4276,3453.1924,4403.1383,4529.0339,364.1084,-12.0901,-76.2285,11332,0
150730,779.4220,2824.8159,2753.0211,2676.5038,546.2885,-11.9795,-76.5233,7514,0
150731,4106.2118,1658.1546,1897.0835,1786.1537,731.6358,-12.2864,-76.4887,69148,0
150732,1995.4453,2123.6872,3212.3780,3168.0364,801.9393,-11.8806,-76.4442,12776,0
150801,61546.4632,56.3499,198.8731,170.0284,171.2221,-11.1347,-77.5866,84788,0
150802,2792.7762,2326.5196,2785.4641,2584.6385,1171.7749,-10.8011,-77.2599,112069,0
150803,6296.7465,10.8368,16.3213,16.1420,7.6762,-11.0929,-77.6265,393,0
150804,1690.1956,2985.6665,3550.1551,3540.7547,744.7526,-10.9039,-76.8436,19880,0
150805,27959.9852,44.0590,40.8428,41.2574,11.7281,-11.0983,-77.6054,724,0
150806,35662.3905,146.6378,647.2961,577.0953,414.5520,-11.0563,-77.5594,57323,0
150807,2154.7928,2478.3612,3773.1582,4050.5134,974.6048,-11.0768,-76.9884,35111,0
150808,2249.9621,2817.7446,3161.0180,3202.6729,934.3922,-10.9609,-76.9674,28296,0
150809,1262.2161,3478.8990,4474.3730,4613.4727,419.4619,-10.9481,-76.7363,44611,0
150810,36654.9291,73.9914,317.8026,307.2277,192.5847,-11.0983,-77.5821,16146,0
150811,24767.5078,521.8867,1195.6202,1094.3516,610.2281,-11.1984,-77.3092,156557,0
150812,19900.4763,73.4666,180.6405,138.1123,145.6935,-10.9731,-77.6263,30689,0
150901,13544.2579,3672.1550,4451.6488,4572.7874,443.0722,-10.6774,-76.7702,104325,0
150902,982.9957,3155.7322,3781.9952,3865.4730,737.8349,-10.7978,-76.9086,18208,0
150903,1038.6943,2936.5309,4085.9157,4405.2363,793.3546,-10.8131,-76.9804,12426,0
150904,1517.3492,2902.6679,3436.3741,3534.8299,915.7625,-10.8939,-77.1162,30770,0
150905,1080.7493,2606.4922,3351.7373,3403.8146,987.2089,-10.8650,-77.0166,27465,0
150906,3459.8070,2978.4130,3844.8542,3947.5688,665.8076,-10.8502,-76.8109,30384,0
151001,2927.3242,2625.0039,3980.4695,4290.7999,755.0409,-12.5003,-75.9236,39808,0
151002,1268.7881,3875.5087,4441.8142,4561.4444,352.7515,-12.2922,-75.7356,16839,0
151003,2069.7818,1989.5287,3469.7241,3812.4766,917.9720,-12.6650,-75.9864,62058,0
151004,744.7370,3235.8038,4319.7647,4445.9602,479.1660,-12.3826,-76.1363,29315,0
151005,590.8799,3513.0017,3790.9377,3786.9061,306.3376,-12.9935,-75.8390,9289,0
151006,464.5741,1881.2556,3639.6550,4265.4791,1129.3235,-12.8214,-75.8406,25153,0
151007,418.7376,3355.4927,4154.5089,4353.6416,638.0444,-12.3556,-75.8550,14622,0
151008,1095.1638,1480.1245,2886.7159,2767.2031,1104.4957,-12.7748,-75.9083,14167,0
151009,1157.3816,2440.1670,2544.3657,2691.4415,721.1040,-12.9179,-75.8990,25471,0
151010,376.4823,2763.7243,2951.0775,2918.6851,618.9797,-12.2958,-76.1617,4578,0
151011,1504.7963,2731.1568,4084.7369,4436.0636,792.2682,-12.5933,-75.9176,41497,0
151012,485.7424,3154.5413,4188.7635,4355.3110,557.8959,-12.8085,-75.7500,14521,0
151013,244.8159,2592.8789,2988.9887,2946.9214,587.5053,-12.3630,-76.1675,6479,0
151014,1206.1147,3753.3812,4437.8861,4510.3442,253.0878,-12.1599,-75.8143,33184,0
151015,655.7457,2873.1656,3184.2748,3272.1800,366.6413,-12.9251,-75.8211,6000,0
151016,937.2631,3814.3077,4535.1515,4647.5211,390.6030,-12.4876,-75.7306,61467,0
151017,470.6280,3202.9830,4316.9706,4446.7748,482.8757,-12.2946,-76.1385,5062,0
151018,845.5251,3773.4802,4549.4142,4655.8566,367.7805,-12.3621,-75.7359,49033,0
151019,794.1515,3157.6143,4294.6067,4475.9254,482.2400,-12.8152,-75.7019,26176,0
151020,822.7954,3452.0387,4159.0465,4234.2407,347.6400,-12.9592,-75.7618,25040,0
151021,459.7754,3605.4063,4538.9714,4638.9878,433.9671,-12.2824,-75.8438,24158,0
151022,647.9287,1744.9804,2706.2146,2563.0554,794.8710,-12.5120,-76.2771,35250,0
151023,469.5231,1920.8059,3126.7648,3118.5002,865.7734,-12.6690,-75.9509,8548,0
151024,1052.7783,2985.0594,3901.3779,4080.7008,753.7118,-12.3249,-76.1461,13741,0
151025,588.3704,1741.7025,2524.1817,2554.4975,599.6438,-12.3352,-76.2687,18862,0
151026,360.8876,2952.9971,4345.6741,4489.1320,473.6742,-12.2843,-76.1471,9039,0
151027,413.0489,2671.1430,3517.1798,3526.8603,615.7433,-12.4653,-76.2234,12026,0
151028,501.5346,4338.4568,4662.6029,4639.3220,243.1946,-12.1240,-76.0087,41369,0
151029,545.4252,3201.0479,2897.0936,2703.8063,867.2151,-12.6145,-76.1717,63560,0
151030,1134.2318,3892.9014,4500.6839,4554.9969,214.2015,-12.2053,-75.7183,34862,0
151031,632.5173,2722.5513,4190.2711,4518.5000,731.0810,-12.7426,-75.8151,34799,0
151032,1824.9141,3326.0961,3643.1264,3821.8549,833.2809,-12.9107,-75.7860,18815,0
151033,596.7322,3645.9512,4467.7158,4579.0606,360.6339,-12.2188,-75.8135,12533,0
160101,190823.7137,99.8207,108.7232,107.7146,13.9461,-3.7850,-73.4196,43023,0
160102,23683.7036,97.5629,158.5185,155.6930,26.8986,-3.8505,-73.6320,1706574,0
160103,29393.8764,98.2111,124.7558,127.6785,21.6849,-3.9861,-73.1618,535812,0
160104,12494.3525,91.8121,123.9168,127.0201,17.7330,-3.5233,-73.0014,394593,0
160105,10926.3119,85.4176,121.8185,124.4835,19.8364,-3.5034,-72.4934,787638,0
160106,14673.5628,95.2663,138.9445,136.1119,24.9312,-3.4422,-73.0679,1177713,0
160107,15830.9809,125.0513,168.7111,164.8216,32.3903,-2.5576,-73.7868,2829693,0
160108,106951.9776,97.0609,124.4850,126.4297,13.8531,-3.6025,-73.3527,187851,0
160110,4912.6907,159.5617,185.7044,183.6992,21.0186,-1.4148,-74.8091,810222,0
160112,13799.4426,95.7774,98.4781,100.4582,9.3467,-3.7916,-73.2524,76535,0
160113,122399.9899,110.0856,134.9651,137.6912,18.2895,-3.8963,-73.3566,375393,0
160201,66793.1656,149.4043,163.3308,160.7694,21.4098,-5.9037,-76.1216,262837,0
160202,15515.0814,198.2505,496.6033,221.4366,442.4907,-5.7775,-76.5658,353144,0
160205,3471.7449,156.8975,165.0349,144.9905,39.2131,-5.2894,-76.2916,510612,0
160206,14219.6935,126.1136,145.5103,143.6153,17.1187,-5.2171,-75.6873,711216,0
160210,4717.0044,130.4556,182.9711,188.6686,33.6238,-5.5624,-75.8749,266976,0
160211,6450.5303,148.4361,181.2820,188.0773,26.3588,-6.0064,-75.9055,155329,0
160301,30274.7425,108.2281,117.6733,115.4881,14.1921,-4.4993,-73.5860,793356,0
160302,7270.0505,105.8443,125.3803,121.4585,20.4641,-4.6949,-74.5759,1552704,0
160303,8565.3958,138.6336,174.6834,179.1663,34.5663,-3.1672,-75.1478,2357929,0
160304,8284.2469,159.1480,204.5475,200.3541,38.0149,-3.3590,-75.4782,1473090,0
160305,13002.3099,114.1435,141.9192,140.3847,19.0774,-4.6401,-75.1711,1850691,0
160401,26562.1481,74.3518,108.6392,111.2896,21.7502,-3.9300,-70.4878,803990,0
160402,16897.7933,89.2553,120.3934,122.5448,18.1879,-3.4617,-71.8228,1316299,0
160403,10911.0155,75.1678,125.3915,125.9920,23.7072,-4.2001,-70.3498,1682592,0
160404,14704.8333,81.8150,107.3469,109.4869,19.8493,-3.9112,-71.3257,595884,0
160501,27476.7307,106.6403,120.0814,114.7849,16.8346,-5.0675,-73.8548,361185,0
160502,1986.4980,128.8831,218.6480,203.2058,83.1078,-6.3587,-74.2305,1068121,0
160503,4149.8981,104.0613,109.4552,109.6539,5.7974,-5.3928,-74.1443,94111,0
160504,7140.2023,107.2400,139.7108,125.9604,35.6394,-5.7430,-74.2933,546092,0
160505,7738.4297,112.8255,158.1049,132.4202,64.4048,-5.8142,-74.6350,576196,0
160506,5416.0599,104.9815,130.1074,123.1516,25.4227,-5.2604,-74.3273,738833,0
160507,4534.6209,95.0121,135.7696,139.1792,23.8748,-4.6547,-73.5242,304692,0
160508,689.3938,120.5483,173.1791,173.2559,44.0374,-6.0319,-73.7009,552906,0
160509,1110.5836,108.7334,140.2580,133.2524,25.8810,-5.7891,-74.0968,245946,0
160510,5405.1378,106.1841,128.4736,131.0962,20.9095,-4.9036,-73.6770,136269,0
160511,2644.3505,112.6825,164.0668,158.6031,33.5411,-5.3439,-73.0135,1299010,0
160601,25739.2275,153.5745,341.6391,218.4820,358.6802,-7.3780,-75.0250,1299860,0
160602,2431.9276,134.8006,186.3447,179.2407,49.8753,-7.0963,-75.2439,74287,0
160603,6631.4066,140.3744,175.5170,156.9893,41.7693,-7.8525,-74.8993,287694,0
160604,9014.5905,496.7119,540.4470,451.5482,340.7393,-7.1992,-75.7559,881656,0
160605,16890.8619,123.7170,164.9971,137.1679,95.2237,-6.3684,-75.0730,735514,0
160606,9451.0236,138.0238,207.7223,172.9511,106.9625,-6.9043,-75.1436,223675,0
160701,15282.1354,139.7620,496.6901,168.6609,456.5135,-4.8459,-76.5692,867367,0
160702,7452.2657,174.8631,374.2699,195.2106,358.7435,-5.2294,-76.8750,562017,0
160703,10625.8801,180.2159,392.1988,214.9302,323.4285,-4.6223,-77.4521,418587,0
160704,10851.9893,170.5007,227.2122,210.7509,102.2173,-3.8996,-77.2993,1293447,0
160705,6873.8605,137.0651,163.1492,157.4211,25.3258,-4.6315,-76.5073,1067490,0
160706,11453.3173,217.2486,218.6736,219.0201,32.0467,-2.9084,-76.4687,1381217,0
160801,3895.9361,112.6987,142.5736,142.5393,21.7078,-2.4328,-72.6601,1296239,0
160802,659.7953,130.3790,171.5978,170.9905,22.7415,-1.8313,-73.3827,839190,0
160803,1475.8225,152.0489,198.7502,199.7508,19.8556,-1.0537,-74.1531,1125805,0
160804,1695.3833,80.8649,121.7266,122.1876,20.6920,-2.5616,-70.7539,2103748,0
170101,75887.1037,200.5742,344.2601,339.3493,104.8299,-12.5933,-69.2011,2476622,0
170102,10185.1221,300.8928,275.1306,256.7881,56.2250,-12.9885,-70.1999,581771,0
170103,6324.1510,210.4165,297.0148,290.0838,63.2484,-12.3939,-69.1494,925322,0
170104,6024.5439,224.1183,272.8330,265.6780,46.7712,-12.7289,-69.5880,320657,0
170201,3680.9568,480.7744,856.8561,525.9233,669.2787,-12.7462,-71.3367,1040576,0
170202,998.2933,304.6945,481.4549,419.8644,256.7122,-12.2755,-70.9814,1273142,0
170203,9373.7252,262.5487,412.9629,324.5491,277.4340,-12.7133,-70.4176,940027,0
170204,9006.3072,415.9478,481.0384,434.4843,152.4015,-12.9994,-70.5171,182757,0
170301,1518.4756,256.7742,370.3726,362.4607,55.1421,-10.9854,-69.6056,1645619,0
170302,8486.0094,275.6745,324.8880,323.5572,28.5362,-11.4008,-69.4966,308313,0
170303,3379.2750,264.4291,327.3388,318.4753,45.1361,-11.7195,-69.2072,419399,0
180101,36343.5216,1437.5252,1655.0707,1544.9848,596.0826,-17.1949,-70.9341,426239,0
180102,5228.9621,4006.9634,4458.5287,4582.5418,566.2765,-16.7086,-70.4205,276269,0
180103,2075.4529,3161.0109,3754.8767,3819.0781,684.2422,-16.7681,-70.6969,8406,0
180104,6653.6793,1616.2579,2070.4359,1983.3071,370.6998,-17.1777,-70.8938,7902,0
180105,3770.3570,3288.9623,4073.0657,4350.2289,833.5836,-16.7208,-70.6950,65809,0
180106,6342.7414,2708.8492,3553.5249,3612.5177,886.8053,-17.0725,-70.8096,216138,0
180107,17758.0091,1343.5858,1206.1868,1221.6250,227.5307,-17.2099,-70.9496,56326,0
180201,4319.3981,2189.3573,3223.3437,3071.9064,1086.6545,-16.6727,-70.9750,31131,0
180202,2450.1531,3962.5312,4427.0298,4504.3248,383.2177,-16.4239,-70.5983,104600,0
180203,1269.8300,2554.7573,3844.8728,4103.9655,872.1809,-16.6347,-71.0408,29832,0
180204,4554.6239,4042.7270,4447.5469,4461.0558,270.5175,-16.1666,-70.5162,121580,0
180205,1955.0321,2122.0677,2119.4042,2179.6511,503.1151,-16.7526,-71.2160,95086,0
180206,1687.2086,3823.1356,4479.0591,4571.4854,344.3048,-16.3120,-70.6811,31078,0
180207,1142.9240,2575.7358,3801.7315,3907.1559,818.1764,-16.4908,-70.8160,68545,0
180208,2894.4969,3190.5624,3351.5893,3315.5541,988.7441,-16.6217,-71.2025,72435,0
180209,1228.7743,1784.3515,2923.2487,2672.0042,1031.1965,-16.7514,-70.8784,23736,0
180210,3852.3982,3861.2500,4340.2121,4439.6875,391.7255,-16.2444,-70.7962,107118,0
180211,1940.7094,3605.0328,4356.5473,4450.1426,360.5004,-16.2120,-70.6969,13481,0
180301,62434.6902,118.1418,469.8969,422.8792,400.7568,-17.6492,-71.3316,34321,0
180302,488.5715,224.2681,901.1694,932.0809,308.1637,-17.6215,-71.2815,91590,0
180303,4014.9786,31.9476,595.0886,521.8430,409.2838,-17.5828,-71.3456,40670,0
190101,27936.9403,4355.7678,4373.5869,4363.0905,61.4105,-10.6872,-76.2521,1847,0
190102,4843.5278,2951.3690,3663.7618,3752.7727,599.4014,-10.6386,-75.8244,98563,0
190103,8013.1673,3034.2547,3778.2205,3799.7653,445.6588,-10.4453,-76.1860,14635,0
190104,11049.9009,4345.8276,4473.0518,4487.9303,190.0053,-10.9916,-76.3826,121238,0
190105,3755.7709,4067.8598,4240.4598,4290.7137,215.0095,-10.8208,-76.0784,64055,0
190106,4695.8217,3457.1252,3793.7726,3869.0955,370.1720,-10.4297,-76.2466,8621,0
190107,22899.5922,3001.1571,3515.3708,3639.3419,635.9911,-10.7700,-75.7970,94515,0
190108,10218.5354,3952.4230,4037.1760,4095.6806,276.1909,-10.5498,-76.2167,14288,0
190109,12438.8006,4278.5320,4365.6256,4329.7034,166.7566,-10.6955,-76.2996,82246,0
190110,10383.9519,3831.6260,4167.8693,4234.7537,334.4461,-10.6009,-76.1373,84908,0
190111,6111.7265,4222.2435,4309.3365,4314.6228,98.0570,-10.7653,-76.2642,11443,0
190112,2560.9900,4119.8827,4117.8474,4096.8655,58.2926,-10.8329,-76.2424,20402,0
190113,31140.0884,4302.8662,4162.0823,4228.0082,239.5971,-10.6602,-76.2456,18776,0
190201,14567.7394,3629.1426,4284.2565,4329.5594,304.3314,-10.5315,-76.5318,88170,0
190202,4184.0397,3571.7167,3881.0305,4103.1123,504.7397,-10.4582,-76.4005,19064,0
190203,3378.1380,4135.9481,4110.1862,4131.3773,99.9883,-10.4859,-76.4028,2298,0
190204,2304.4659,3267.4356,3457.6325,3433.8362,543.5117,-10.3590,-76.4137,12781,0
190205,2007.8725,3672.4498,4096.3660,4216.7624,354.6258,-10.4351,-76.5059,9118,0
190206,21124.1247,3961.1906,4038.4052,4155.0956,341.9886,-10.4826,-76.3318,33926,0
190207,4230.5694,3473.8193,3542.0927,3508.5049,413.6587,-10.4427,-76.4629,5541,0
190208,1760.7814,3744.0818,4066.4927,4126.1173,263.3813,-10.5111,-76.4448,9803,0
190301,16343.7344,1789.1144,2106.6192,2143.0041,463.4368,-10.5901,-75.3989,47880,0
190302,3860.1166,1821.2737,2358.4111,2264.1705,525.1531,-10.5864,-75.4276,52097,0
190303,5754.1405,1996.2431,2709.5210,2691.8641,616.0859,-10.4232,-75.5819,134917,0
190304,9995.1594,331.0241,832.6657,624.6704,619.6611,-10.1348,-75.2306,331527,0
190305,7938.6704,939.8759,1844.5970,1772.8126,611.7403,-10.0747,-75.5627,85126,0
190306,13114.6151,347.7506,928.6586,994.7922,444.1848,-10.3238,-74.8960,912893,0
190307,21338.6574,1459.6074,1446.7568,1433.8428,451.8262,-10.7393,-75.2615,97934,0
190308,13465.4639,247.2421,612.9078,434.1013,410.5300,-9.8840,-75.0171,362366,0
200101,167478.7900,36.0451,54.5900,52.9107,15.6029,-5.1812,-80.6399,22858,0
200104,149821.3981,38.0082,125.4429,134.6632,70.2988,-5.1904,-80.6058,76506,0
200105,70710.6001,26.9558,158.0064,170.5138,68.8748,-5.2655,-80.6681,266561,0
200107,18344.0792,22.3724,52.3852,43.1158,32.9452,-5.3414,-80.6490,25354,0
200108,4689.6571,18.5851,28.0510,15.4326,21.2886,-5.4330,-80.6280,11762,0
200109,39084.4365,19.8490,30.9779,21.3589,16.8864,-5.3423,-80.7235,19966,0
200110,37157.9171,16.7571,62.8849,50.9732,55.8050,-5.3912,-80.7458,37402,0
200111,28418.8746,265.4853,371.3413,274.7489,265.7986,-4.6865,-80.2279,64861,0
200114,111525.9879,105.9079,166.8731,125.5332,160.9363,-4.9050,-80.3394,174265,0
200115,141052.6598,35.5981,47.8069,38.3536,23.3632,-5.1848,-80.6652,8390,0
200201,37054.2510,2019.8367,2050.0039,1968.3380,627.1529,-4.6554,-79.6585,183488,0
200202,22720.4999,1632.9053,1819.9111,1603.1457,885.7856,-4.9327,-79.9697,65746,0
200203,2715.4634,1198.2927,1235.2568,1206.6360,407.8007,-4.5450,-79.8238,11402,0
200204,6295.9605,2261.0012,2156.3552,2099.8521,678.6821,-4.7841,-79.8586,22226,0
200205,7005.6353,1310.7184,1447.2289,1444.6801,427.9910,-4.6312,-79.8447,15387,0
200206,23942.8331,2226.5732,2319.0131,2226.8727,607.3944,-4.9617,-79.6421,113030,0
200207,9494.4498,665.3574,903.8372,778.5448,439.2176,-4.6348,-79.9686,37916,0
200208,11207.2409,1531.3429,1673.2070,1567.6837,659.9419,-4.7849,-79.9891,32315,0
200209,2008.1866,1392.1791,1474.6328,1434.1748,398.8596,-4.5670,-79.7764,4015,0
200210,11641.9833,449.2738,523.8860,448.4953,289.8185,-4.4884,-80.0261,125485,0
200301,29108.1918,2251.7127,2802.2779,2871.9444,431.1781,-5.2296,-79.4662,52101,0
200302,8267.5592,1067.6169,1565.3759,1444.4568,845.9299,-5.3160,-79.6323,36598,0
200303,12736.9663,2299.0882,2729.8627,2790.8285,581.4227,-5.0789,-79.3933,77091,0
200304,38754.0759,1849.5802,1599.4075,1651.1001,746.6073,-5.6360,-79.5425,224827,0
200305,4708.9101,1331.6024,1632.9311,1591.6521,696.3446,-5.1879,-79.6677,17130,0
200306,8683.0836,1091.3036,1541.2857,1347.1375,923.3184,-5.4201,-79.6265,24365,0
200307,8173.9137,2023.5093,2389.2502,2329.3524,461.6931,-5.3700,-79.3924,40315,0
200308,10205.4101,2482.2034,2396.4018,2353.9661,462.5196,-5.3573,-79.4637,26866,0
200401,69379.9214,102.9659,201.3998,147.6386,182.2211,-5.0905,-80.1625,98085,0
200402,7913.7610,133.3941,326.1806,240.4293,224.5469,-5.2504,-79.9644,29083,0
200403,8800.7857,1893.4941,2040.6331,2073.7992,548.5486,-5.0641,-79.7982,17498,0
200404,12029.6416,114.9964,186.2796,173.9111,77.9013,-5.2258,-80.0854,115396,0
200405,13560.7598,137.2514,229.5245,171.9199,140.2394,-5.1784,-79.9820,20220,0
200406,7961.4821,183.0083,512.1815,451.8875,275.7338,-5.3727,-79.8194,71523,0
200407,6392.3780,287.9237,497.7071,415.7036,280.4218,-5.3134,-79.7504,29412,0
200408,3967.3962,799.9334,977.8945,975.1143,494.4028,-5.1336,-79.8774,9453,0
200409,7140.3219,1434.3412,1455.0497,1388.3241,707.1724,-5.0441,-79.8905,22274,0
200410,9201.8128,1130.5522,1405.5073,1185.8914,805.7369,-5.1680,-79.7785,25649,0
200501,86284.6188,64.2204,95.1283,83.8488,42.3377,-5.0957,-81.1026,82273,0
200502,2463.2871,23.3127,73.4115,79.7015,43.2573,-4.8753,-81.0116,7496,0
200503,1053.4455,72.5329,70.5378,90.3934,30.9342,-4.8908,-81.0289,970,0
200504,12615.9566,18.7834,22.0142,4.9506,31.2289,-4.9271,-81.0598,14384,0
200505,11870.9001,33.9846,82.3879,80.3312,37.9011,-4.9190,-80.9286,67507,0
200506,4703.3820,25.2794,61.9627,55.1593,37.0492,-4.8762,-80.9764,7611,0
200507,5187.1866,12.3634,31.0741,18.4363,33.8332,-4.8681,-81.0961,18511,0
200601,184918.6413,69.2372,108.7193,100.8520,47.5465,-4.8953,-80.6715,61659,0
200602,40110.9880,60.5620,60.4572,61.2258,2.5099,-4.8899,-80.6748,252,0
200603,18953.8264,37.1487,62.8690,50.2553,38.3784,-4.8531,-80.8711,22059,0
200604,12476.7540,188.6655,354.0186,284.8199,226.6124,-4.4747,-80.4278,250535,0
200605,27327.4685,56.7112,369.0831,313.4607,256.1051,-4.8583,-80.7438,193261,0
200606,9007.4384,61.8785,74.3384,73.4075,14.2987,-4.9151,-80.7626,55939,0
200607,24980.7545,69.8825,112.3751,104.1598,46.5077,-4.7912,-80.6176,32524,0
200608,6485.8900,51.6407,65.3965,60.7222,23.0442,-4.8567,-80.6836,3673,0
200701,85692.1256,49.1356,291.2646,233.6610,200.9659,-4.5828,-81.2609,131322,0
200702,6866.4236,270.3234,252.0964,256.8789,62.5649,-4.2684,-81.2119,56301,0
200703,11708.0191,26.4184,150.4471,117.4778,148.6677,-4.6598,-81.2858,96745,0
200704,1480.2548,38.5820,128.0718,158.4915,70.2302,-4.4426,-81.2646,27858,0
200705,9076.6652,15.3341,166.6669,161.2788,103.9059,-4.1783,-81.1258,19176,0
200706,11086.3904,9.9274,136.4672,113.2511,93.2204,-4.1064,-81.0484,11567,0
200801,39098.4597,11.2246,41.3788,13.9965,73.1375,-5.6037,-80.8193,661745,0
200802,4298.3775,18.2360,11.0058,10.5964,2.4247,-5.4335,-80.7439,1615,0
200803,7376.4274,12.2066,10.4872,10.3414,1.9528,-5.4656,-80.7418,8357,0
200804,3846.4916,12.5495,17.3841,12.6963,12.4101,-5.4975,-80.7128,30900,0
200805,14180.8932,19.5515,22.7619,19.2541,18.6803,-5.4319,-80.7937,30417,0
200806,3165.5300,10.7932,7.5134,7.2278,1.6051,-5.4642,-80.7660,2334,0
210101,129703.2743,3862.3932,4079.4397,4057.8396,151.3288,-15.8440,-70.0184,55900,0
210102,27792.6176,3860.5168,4198.0594,4117.5500,320.8414,-16.0423,-69.7469,233445,0
210103,4109.5775,3877.7989,3909.1622,3894.5307,76.5137,-15.6604,-69.7113,1689,0
210104,5371.3666,3832.6302,3846.7536,3830.9553,34.0858,-15.6820,-70.1411,15838,0
210105,11271.9951,3838.2532,3905.1567,3874.2168,94.1354,-15.6468,-69.8254,12602,0
210106,6933.8075,3853.0760,3973.1960,3940.5230,138.3538,-15.8739,-69.8633,13993,0
210107,7246.2815,3823.0141,3843.0799,3813.4891,67.5872,-15.5580,-69.9321,12072,0
210108,7918.6167,3818.8683,3816.0257,3813.9736,11.2294,-15.6180,-69.9839,15607,0
210109,5307.3420,3949.0536,4322.0440,4348.1522,274.4747,-15.8008,-70.3528,49821,0
210110,4862.7673,3830.6819,3863.1510,3815.6789,69.8598,-15.7254,-70.0650,21084,0
210111,5352.8352,4073.3953,4372.9845,4421.6995,289.9024,-16.1841,-70.0934,199336,0
210112,8172.5936,3839.5033,3909.4745,3885.8010,92.7197,-15.9293,-69.8094,29708,0
210113,3007.7787,4407.7401,4597.5200,4601.0703,222.3741,-16.1054,-70.3398,40966,0
210114,1899.9599,3962.0113,4302.9931,4350.0871,271.7742,-15.8446,-70.2054,59406,0
210115,3050.8644,3862.8299,3959.6494,3867.2558,195.8255,-15.7583,-70.2598,23637,0
210201,26141.5501,3869.0145,4032.4854,3997.5266,174.3503,-14.9036,-70.1837,87077,0
210202,3924.2514,3850.6370,3853.8503,3843.8938,26.3697,-15.2425,-70.1632,15347,0
210203,7455.6975,3862.4436,4053.5226,3991.0483,216.0391,-15.1263,-70.1060,40670,0
210204,16130.4319,3902.6523,3995.6565,3940.6013,134.7035,-14.7369,-70.3549,48752,0
210205,3061.8198,3831.0711,3833.6902,3829.0414,20.0291,-15.2972,-70.0887,14273,0
210206,12538.5616,3852.3230,3971.6336,3933.8249,147.0847,-15.1090,-69.9579,18386,0
210207,4946.3285,3881.7254,3947.9639,3896.6252,119.3380,-15.0352,-70.3368,8104,0
210208,7335.8253,3936.6397,4345.0248,4355.6886,303.8712,-14.7615,-69.9607,94689,0
210209,6243.2781,4130.5458,4325.8415,4298.3755,168.4013,-14.3583,-70.1401,75016,0
210210,13264.4787,3822.7609,3834.1649,3821.3007,41.9909,-15.2648,-70.0152,24650,0
210211,8887.5707,3997.0229,4375.5219,4368.0439,230.7663,-14.5471,-70.2952,62221,0
210212,5491.7402,4002.7260,4223.9564,4105.3837,297.0796,-14.7114,-70.1902,47989,0
210213,3908.0269,3856.4587,3887.8282,3846.7449,80.4448,-14.9992,-70.1215,12652,0
210214,5158.7630,3892.8529,3935.2651,3908.3839,110.2284,-15.0866,-70.2466,38549,0
210215,2914.0469,3923.0799,4020.9930,3965.2948,150.6561,-14.9249,-70.3931,24274,0
210301,13537.3507,4335.2530,4639.1260,4625.0652,213.1109,-14.0591,-70.4341,122481,0
210302,2200.4115,4279.9593,4604.2773,4649.1135,219.3233,-14.2280,-70.2219,51371,0
210303,11792.7293,2741.3824,1733.4909,1112.0468,1359.5984,-13.6690,-70.3209,246453,0
210304,15025.0045,3856.4706,1744.7116,1004.6172,1509.2956,-13.9771,-70.0170,375238,0
210305,4139.2247,4312.5780,4766.3587,4777.5363,301.0276,-13.9175,-70.6320,106759,0
210306,9593.7772,4182.2551,4486.3843,4488.8265,227.2743,-14.3568,-70.0047,103136,0
210307,6893.8786,3788.6100,3481.2024,3936.3425,1131.7851,-13.8579,-70.1657,151425,0
210308,5747.8137,3014.8863,3967.3921,4090.5734,679.9342,-13.7358,-70.5257,85419,0
210309,4054.5548,662.5556,1758.3418,1491.9768,986.8359,-13.4487,-70.4000,89589,0
210310,18550.3215,3835.2996,4279.8127,4440.1542,515.4918,-14.1367,-69.9604,79106,0
210401,24202.0188,3882.0974,4074.3165,4058.5869,166.9031,-16.2360,-69.4694,94044,0
210402,26140.4140,3823.0027,3852.4092,3826.1229,58.3498,-16.5714,-69.0480,21293,0
210403,19311.7305,3971.5569,4175.9741,4167.9159,220.1479,-16.5891,-69.3780,76489,0
210404,22206.5180,3879.6539,3925.1671,3875.7444,128.2499,-16.7056,-69.2522,60054,0
210405,13421.5967,4045.2921,4301.7815,4277.0861,258.0196,-16.9298,-69.4079,116785,0
210406,18092.8684,3848.3884,4035.4306,3979.4259,205.5739,-16.3344,-69.2668,48837,0
210407,20445.2969,3845.8655,3933.0384,3858.3139,147.4860,-16.4756,-69.1491,63730,0
210501,53715.3141,3840.8769,4015.4656,3894.0857,243.2805,-16.0956,-69.6238,108352,0
210502,1927.5696,4260.8860,4466.1091,4441.5288,224.2045,-17.1205,-69.6720,127309,0
210503,12995.4339,3816.6852,3816.3688,3813.8779,7.2730,-16.0919,-69.5119,18593,0
210504,6609.0683,4097.2471,4483.7279,4551.4140,293.2035,-16.7645,-69.7708,328915,0
210505,4264.5475,4012.1471,4200.0331,4160.1621,202.6413,-16.5648,-69.6492,102939,0
210601,17788.4306,3836.7418,3917.0989,3853.7845,132.6105,-15.1978,-69.7871,46876,0
210602,3864.7844,4357.4828,4471.7040,4436.3259,168.0547,-15.0250,-69.3648,106388,0
210603,4223.5973,3850.5602,3950.5214,3886.1325,126.9994,-15.0368,-69.7996,12847,0
210604,3086.0063,3927.0166,4199.0057,4110.8473,280.0420,-15.0100,-69.6911,35874,0
210605,6917.3306,3856.8796,3898.2486,3851.5477,93.1293,-15.4438,-69.9712,23950,0
210606,4844.1571,3961.7219,4099.3487,4100.5754,157.1602,-15.2336,-69.5255,36977,0
210607,12949.6792,3814.7647,3823.4361,3812.8430,39.1757,-15.3016,-69.9346,23880,0
210608,8049.6340,3906.2099,4032.1025,4015.2902,136.7420,-15.1682,-69.6365,61527,0
210701,10847.8168,3886.6959,4077.7782,3996.1073,246.3299,-15.3770,-70.3777,80069,0
210702,5406.5951,3887.2135,4156.0923,4032.2420,314.5709,-15.5924,-70.3486,46678,0
210703,1393.7444,3837.2351,3945.0394,3844.5235,156.2184,-15.3105,-70.2172,16705,0
210704,2679.2639,3854.5222,3882.2335,3858.1214,73.7002,-15.2218,-70.2777,16128,0
210705,2786.0659,4424.5751,4643.1764,4669.8594,236.2198,-15.1626,-70.8580,106549,0
210706,2923.4318,4157.1196,4558.3649,4580.2581,309.2968,-15.2629,-70.5798,59973,0
210707,6706.3242,4413.3373,4691.4957,4703.2941,227.5999,-15.4720,-70.6899,90633,0
210708,5690.4173,3918.4212,4088.9821,4036.7574,210.4244,-15.0570,-70.4078,63594,0
210709,7531.2855,4122.6183,4486.1012,4460.8566,254.1643,-15.6758,-70.6610,192757,0
210710,3059.2422,4393.7639,4588.3531,4596.6671,202.3382,-15.1798,-70.6601,19511,0
210801,21400.9398,3916.0275,4179.6804,4117.5662,260.4724,-14.8843,-70.5937,123020,0
210802,4538.4039,4177.1013,4463.6645,4466.1504,224.2830,-14.3827,-70.3423,79004,0
210803,2726.4203,3985.4611,4242.7426,4230.0179,243.7130,-14.9038,-70.8548,26200,0
210804,4102.1499,4015.2337,4258.1687,4227.7602,204.5050,-14.9536,-70.8916,27672,0
210805,7808.3685,3988.3641,4267.0212,4239.3352,253.0435,-14.7458,-70.8776,83565,0
210806,10517.4249,4048.2440,4503.5937,4519.1014,326.5667,-14.4791,-70.6271,265542,0
210807,10122.1173,3924.1874,4040.8493,4005.2224,144.1456,-14.6861,-70.4733,48018,0
210808,6742.1138,4023.3268,4339.3823,4276.0768,313.6007,-14.5964,-70.8161,97071,0
210809,4020.3345,3926.3935,4024.0884,3932.5834,230.5389,-14.8621,-70.7506,40106,0
210901,14554.7607,3891.7386,4018.8493,3993.3867,135.4696,-15.3501,-69.4942,61168,0
210902,2829.3565,3878.2124,4048.7158,4046.3851,143.6748,-15.4586,-69.4252,8170,0
210903,3735.2043,3977.9617,4259.2285,4282.3618,217.0838,-15.3108,-69.3395,48832,0
210904,2606.6820,3851.6944,3959.1966,3959.6230,91.3413,-15.5062,-69.3501,6293,0
211001,26165.2641,3934.2095,4353.6966,4440.3632,305.2087,-14.8717,-69.8481,125194,0
211002,28593.7988,4921.2196,4739.9581,4715.6251,203.6462,-14.6394,-69.4600,116576,0
211003,3017.2650,3897.3476,4107.7138,4059.5200,204.3185,-15.0478,-69.9037,17271,0
211004,6086.2095,3930.6021,4378.9377,4385.7963,289.6466,-14.9059,-69.7229,63326,0
211005,1747.1503,3634.5076,3926.3519,4019.8891,769.9694,-14.5283,-69.2399,56390,0
211101,231013.3965,3827.9811,3884.5560,3835.3240,108.6738,-15.4893,-70.1358,47817,0
211102,4532.6412,3867.2224,3874.0894,3857.4997,56.0496,-15.6378,-70.2826,23410,0
211103,5494.1696,3972.7752,4308.3398,4294.3094,196.0887,-15.7043,-70.4285,154109,0
211104,2839.2384,3824.8412,3830.2906,3821.2360,24.5710,-15.5513,-70.1005,33638,0
211105,61785.0768,3825.4380,3842.1939,3826.5060,57.6838,-15.4661,-70.1233,14648,0
211201,11727.0510,2331.2712,3111.9638,3136.9787,728.4858,-14.3116,-69.4531,84549,0
211202,5110.8305,3956.1288,4406.3490,4463.8690,342.4402,-14.5008,-69.5690,61789,0
211203,3972.6139,3550.2185,1663.1734,1188.8623,1296.6582,-14.1551,-69.7046,287918,0
211204,4103.7963,3606.9983,3887.9395,4040.8096,702.0842,-14.3449,-69.6365,56897,0
211205,5078.8991,3399.2607,2803.2580,2924.8319,889.1308,-14.1355,-69.6397,52111,0
211206,2281.3140,3595.0871,3848.3756,3961.6317,789.0005,-14.4946,-69.3664,49851,0
211207,10084.1706,1270.7813,1755.8377,1739.6175,357.2112,-14.2075,-69.1211,24323,0
211208,2454.5020,1593.5919,2189.5122,2133.8477,479.5382,-14.2579,-69.1675,77966,0
211209,7683.0984,1414.4696,1832.6076,1815.2784,392.6261,-14.0471,-69.2808,163937,0
211210,11830.9277,1021.6371,673.0041,381.7828,540.5512,-14.0697,-69.0007,665977,0
211301,26138.4015,3837.6055,3977.5704,3879.5709,205.7339,-16.2649,-69.0878,21281,0
211302,2563.3481,3820.8850,3810.6140,3808.5000,8.6330,-16.3148,-68.8602,14686,0
211303,4946.6768,3845.3385,4069.5649,4009.0166,242.9265,-16.3804,-69.0427,7213,0
211304,1331.1136,3855.6630,4046.7155,4011.5544,190.0567,-16.2758,-69.1852,2886,0
211305,4595.1285,3831.3356,3864.9840,3842.9298,59.1814,-16.2388,-68.9973,3313,0
211306,1413.8338,3843.7559,3905.2988,3906.0860,57.0381,-16.1991,-68.9637,494,0
211307,3510.3460,3824.5959,3848.7133,3829.4011,43.9061,-16.2218,-68.9728,977,0
220101,81022.3579,875.1467,1125.5464,1029.3852,294.1248,-6.0183,-76.9899,317119,0
220102,4664.7313,845.0491,838.4976,828.1515,44.4866,-6.0305,-77.0737,13621,0
220103,2032.7480,843.6023,837.7464,834.2746,13.6562,-6.0827,-77.0897,8103,0
220104,33958.7675,1051.9659,1215.4293,1208.8181,242.8819,-6.1462,-76.9150,45406,0
220105,35225.6577,937.3410,1452.1722,1461.7826,369.5954,-6.1557,-77.0908,68658,0
220106,3357.9850,833.9057,830.0102,818.5100,46.1749,-5.9709,-77.0368,8184,0
220201,15099.5150,298.7560,401.1486,349.7761,153.7891,-7.0514,-76.5860,30573,0
220202,6670.2691,345.0223,987.1481,973.5669,367.0713,-7.4195,-76.4431,703438,0
220203,17167.7759,420.4669,540.2320,439.3854,272.3504,-7.1642,-76.3728,132300,0
220204,3221.0346,276.9231,453.0983,436.6403,121.8127,-7.1672,-76.6379,30223,0
220205,9309.5211,320.7037,414.5539,359.3706,173.6016,-6.8233,-76.5918,40986,0
220206,6952.0822,243.2215,239.2117,236.8959,9.9909,-7.0159,-76.4915,12625,0
220301,14606.1474,390.5504,699.4659,562.1731,332.7576,-6.6163,-76.7035,36303,0
220302,2171.5036,333.8744,545.4644,462.1984,240.6723,-6.7227,-76.6947,17975,0
220303,11138.6556,780.1490,1263.5685,1312.4855,418.7514,-6.4616,-76.7875,61296,0
220304,8358.3133,538.3886,587.9210,484.7880,267.5930,-6.6935,-76.5908,29356,0
220305,2894.5126,476.4800,673.0238,553.2066,282.2178,-6.5340,-76.7097,7300,0
220401,11634.8034,367.1111,814.7247,770.0614,343.8906,-6.9266,-76.7910,61888,0
220402,2672.6675,735.0647,1393.8677,1343.4651,566.3951,-6.6997,-76.8851,162281,0
220403,3080.4417,302.2340,496.4317,440.9860,184.3475,-7.0186,-76.7213,14688,0
220404,3688.0256,419.4687,621.5709,627.7271,169.9285,-6.9970,-76.7929,21181,0
220405,2579.2462,349.2243,517.0574,474.1162,183.5166,-7.0761,-76.7346,19043,0
220406,772.9947,271.2813,349.7249,344.0324,78.9335,-7.0849,-76.6456,5535,0
220501,14077.4828,776.8156,669.6106,668.3433,200.5086,-6.4172,-76.5209,15234,0
220502,6589.5902,1098.6074,1239.9871,1207.4007,275.2578,-6.3280,-76.7738,34879,0
220503,5187.2864,162.7178,295.2711,183.3998,251.5398,-6.2485,-76.0461,124444,0
220504,8251.6339,184.2091,374.1399,204.9115,255.3442,-6.2307,-76.2867,149613,0
220505,4439.6368,453.6456,615.4623,584.5606,255.2862,-6.5766,-76.4817,21434,0
220506,4803.2015,764.9892,1113.6629,1128.3707,323.4884,-6.2302,-76.7147,65858,0
220507,2422.3422,472.8966,523.0938,433.2623,213.3217,-6.4495,-76.4773,3913,0
220508,692.7606,775.1816,984.7467,939.7068,282.5880,-6.3711,-76.4594,76769,0
220509,2884.2098,356.6262,502.0536,498.1823,133.7141,-6.4119,-76.5881,2866,0
220510,12395.3591,580.5435,899.6899,894.0079,319.4784,-6.3957,-76.6295,42591,0
220511,4613.8983,585.3241,709.6857,696.6786,250.2216,-6.5462,-76.5213,20546,0
220601,26018.2977,285.7724,489.7197,453.7446,167.2480,-7.1837,-76.7307,52765,0
220602,5526.7604,378.6363,1012.6307,894.9690,517.5297,-7.5357,-76.6715,213589,0
220603,5830.2465,744.9270,2287.7707,2197.7282,957.7380,-7.0263,-77.0026,1148591,0
220604,4127.8259,322.8339,1054.6460,988.7184,471.9818,-7.2649,-76.8346,212186,0
220605,6423.8683,315.5153,408.7905,387.6260,110.2885,-7.2715,-76.6551,53590,0
220701,9105.3998,226.5877,322.1252,311.9458,87.2844,-6.9180,-76.3332,25609,0
220702,3531.2444,378.2446,510.0358,489.7618,196.2031,-6.7627,-76.3867,36681,0
220703,1961.2066,232.8650,343.0469,327.1766,104.3733,-6.9527,-76.4162,8966,0
220704,877.0366,225.3437,402.4802,358.0064,182.4787,-6.7814,-76.2750,8046,0
220705,2770.2392,245.7579,379.0889,350.6619,138.0828,-6.8432,-76.3494,23914,0
220706,1429.8374,230.2147,307.9570,299.7495,72.5090,-6.9920,-76.4208,3543,0
220707,5084.2034,236.9696,312.7805,303.4339,65.8496,-6.9926,-76.4562,12245,0
220708,9355.3480,586.8802,788.4929,807.5472,225.0745,-7.0366,-76.1067,46245,0
220709,4256.7310,276.4274,457.5571,397.5743,200.7122,-6.9516,-76.2354,39523,0
220710,4681.6420,532.1675,813.2602,804.1272,245.3912,-6.8010,-76.1767,43648,0
220801,25070.8100,836.5763,987.2169,850.9299,293.9806,-6.0584,-77.1763,24563,0
220802,9853.7826,909.8034,1534.0259,1184.2148,820.2961,-5.7974,-77.3770,59545,0
220803,12182.6969,840.9421,1383.0285,1330.8936,481.5587,-5.9975,-77.2766,19929,0
220804,43174.2697,869.4742,1455.7164,1272.0807,641.6632,-5.9206,-77.3216,39283,0
220805,20883.9675,974.5723,1931.8082,1793.4119,712.2831,-5.7372,-77.5104,137000,0
220806,1365.7736,823.6341,818.6364,818.3201,5.3512,-6.0131,-77.1661,6181,0
220807,3666.7186,826.7429,823.3416,822.1472,6.4718,-5.8939,-77.2734,8137,0
220808,3597.5241,888.4231,1119.8542,961.9447,347.1101,-6.1477,-77.1425,9620,0
220809,4490.8869,817.4528,819.0760,817.6186,6.4851,-5.9313,-77.2297,7299,0
220901,82375.2411,322.7533,430.7603,294.6290,277.1103,-6.4886,-76.3666,6884,0
220902,796.3603,254.9016,569.8164,587.0878,220.1133,-6.6724,-76.2794,6110,0
220903,3882.1074,318.2956,382.0019,311.9916,150.4604,-6.4660,-76.4318,6178,0
220904,8842.3116,201.5395,578.2944,513.6411,288.7325,-6.5687,-76.0979,112136,0
220905,2019.4740,158.1737,188.8065,171.9515,37.8989,-6.4092,-75.8381,36060,0
220906,2451.0133,153.9917,189.8269,178.9565,40.2997,-6.2262,-75.8201,57600,0
220907,4037.2901,172.2094,410.3113,247.3253,266.7118,-6.4605,-75.7381,201859,0
220908,3262.0929,219.3951,345.4768,312.3761,129.4217,-6.5865,-76.3302,22625,0
220909,38680.6644,348.5990,679.4727,686.0819,271.6283,-6.4950,-76.3463,31385,0
220910,31016.9729,291.1440,321.2940,299.4435,71.3120,-6.4806,-76.3836,5968,0
220911,2258.0951,149.5733,185.7890,188.2571,24.4434,-6.2325,-75.7267,116560,0
220912,1181.6113,463.6918,751.9210,718.4073,235.8839,-6.4148,-76.4058,9219,0
220913,13519.5352,627.2598,777.5276,759.7064,155.4243,-6.6925,-76.2136,11871,0
220914,1657.2660,326.9794,603.2593,584.2555,256.8559,-6.5898,-76.2066,27990,0
221001,24782.7106,504.1807,965.8182,839.7547,516.9945,-8.1954,-76.5250,118928,0
221002,11243.1948,544.5607,901.3011,847.4311,326.1924,-8.5123,-76.2744,97562,0
221003,11340.8471,539.9568,1375.3613,1202.2462,767.6507,-8.0349,-76.6486,267295,0
221004,1044.9102,1182.5175,2917.5417,3115.5809,823.0929,-8.3728,-76.7411,125349,0
221005,15928.2791,554.9196,989.3417,837.1348,592.6020,-8.4332,-76.4377,71341,0
221006,5297.8525,507.5577,595.3636,498.6440,220.8640,-8.3350,-76.4081,31707,0
230101,111149.1157,552.5021,1215.4983,720.8199,1124.1630,-18.0170,-70.2534,234619,0
230102,52019.5493,631.5659,1237.8946,1007.2802,616.2634,-17.9895,-70.2474,45905,0
230103,2707.7148,807.9918,1038.5174,993.2841,213.4109,-17.9644,-70.1908,13515,0
230104,39241.4557,686.1990,1477.5973,1347.7583,460.1015,-17.9809,-70.2340,21901,0
230105,5754.0283,538.4675,1401.5628,1243.7343,703.1260,-17.7915,-70.5019,175875,0
230106,2000.2300,1632.2368,2571.9013,2402.1613,974.3175,-17.8407,-70.0985,75015,0
230107,1557.9919,4016.7139,4268.3456,4274.8159,545.8219,-17.6208,-69.7244,178161,0
230108,21442.2782,656.9200,1467.3672,1283.5281,714.8819,-17.9949,-70.2251,33011,0
230109,2577.1700,140.2678,335.7868,321.0553,160.6486,-18.0467,-70.6570,139354,0
230110,82891.7199,490.0215,492.5524,475.2403,156.0880,-18.0507,-70.2510,23024,0
230111,2909.2374,62.3727,83.7693,78.2894,53.0788,-18.2032,-70.4589,66622,0
230201,2844.5607,3694.8538,4487.2081,4573.3558,466.4204,-17.1764,-70.2536,168846,0
230202,1205.7575,3507.6914,3956.7311,4005.7379,496.4466,-17.2714,-70.3612,21583,0
230203,1471.8309,3601.0715,4229.8578,4192.3176,519.2590,-17.2475,-70.4069,60308,0
230204,176.6178,2143.2666,2875.5956,2851.1559,460.9245,-17.3964,-70.3569,13723,0
230205,752.6316,3214.8559,3559.8287,3628.5812,329.8486,-17.3151,-70.3241,11115,0
230206,1025.2783,3061.2890,3160.9292,3078.9570,328.0752,-17.3205,-70.2488,6759,0
230301,2154.3939,670.8902,918.9797,892.4476,246.3757,-17.5967,-70.7801,103709,0
230302,3367.5382,2000.3851,2221.2409,2096.4546,739.5822,-17.3806,-70.5767,129518,0
230303,2971.7130,258.7979,545.4750,519.1891,310.4752,-17.7993,-70.9156,101270,0
230401,3243.9944,3359.3803,4448.7615,4403.7718,402.3958,-17.4429,-69.9486,107759,0
230402,557.2353,2193.3466,2709.4468,2691.1347,450.8535,-17.4875,-70.1624,46328,0
230403,589.6772,3355.3736,3460.8913,3457.4849,899.4348,-17.5555,-69.9994,36182,0
230404,521.2860,3075.4744,3077.1762,3243.3093,498.4438,-17.5404,-70.0326,18095,0
230405,580.5258,3098.9297,3214.9101,3065.1339,500.5910,-17.3773,-70.1469,28542,0
230406,755.3866,3745.9913,4469.2536,4534.5146,355.0061,-17.2921,-70.0921,43950,0
230407,386.3408,3041.3744,4148.6161,4180.3904,618.6045,-17.5236,-70.0332,13072,0
230408,689.2947,3619.2195,4403.6709,4532.4809,490.5088,-17.3827,-69.9807,43504,0
240101,101029.3600,20.5707,27.0275,17.4037,27.5339,-3.5660,-80.4409,17777,0
240102,22073.9788,20.8451,33.0597,6.3492,45.3703,-3.6078,-80.4844,15039,0
240103,8412.1460,15.5666,146.0528,134.6847,88.8727,-3.6387,-80.5892,7560,0
240104,6607.5858,32.7699,427.6056,426.0867,247.8191,-3.7005,-80.4292,85099,0
240105,8089.2419,35.8391,362.6067,273.7601,289.5138,-3.6903,-80.4558,68685,0
240106,3836.8685,21.7575,73.3771,63.2688,57.7262,-3.6295,-80.4264,13485,0
240201,10779.5151,15.9593,142.1079,118.3509,101.4952,-3.6897,-80.6859,75936,0
240202,2124.0740,143.8118,452.1257,303.5244,323.4359,-3.9557,-80.6650,100338,0
240203,4852.2859,24.6700,146.3633,132.6713,98.7380,-3.9801,-80.9431,73329,0
240301,21798.0631,11.3689,5.3457,4.4150,4.7860,-3.4994,-80.2747,13179,0
240302,19927.0596,8.1565,9.1270,8.3764,6.7834,-3.4879,-80.2586,5572,0
240303,2020.5619,75.9687,315.7826,277.9735,224.2549,-3.6827,-80.2267,45735,0
240304,5200.3419,33.9194,44.9229,42.6375,22.0013,-3.5553,-80.2318,23724,0
250101,98815.5407,155.4983,224.8987,224.5296,58.8837,-8.3854,-74.5502,1376086,0
250102,11686.1995,184.4628,189.0283,188.5787,25.6586,-8.4732,-74.8075,156748,0
250103,11675.8596,172.2139,298.4887,192.7767,270.4794,-9.3129,-74.3459,874044,0
250104,11785.5418,159.1354,227.4715,225.6309,52.4103,-8.6875,-74.2481,1741281,0
250105,138196.0080,154.4143,150.7096,150.5851,7.1073,-8.3693,-74.5851,78196,0
250106,4853.5372,161.4733,200.0510,185.2086,51.7325,-8.2646,-74.8846,243586,0
250107,58350.7025,155.7245,154.7430,154.0649,6.4399,-8.4107,-74.5529,76288,0
250201,34010.8126,391.9436,511.6225,346.1153,390.7093,-10.7235,-73.8419,1729554,0
250202,8195.8070,281.9514,383.6954,380.2014,56.3303,-11.1014,-73.0629,921272,0
250203,8201.9472,185.1507,329.1499,274.9250,238.6744,-9.9484,-73.9742,911258,0
250204,2198.1692,258.0363,326.3283,325.8336,31.0077,-9.6465,-72.7736,1071304,0
250301,23282.1894,317.1047,683.0273,454.2640,472.9850,-9.0314,-75.5186,423312,0
250302,12807.6990,232.9074,273.3146,269.2608,37.4417,-8.8367,-75.2363,222369,0
250303,7375.8155,182.2720,252.0374,257.6103,44.5675,-8.4350,-75.1525,222165,0
250304,6550.2452,203.4379,216.8325,210.2446,29.4301,-8.6250,-75.0354,73797,0
250305,5418.9950,236.5603,243.1796,237.8473,21.2931,-8.8271,-75.0556,24306,0
250306,2352.0808,298.2996,290.9187,287.7083,32.4851,-8.9211,-75.4379,69831,0
250307,2809.6677,757.3126,1113.5048,1097.4349,473.2005,-9.0928,-75.7053,65016,0
250401,4374.5587,235.9251,363.7630,362.4741,61.0013,-9.7855,-70.7517,2190044,0
