ubigeo,lat,lon,point_source,snap_km,tt_cebaf_h,km_cebaf,tt_lima_h,km_gc_cebaf
010101,-6.2286,-77.8701,ghsl_popw_centroid,0.0363,10.5066,833.4816,14.0110,404.0320
010102,-6.0055,-77.7314,ghsl_popw_centroid,18.7939,11.2276,826.3361,15.3248,396.3871
010103,-6.8190,-77.9822,ghsl_popw_centroid,2.2914,12.0952,941.5013,12.1125,448.4696
010104,-6.2809,-77.6939,ghsl_popw_centroid,0.0478,11.0160,868.6088,14.5204,421.3534
010105,-6.0912,-77.7673,ghsl_popw_centroid,13.5032,11.4238,856.0261,14.9281,400.4142
010106,-6.9442,-77.9252,ghsl_popw_centroid,1.7311,13.1203,970.6549,13.1376,463.5213
010107,-6.0986,-77.6308,ghsl_popw_centroid,13.0145,11.6510,884.7205,15.1554,411.5744
010108,-6.1674,-77.8655,ghsl_popw_centroid,0.2217,10.7401,841.8648,14.2445,399.2652
010109,-6.5029,-77.8176,ghsl_popw_centroid,1.2604,11.2773,882.7543,13.7329,431.1218
010110,-6.7185,-77.8046,ghsl_popw_centroid,0.1374,11.2462,896.4913,12.8728,450.8731
010111,-6.3057,-77.8983,ghsl_popw_centroid,0.0204,10.9289,853.0253,14.0552,408.5256
010112,-6.3975,-77.8798,ghsl_popw_centroid,1.0203,10.6943,850.4634,13.5130,417.6933
010113,-6.5752,-77.8133,ghsl_popw_centroid,1.2657,11.0057,874.6403,13.2261,437.6938
010114,-6.2255,-77.6449,ghsl_popw_centroid,0.4427,11.0535,874.6337,14.5578,420.5593
010115,-6.6300,-77.8005,ghsl_popw_centroid,0.0447,11.2351,885.6333,13.2420,443.3562
010116,-6.0100,-77.7083,ghsl_popw_centroid,21.1641,11.1748,824.6902,15.2630,398.5527
010117,-6.1488,-77.7157,ghsl_popw_centroid,6.3475,11.2241,870.5711,14.7285,408.9860
010118,-6.2367,-77.7411,ghsl_popw_centroid,1.1953,10.9179,861.2043,14.4223,414.2050
010119,-6.3428,-77.8767,ghsl_popw_centroid,0.2629,10.8917,858.3290,13.8228,413.2218
010120,-6.2612,-77.7404,ghsl_popw_centroid,2.3940,10.9956,863.3822,14.5000,416.2700
010121,-6.1967,-77.7803,ghsl_popw_centroid,3.3510,10.9278,855.8524,14.4321,407.9983
010201,-5.6329,-78.5309,ghsl_popw_centroid,0.0398,8.8426,703.9025,13.1189,306.3071
010202,-5.4168,-78.4456,ghsl_popw_centroid,0.2169,9.2576,736.1156,13.5339,294.3628
010203,-5.6706,-78.4263,ghsl_popw_centroid,0.5513,9.2010,719.8538,13.4774,316.8947
010204,-5.6233,-78.4765,ghsl_popw_centroid,0.2835,9.0415,712.7416,13.3178,309.2965
010205,-5.1172,-78.3138,ghsl_popw_centroid,2.0546,9.9973,791.6053,14.2736,282.0604
010206,-5.6074,-78.4407,ghsl_popw_centroid,0.0396,9.1678,718.4622,13.4441,310.5040
010301,-5.9269,-77.7991,ghsl_popw_centroid,16.7152,11.1328,824.4410,15.2301,384.9156
010302,-5.8866,-77.7937,ghsl_popw_centroid,16.2226,11.1922,844.6938,15.4685,382.2013
010303,-6.0128,-77.9541,ghsl_popw_centroid,0.3778,9.9311,791.3394,14.2074,379.9403
010304,-5.8233,-77.8261,ghsl_popw_centroid,8.9661,10.8293,837.4372,15.1056,374.7324
010305,-5.9213,-77.9500,ghsl_popw_centroid,1.2209,9.9080,786.9621,14.1843,372.7997
010306,-5.8218,-77.9598,ghsl_popw_centroid,0.3372,10.2268,815.1175,14.5031,364.0903
010307,-5.9424,-77.9834,ghsl_popw_centroid,0.2410,9.8082,781.9180,14.0845,371.9847
010308,-5.9208,-77.7882,ghsl_popw_centroid,18.0155,11.1978,825.7413,15.2951,385.2963
010309,-5.9699,-77.9460,ghsl_popw_centroid,2.7520,9.9976,789.5366,14.2739,377.0403
010310,-5.9047,-78.0090,ghsl_popw_centroid,1.4951,9.8066,778.0333,14.0829,366.9862
010311,-6.0532,-77.9123,ghsl_popw_centroid,0.5160,10.0438,799.4513,14.1410,386.3744
010312,-5.7173,-77.9099,ghsl_popw_centroid,0.3028,10.4971,836.8473,14.7734,359.8875
010401,-4.6630,-77.8961,ghsl_popw_centroid,2.3601,11.8121,908.6988,16.0884,293.1829
010402,-4.2625,-78.2597,ghsl_popw_centroid,50.6295,13.6482,937.9560,17.9245,238.2577
010403,-4.0401,-77.7615,ghsl_popw_centroid,55.2651,15.1185,974.6891,19.3948,284.1061
010501,-6.1367,-77.9539,ghsl_popw_centroid,0.0617,10.6912,837.4906,14.2804,390.2419
010502,-6.1905,-78.3287,ghsl_popw_centroid,0.0127,10.3613,805.0565,14.6376,369.2509
010503,-6.6216,-78.0216,ghsl_popw_centroid,16.2339,12.2197,907.7430,14.5042,427.9824
010504,-6.3023,-77.9683,ghsl_popw_centroid,0.0637,10.6697,842.7064,13.9235,403.3085
010505,-6.0982,-78.1705,ghsl_popw_centroid,16.3154,11.3882,836.1465,15.6645,371.6102
010506,-6.2398,-77.9911,ghsl_popw_centroid,5.1016,10.8771,840.1031,14.4662,396.3347
010507,-6.3998,-77.9845,ghsl_popw_centroid,0.2971,11.0026,861.6917,13.9996,410.6704
010508,-6.1967,-78.0097,ghsl_popw_centroid,0.7052,10.8480,844.2924,14.4372,391.3311
010509,-6.1651,-77.9755,ghsl_popw_centroid,0.9310,10.8245,842.9430,14.4136,391.0763
010510,-6.1358,-78.0436,ghsl_popw_centroid,3.0326,11.1455,854.7696,14.7347,383.7296
010511,-6.4431,-77.9555,ghsl_popw_centroid,0.7136,11.2456,872.1054,14.2426,416.4376
010512,-6.2358,-78.2528,ghsl_popw_centroid,0.1802,10.7889,833.1389,15.0652,378.2456
010513,-6.3383,-78.1614,ghsl_popw_centroid,9.6164,11.6193,858.3803,15.8956,393.4099
010514,-6.4663,-78.0995,ghsl_popw_centroid,11.7782,11.7379,878.5161,14.7349,408.9384
010515,-6.3083,-78.2664,ghsl_popw_centroid,1.9490,11.1735,848.2346,15.4498,383.9182
010516,-6.0935,-77.9570,ghsl_popw_centroid,4.0049,10.9228,842.2962,14.5120,386.4036
010517,-6.6780,-77.8223,ghsl_popw_centroid,2.3934,11.4797,897.1845,13.2578,446.1063
010518,-5.9859,-78.0519,ghsl_popw_centroid,7.4288,10.0103,776.5272,14.2866,370.4892
010519,-6.4908,-77.8812,ghsl_popw_centroid,2.4241,10.9059,863.1800,13.4417,425.6797
010520,-6.0512,-78.1260,ghsl_popw_centroid,14.3614,10.2664,776.2142,14.5427,370.6699
010521,-6.5643,-77.8669,ghsl_popw_centroid,0.1748,11.0733,877.9241,13.3578,433.0849
010522,-6.3850,-77.9262,ghsl_popw_centroid,0.2109,10.8053,851.7476,13.8023,413.3835
010523,-6.1502,-78.0132,ghsl_popw_centroid,1.1434,10.9329,847.5588,14.5221,387.1171
010601,-6.3955,-77.4820,ghsl_popw_centroid,0.3728,11.4660,907.8491,14.9704,446.6642
010602,-6.5335,-77.3921,ghsl_popw_centroid,3.6413,12.0151,934.7024,15.5195,464.6332
010603,-6.4041,-77.5795,ghsl_popw_centroid,0.3491,11.6173,912.5548,15.1216,439.9950
010604,-6.4304,-77.5325,ghsl_popw_centroid,0.2298,11.6724,917.1958,15.1768,445.6663
010605,-6.4971,-77.5591,ghsl_popw_centroid,5.5003,12.0436,927.3105,15.5480,449.1659
010606,-6.3825,-77.5336,ghsl_popw_centroid,0.1643,11.4513,905.3173,14.9557,441.6913
010607,-6.3714,-77.5088,ghsl_popw_centroid,0.4066,11.4088,903.1698,14.9132,442.6809
010608,-6.4992,-77.4281,ghsl_popw_centroid,0.1129,11.7540,927.3648,15.2584,459.1301
010609,-6.4557,-77.3801,ghsl_popw_centroid,1.7410,11.7344,925.2151,15.2388,459.2961
010610,-6.4505,-77.4629,ghsl_popw_centroid,0.1721,11.6885,917.9920,15.1929,452.5521
010611,-6.5015,-77.4578,ghsl_popw_centroid,0.9356,11.8723,925.3098,15.3767,457.0757
010612,-6.2412,-77.2297,ghsl_popw_centroid,12.6828,13.0701,1003.7814,14.0246,454.6549
010701,-5.7738,-78.4399,ghsl_popw_centroid,1.0217,8.9905,711.2569,13.2668,324.8313
010702,-5.7525,-78.3128,ghsl_popw_centroid,5.3545,9.3139,727.0393,13.5902,331.9643
010703,-5.9332,-78.6015,ghsl_popw_centroid,4.8345,9.3097,718.7088,13.5860,328.5374
010704,-5.6689,-78.5976,ghsl_popw_centroid,0.9671,8.7360,693.9690,13.0123,304.9104
010705,-5.9146,-78.2236,ghsl_popw_centroid,4.1393,9.5213,747.2738,13.7976,352.0927
010706,-6.0561,-78.4258,ghsl_popw_centroid,0.3196,9.6656,754.3926,13.9419,350.8502
010707,-6.0048,-78.5011,ghsl_popw_centroid,0.8789,9.7043,751.8378,13.9806,341.3888
020101,-9.5387,-77.5250,ghsl_popw_centroid,0.0129,13.4133,1032.0488,4.7218,737.8576
020102,-9.4714,-77.8561,ghsl_popw_centroid,0.5859,12.9359,994.5766,5.4204,716.7091
020103,-9.5748,-77.8300,ghsl_popw_centroid,2.8278,12.5812,978.2505,5.0658,728.4461
020104,-9.7423,-77.8467,ghsl_popw_centroid,0.2611,13.4574,1029.3660,4.5338,745.1120
020105,-9.5125,-77.5310,ghsl_popw_centroid,0.0543,13.3637,1028.8465,4.7499,734.9324
020106,-9.4152,-77.5795,ghsl_popw_centroid,0.0777,13.2825,1018.8197,5.0495,722.8821
020107,-9.6338,-77.7489,ghsl_popw_centroid,0.1084,13.2133,1012.2880,5.6801,737.8611
020108,-9.6483,-77.4657,ghsl_popw_centroid,0.8262,13.8343,1051.4962,4.7776,751.6418
020109,-9.6356,-77.8476,ghsl_popw_centroid,0.4920,12.9134,993.7585,5.3980,734.0207
020110,-9.5456,-77.8584,ghsl_popw_centroid,0.1362,12.4124,973.1643,4.8970,724.2775
020111,-9.5613,-77.7024,ghsl_popw_centroid,0.0568,12.8641,1004.9818,5.3487,732.3711
020112,-9.4032,-77.5550,ghsl_popw_centroid,1.1919,13.2862,1017.4937,4.9861,722.7813
020201,-9.7794,-77.6045,ghsl_popw_centroid,0.1098,13.8359,1066.0081,4.5626,758.8870
020202,-9.8116,-77.7720,ghsl_popw_centroid,4.4283,13.9112,1070.9459,4.6378,755.2657
020203,-9.7970,-77.6755,ghsl_popw_centroid,0.0233,13.7307,1075.2125,4.4574,757.7032
020204,-9.7316,-77.6177,ghsl_popw_centroid,0.2390,13.9828,1058.1727,4.7094,753.4283
020205,-9.8225,-77.6558,ghsl_popw_centroid,0.1114,13.7007,1076.4770,4.4274,761.1463
020301,-9.0964,-77.0155,ghsl_popw_centroid,0.0163,16.2943,1188.0343,6.7296,719.6694
020302,-9.2075,-77.0050,ghsl_popw_centroid,1.8845,15.9900,1205.0770,6.4253,730.9549
020303,-9.0517,-77.0667,ghsl_popw_centroid,1.0139,16.2494,1176.6570,6.9748,712.5545
020304,-9.1289,-76.9965,ghsl_popw_centroid,0.0287,16.1768,1194.6956,6.6122,723.8421
020305,-9.0787,-77.1092,ghsl_popw_centroid,0.5162,15.9719,1164.5421,7.1266,712.8537
020306,-9.2057,-77.0188,ghsl_popw_centroid,2.2250,16.1581,1214.5969,6.5935,730.0320
020401,-9.1613,-77.3750,ghsl_popw_centroid,0.0543,14.0460,1066.4276,6.2165,707.1524
020402,-9.0933,-77.3865,ghsl_popw_centroid,0.6457,14.4205,1077.2478,6.6702,699.8450
020501,-10.1500,-77.1572,ghsl_popw_centroid,0.0112,14.9482,1138.4639,4.2831,816.4486
020502,-10.3010,-77.1470,ghsl_popw_centroid,0.1025,15.2904,1168.6147,4.5321,832.1580
020503,-10.1793,-77.4808,ghsl_popw_centroid,2.2368,14.5572,1149.3507,3.3535,805.1333
020504,-10.0143,-77.1258,ghsl_popw_centroid,0.7710,14.7944,1138.3972,4.1293,804.2847
020505,-10.1600,-77.4107,ghsl_popw_centroid,1.5300,14.6416,1139.3739,3.4379,806.1383
020506,-10.3382,-77.1720,ghsl_popw_centroid,0.1003,15.2447,1165.6737,4.3735,834.7912
020507,-10.2971,-77.5918,ghsl_popw_centroid,0.8882,14.0768,1129.0056,2.8730,812.7262
020508,-9.8964,-76.9462,ghsl_popw_centroid,0.1336,15.4665,1152.9859,4.8280,801.3457
020509,-10.1296,-77.1182,ghsl_popw_centroid,3.1621,15.3412,1149.6035,4.6761,816.2126
020510,-10.2489,-77.4663,ghsl_popw_centroid,0.2269,14.5688,1150.3337,3.3650,812.8896
020511,-10.3254,-77.1226,ghsl_popw_centroid,0.9051,16.0391,1223.6143,4.7687,835.7371
020512,-10.3659,-77.1168,ghsl_popw_centroid,0.3877,15.7696,1214.3036,4.4992,840.0948
020513,-10.2137,-77.0345,ghsl_popw_centroid,1.5971,15.8194,1167.3920,5.1542,828.5980
020514,-10.3001,-77.1936,ghsl_popw_centroid,0.3542,14.9907,1152.1275,4.2633,829.9577
020515,-10.2455,-77.1877,ghsl_popw_centroid,0.8147,14.7917,1137.0460,4.0704,824.6945
020601,-9.2825,-77.6371,ghsl_popw_centroid,0.0662,12.9962,998.8509,5.1623,706.8335
020602,-9.2936,-77.6204,ghsl_popw_centroid,0.0119,13.0167,1001.0607,5.1223,708.7151
020603,-9.2255,-77.6427,ghsl_popw_centroid,0.1753,13.1840,1003.3853,5.3545,700.8097
020604,-9.3507,-77.6118,ghsl_popw_centroid,0.5122,13.2419,1012.9739,5.1326,714.8870
020605,-9.2631,-77.7039,ghsl_popw_centroid,0.7523,13.0239,997.7016,5.3090,701.8676
020606,-9.3238,-77.5747,ghsl_popw_centroid,0.3535,13.1504,1008.7763,5.1428,713.8559
020607,-9.3618,-77.5764,ghsl_popw_centroid,0.2528,13.1910,1011.2985,5.0429,717.6184
020608,-9.3617,-77.5404,ghsl_popw_centroid,0.0170,13.3315,1017.0892,5.2646,719.2601
020609,-9.2231,-77.6195,ghsl_popw_centroid,0.2214,13.1472,1005.1122,5.3177,701.6288
020610,-9.2656,-77.6697,ghsl_popw_centroid,0.1158,13.0977,998.5246,5.2682,703.6499
020611,-9.3841,-77.5995,ghsl_popw_centroid,0.0218,13.1752,1012.6598,5.0090,718.8271
020701,-9.0837,-77.3243,ghsl_popw_centroid,0.0190,14.3692,1088.9309,6.5690,702.0446
020702,-9.0008,-77.1771,ghsl_popw_centroid,0.2445,16.1039,1162.3657,8.4166,701.6491
020703,-8.9965,-77.2812,ghsl_popw_centroid,0.3968,15.0435,1116.6976,7.3563,695.7158
020801,-9.4785,-78.2940,ghsl_popw_centroid,0.0220,11.5133,910.3738,4.0594,700.9831
020802,-9.4020,-78.1765,ghsl_popw_centroid,0.9674,11.8689,928.9930,4.3535,697.0833
020803,-9.4149,-78.3887,ghsl_popw_centroid,2.1217,11.4708,900.8740,4.3093,691.0668
020804,-9.5100,-78.0260,ghsl_popw_centroid,0.5910,12.0612,947.5137,4.5458,713.9932
020901,-8.5694,-77.9007,ghsl_popw_centroid,0.0154,12.6465,952.6265,7.2221,622.6876
020902,-8.5258,-77.8805,ghsl_popw_centroid,0.0124,13.0427,969.7485,7.6183,619.2395
020903,-8.5955,-78.0150,ghsl_popw_centroid,0.3608,12.5939,941.2953,7.1695,620.1560
020904,-8.5532,-77.7901,ghsl_popw_centroid,0.1632,12.8347,975.6077,7.4103,626.2887
020905,-8.6660,-77.8998,ghsl_popw_centroid,0.2271,12.0259,920.8667,6.6015,632.4867
020906,-8.6238,-77.8772,ghsl_popw_centroid,0.2241,12.2488,931.2490,6.8243,629.2621
020907,-8.6161,-77.9648,ghsl_popw_centroid,0.0679,12.6645,955.8219,7.2401,624.4880
021001,-9.3354,-77.1758,ghsl_popw_centroid,0.1929,15.2312,1145.8871,5.8458,734.4033
021002,-9.2404,-76.9334,ghsl_popw_centroid,0.1172,15.8494,1199.4083,6.2847,738.0422
021003,-9.2929,-77.1439,ghsl_popw_centroid,0.7164,15.3804,1149.9564,6.0641,731.8788
021004,-9.5826,-77.1839,ghsl_popw_centroid,0.4841,14.8595,1129.5626,5.2948,758.4157
021005,-9.3027,-76.9442,ghsl_popw_centroid,0.7483,15.8075,1194.8955,6.2428,743.4561
021006,-9.1848,-76.7925,ghsl_popw_centroid,0.1515,16.6930,1238.5996,7.1283,740.6299
021007,-9.4062,-77.0926,ghsl_popw_centroid,0.6107,15.5985,1168.3736,6.0338,745.6411
021008,-9.4596,-77.1736,ghsl_popw_centroid,0.1520,15.2601,1151.6424,5.6954,746.7536
021009,-9.3511,-77.0854,ghsl_popw_centroid,0.9673,15.3718,1164.0953,5.8071,740.6230
021010,-9.1501,-76.8924,ghsl_popw_centroid,0.5680,16.1869,1213.4509,6.6223,731.6641
021011,-9.3322,-76.9997,ghsl_popw_centroid,0.1625,15.7758,1182.0172,6.2111,743.3166
021012,-9.3569,-77.0717,ghsl_popw_centroid,0.0675,15.3401,1164.1228,5.7754,741.9072
021013,-9.2197,-76.7646,ghsl_popw_centroid,0.6805,16.9031,1243.9600,7.3385,745.5378
021014,-9.5578,-77.1241,ghsl_popw_centroid,1.8372,15.1803,1147.2902,5.6156,758.9463
021015,-9.4621,-77.0048,ghsl_popw_centroid,1.5404,15.7679,1182.8711,5.7548,755.6904
021016,-9.1915,-76.9387,ghsl_popw_centroid,0.0921,16.0511,1202.8374,6.4864,733.0488
021101,-10.1160,-78.1093,ghsl_popw_centroid,2.1378,12.6159,1000.6079,3.1660,774.6503
021102,-9.9945,-77.6913,ghsl_popw_centroid,2.6761,13.6525,1057.6759,4.3791,777.4283
021103,-9.9148,-78.1740,ghsl_popw_centroid,0.1265,12.3760,980.8740,3.4731,751.1836
021104,-9.9036,-77.7605,ghsl_popw_centroid,1.6975,13.3617,1052.0893,4.0883,765.2498
021105,-9.9388,-77.7054,ghsl_popw_centroid,0.4266,13.5386,1055.3663,4.2653,771.1012
021201,-9.0424,-77.8058,ghsl_popw_centroid,0.1772,12.5562,962.1474,5.6458,674.8992
021202,-8.7639,-77.9170,ghsl_popw_centroid,1.9723,11.9085,908.6277,6.3780,641.6377
021203,-9.0186,-77.8643,ghsl_popw_centroid,0.1133,12.5900,962.4496,5.8762,669.8986
021204,-8.8719,-77.8948,ghsl_popw_centroid,0.0244,12.5257,951.6032,6.0240,653.6081
021205,-8.9579,-77.8636,ghsl_popw_centroid,1.6278,12.4957,952.2698,5.8684,663.7420
021206,-9.1421,-77.9681,ghsl_popw_centroid,0.9700,12.6054,959.0021,5.9706,678.1545
021207,-9.1390,-77.8081,ghsl_popw_centroid,0.0973,12.8389,978.3232,5.7748,684.6364
021208,-8.9451,-77.7973,ghsl_popw_centroid,0.6708,12.6029,955.8544,6.1721,665.4020
021209,-8.8591,-77.9174,ghsl_popw_centroid,0.2383,12.6137,955.3963,6.1119,651.3083
021210,-8.7538,-77.8426,ghsl_popw_centroid,2.6382,12.2697,924.4725,6.5946,643.9804
021301,-8.8717,-77.3614,ghsl_popw_centroid,0.0231,14.3597,1079.8399,7.3080,679.3192
021302,-8.8398,-77.4094,ghsl_popw_centroid,0.3636,14.1901,1067.1373,7.5116,673.7014
021303,-8.8914,-77.2279,ghsl_popw_centroid,5.2094,15.9328,1150.5697,8.2455,688.3096
021304,-8.7891,-77.2840,ghsl_popw_centroid,9.1197,15.0001,1093.6111,8.0439,675.3732
021305,-8.9132,-77.3068,ghsl_popw_centroid,0.3220,14.7967,1101.5515,7.5516,686.2342
021306,-8.9765,-77.4434,ghsl_popw_centroid,0.3220,14.2432,1067.3646,6.9684,685.4373
021307,-8.9195,-77.4277,ghsl_popw_centroid,1.7707,14.6182,1080.7675,7.3932,680.6019
021308,-8.9024,-77.3470,ghsl_popw_centroid,0.1143,14.5184,1089.2884,7.2734,683.0748
021401,-10.4037,-77.4004,ghsl_popw_centroid,0.1116,14.7303,1162.9059,3.4599,831.5511
021402,-10.5314,-77.3619,ghsl_popw_centroid,6.5404,14.5609,1143.6902,3.2905,846.2821
021403,-10.3543,-77.1990,ghsl_popw_centroid,0.0264,15.1882,1166.6877,4.0355,835.2141
021404,-10.5028,-77.2474,ghsl_popw_centroid,0.0568,14.7470,1165.2519,3.4766,848.2113
021405,-10.6558,-77.5109,ghsl_popw_centroid,2.0988,14.0319,1117.9102,2.7615,853.1089
021406,-10.3338,-77.4493,ghsl_popw_centroid,0.1489,14.9183,1166.2563,3.6479,822.3259
021407,-10.3881,-77.1980,ghsl_popw_centroid,0.3017,15.4496,1186.3580,4.1792,838.6915
021408,-10.4019,-77.2128,ghsl_popw_centroid,0.8058,15.3664,1180.3204,4.0960,839.4386
021409,-10.4300,-77.5306,ghsl_popw_centroid,2.3521,14.4550,1136.9286,3.1846,828.9286
021410,-10.4450,-77.3751,ghsl_popw_centroid,1.1071,14.8400,1174.1193,3.5697,836.8532
021501,-8.3915,-78.0146,ghsl_popw_centroid,0.2376,12.3765,944.2101,6.9521,599.4781
021502,-8.3479,-78.0389,ghsl_popw_centroid,1.0822,12.3959,934.4896,6.9715,593.9573
021503,-8.2546,-77.7908,ghsl_popw_centroid,0.2223,12.8623,983.4906,7.6473,596.5886
021504,-8.3069,-78.0009,ghsl_popw_centroid,0.2516,12.3529,937.7337,6.9285,591.5765
021505,-8.3305,-77.9751,ghsl_popw_centroid,0.0173,12.4754,948.4357,7.0510,595.1593
021506,-8.2604,-77.8811,ghsl_popw_centroid,0.1405,12.5755,970.7664,7.3605,592.6608
021507,-8.5135,-78.0415,ghsl_popw_centroid,0.0176,12.2751,930.0213,6.8507,610.6371
021508,-8.2497,-77.9913,ghsl_popw_centroid,0.1507,12.3142,938.2859,6.8898,586.2775
021509,-8.1592,-77.8087,ghsl_popw_centroid,0.6479,12.5876,964.2309,7.7019,586.2718
021510,-8.5274,-78.0685,ghsl_popw_centroid,0.0319,11.9181,910.3746,6.4937,610.8610
021511,-8.4510,-78.0375,ghsl_popw_centroid,0.7725,12.2207,937.1286,6.7963,604.4657
021601,-8.8139,-77.4679,ghsl_popw_centroid,0.0249,14.0148,1055.2678,7.7254,668.1504
021602,-8.8754,-77.4331,ghsl_popw_centroid,1.3156,14.2306,1063.8936,7.7353,675.9825
021603,-8.6277,-77.3977,ghsl_popw_centroid,8.1152,13.8470,1029.9592,8.4226,653.6089
021604,-8.7021,-77.3787,ghsl_popw_centroid,13.6267,14.3875,1048.0530,8.8437,661.8556
021701,-9.7108,-77.4624,ghsl_popw_centroid,0.1739,13.6867,1054.8437,4.4200,758.1232
021702,-9.8627,-77.3946,ghsl_popw_centroid,0.1107,13.9816,1075.1619,4.2579,776.5747
021703,-9.9896,-77.5861,ghsl_popw_centroid,0.0069,14.7694,1110.4360,4.3253,781.2343
021704,-10.0761,-77.5314,ghsl_popw_centroid,0.7718,14.9374,1176.6156,3.7336,792.4112
021705,-10.1093,-77.5973,ghsl_popw_centroid,0.2169,14.5199,1155.1488,3.3161,793.0988
021706,-10.1078,-77.4806,ghsl_popw_centroid,0.0092,14.6068,1162.6914,3.4030,797.8070
021707,-10.1249,-77.3891,ghsl_popw_centroid,1.1622,14.6613,1135.9580,3.4576,803.4883
021708,-10.0655,-77.6558,ghsl_popw_centroid,0.5327,14.9787,1135.7738,3.7749,786.1997
021709,-10.0165,-77.5824,ghsl_popw_centroid,0.0381,14.9986,1124.8626,4.1078,784.1548
021710,-9.7600,-77.4406,ghsl_popw_centroid,0.2102,13.7695,1061.1090,4.3447,764.0926
021801,-9.0653,-78.5774,ghsl_popw_centroid,0.0375,10.8118,851.8646,4.8297,647.8123
021802,-8.9885,-78.1020,ghsl_popw_centroid,1.4473,12.1533,939.4343,5.5186,656.8419
021803,-9.0229,-78.6162,ghsl_popw_centroid,0.0093,10.6869,844.5332,4.8854,642.0737
021804,-8.7702,-78.1015,ghsl_popw_centroid,1.0205,12.1033,905.6968,6.6789,634.3286
021805,-9.1380,-78.1678,ghsl_popw_centroid,0.3626,11.6315,913.3303,4.9967,669.7997
021806,-9.1579,-78.3070,ghsl_popw_centroid,0.3618,11.3854,896.6135,4.7507,666.7394
021807,-9.2640,-78.4767,ghsl_popw_centroid,0.0867,11.1706,882.2654,4.5362,672.1717
021808,-8.9897,-78.6145,ghsl_popw_centroid,0.0309,10.6553,840.9415,4.9467,638.5891
021809,-9.1253,-78.5175,ghsl_popw_centroid,0.0254,10.9347,861.9054,4.6983,656.1143
021901,-8.5528,-77.6302,ghsl_popw_centroid,0.0845,13.1155,995.7338,7.6911,634.1572
021902,-8.3137,-77.5618,ghsl_popw_centroid,0.9341,14.1239,1034.2802,8.9089,614.3252
021903,-8.4552,-77.4383,ghsl_popw_centroid,6.0750,14.0594,1052.9837,8.6350,634.7038
021904,-8.5845,-77.6431,ghsl_popw_centroid,1.0730,13.0688,993.1738,7.6444,636.6379
021905,-8.3635,-77.6187,ghsl_popw_centroid,0.1815,13.7704,1017.0637,8.5555,616.1563
021906,-8.5316,-77.5321,ghsl_popw_centroid,0.0255,13.6271,1034.1870,8.2027,637.1285
021907,-8.3996,-77.5062,ghsl_popw_centroid,1.8955,14.0161,1062.0545,8.5916,625.6479
021908,-8.5035,-77.6709,ghsl_popw_centroid,0.6507,13.2767,1001.4391,7.8523,627.2311
021909,-8.6610,-77.6018,ghsl_popw_centroid,0.0609,13.2422,1016.3604,7.8178,646.2790
021910,-8.6280,-77.5481,ghsl_popw_centroid,0.2176,13.5819,1022.5530,8.1575,645.7526
022001,-9.1333,-77.7325,ghsl_popw_centroid,0.2901,12.8745,982.1695,5.5997,687.4062
022002,-9.2583,-77.7694,ghsl_popw_centroid,1.9316,13.3531,1008.6810,5.7730,698.4976
022003,-9.1983,-77.6702,ghsl_popw_centroid,0.4028,13.0664,994.9859,5.5959,696.8064
022004,-9.1855,-77.7485,ghsl_popw_centroid,0.3405,12.8406,983.4109,5.4974,691.9964
022005,-9.3231,-77.9643,ghsl_popw_centroid,1.6468,12.6471,963.1592,5.1316,696.9988
022006,-9.1668,-77.7008,ghsl_popw_centroid,0.1885,12.8973,985.5870,5.4953,692.2305
022007,-9.2785,-77.7508,ghsl_popw_centroid,0.8441,13.3327,1009.1242,5.7526,701.3697
022008,-9.0228,-77.4413,ghsl_popw_centroid,1.5302,13.9677,1057.7273,6.6929,690.1256
030101,-13.6356,-72.8857,ghsl_popw_centroid,0.0248,26.7221,2136.7372,11.1594,1389.1737
030102,-13.9339,-73.0031,ghsl_popw_centroid,5.2806,26.5825,2122.7590,11.0198,1408.7083
030103,-13.8936,-72.9316,ghsl_popw_centroid,0.9253,26.4822,2126.8207,10.9195,1409.5080
030104,-13.5558,-72.6993,ghsl_popw_centroid,0.1665,27.6697,2204.1689,12.1071,1394.1279
030105,-13.4861,-72.9630,ghsl_popw_centroid,1.3183,27.5758,2193.4228,12.0131,1370.8336
030106,-13.8216,-72.8100,ghsl_popw_centroid,0.6307,26.8717,2155.0979,11.3090,1410.6913
030107,-13.7950,-73.0066,ghsl_popw_centroid,3.0304,27.0340,2129.4989,11.4714,1395.8802
030108,-13.5153,-72.8198,ghsl_popw_centroid,0.0681,27.5918,2192.4966,12.0292,1382.6831
030109,-13.6206,-72.8722,ghsl_popw_centroid,0.0435,26.7586,2139.4343,11.1959,1388.6957
030201,-13.6671,-73.3910,ghsl_popw_centroid,0.0853,25.3002,2015.5161,9.7375,1360.4734
030202,-13.5201,-73.3700,ghsl_popw_centroid,0.3676,26.1669,2055.7191,10.6042,1348.2927
030203,-13.8910,-73.6385,ghsl_popw_centroid,3.1332,25.9577,2043.2791,10.3951,1366.4728
030204,-13.6568,-73.0628,ghsl_popw_centroid,0.1696,26.4150,2088.1684,10.8524,1379.8454
030205,-13.7577,-73.5398,ghsl_popw_centroid,0.7635,25.3058,2004.6442,9.7431,1359.8768
030206,-14.0148,-73.5676,ghsl_popw_centroid,0.6552,25.8345,2079.3657,10.2718,1382.1899
030207,-13.6541,-73.1526,ghsl_popw_centroid,2.6931,25.8947,2053.6658,10.3320,1373.9769
030208,-13.5880,-73.1147,ghsl_popw_centroid,2.2603,26.5687,2087.4618,11.0060,1370.3601
030209,-13.6033,-73.3124,ghsl_popw_centroid,0.3812,25.5462,2033.3392,9.9835,1359.4430
030210,-14.2278,-73.5113,ghsl_popw_centroid,0.1534,24.9126,2023.9770,9.3499,1405.4183
030211,-14.0909,-73.5739,ghsl_popw_centroid,0.1130,25.3185,2045.0207,9.7558,1388.9516
030212,-13.7899,-73.6373,ghsl_popw_centroid,0.5620,25.5536,2021.4167,9.9909,1357.1009
030213,-13.6577,-73.3406,ghsl_popw_centroid,0.2858,25.3909,2020.8686,9.8282,1362.6877
030214,-13.9629,-73.6061,ghsl_popw_centroid,6.7513,26.1362,2079.6168,10.5735,1375.0893
030215,-13.6680,-73.5379,ghsl_popw_centroid,1.2743,25.0560,1994.4196,9.4933,1351.6813
030216,-13.6514,-73.4369,ghsl_popw_centroid,0.0508,25.2474,2009.3306,9.6847,1356.2408
030217,-14.0247,-73.4942,ghsl_popw_centroid,2.4400,25.3648,2053.7843,9.8021,1387.4099
030218,-13.7775,-73.4809,ghsl_popw_centroid,0.2810,25.4595,2012.7609,9.8969,1365.2279
030219,-13.5332,-73.2858,ghsl_popw_centroid,0.0787,25.9470,2051.6083,10.3844,1354.6964
030220,-13.7448,-73.3549,ghsl_popw_centroid,0.4516,25.5602,2028.7352,9.9975,1369.8095
030301,-14.3895,-72.8493,ghsl_popw_centroid,0.9068,26.5665,2138.7686,11.0038,1459.7682
030302,-14.2075,-73.0621,ghsl_popw_centroid,0.1402,26.5566,2123.2223,10.9939,1430.1207
030303,-14.3407,-72.8520,ghsl_popw_centroid,3.5143,26.6987,2139.1224,11.1360,1455.1359
030304,-14.4786,-72.9219,ghsl_popw_centroid,2.0705,26.2610,2110.6042,10.6983,1463.5487
030305,-14.3795,-72.5564,ghsl_popw_centroid,2.7870,28.0929,2206.5809,12.5302,1476.9889
030306,-14.2302,-73.0162,ghsl_popw_centroid,0.5319,26.9247,2139.2658,11.3620,1434.9915
030307,-14.3130,-72.9519,ghsl_popw_centroid,0.4689,26.8876,2146.7827,11.3249,1446.5023
030401,-14.2950,-73.2479,ghsl_popw_centroid,0.0060,25.2075,2048.5904,9.6448,1427.0930
030402,-14.1241,-73.3312,ghsl_popw_centroid,0.1101,25.8441,2085.5975,10.2814,1406.2813
030403,-14.4039,-73.1438,ghsl_popw_centroid,1.3289,25.2046,2042.3826,9.6419,1443.3726
030404,-13.9965,-73.1198,ghsl_popw_centroid,1.5126,26.4819,2116.8432,10.9192,1407.2380
030405,-14.0103,-73.2353,ghsl_popw_centroid,1.0899,25.9832,2098.4814,10.4205,1401.4915
030406,-14.5603,-73.2902,ghsl_popw_centroid,0.8694,24.7044,2003.5517,9.1417,1449.3951
030407,-14.1129,-73.2622,ghsl_popw_centroid,2.1713,25.8262,2082.8021,10.2635,1409.3515
030408,-14.1289,-73.1794,ghsl_popw_centroid,0.1432,26.3533,2122.0707,10.7906,1415.7970
030409,-13.9467,-73.2368,ghsl_popw_centroid,0.1076,26.1757,2079.3095,10.6130,1395.5445
030410,-14.2138,-73.0950,ghsl_popw_centroid,0.5159,26.6209,2117.1072,11.0582,1428.7115
030411,-13.9243,-73.1829,ghsl_popw_centroid,0.0106,26.1939,2090.3483,10.6312,1396.7656
030412,-14.2133,-73.3392,ghsl_popw_centroid,0.4974,25.4169,2058.0516,9.8542,1414.1036
030413,-14.1651,-73.3012,ghsl_popw_centroid,0.3049,25.7200,2080.3556,10.1573,1411.8679
030414,-14.1290,-73.1450,ghsl_popw_centroid,0.9203,26.1972,2115.6069,10.6346,1417.8807
030415,-13.9357,-73.1575,ghsl_popw_centroid,1.9288,26.1600,2086.5128,10.5973,1399.3622
030416,-14.0436,-73.2931,ghsl_popw_centroid,0.0985,25.8245,2090.7412,10.2618,1401.0911
030417,-14.2178,-73.1539,ghsl_popw_centroid,0.1566,26.2900,2096.5568,10.7274,1425.5364
030501,-13.9611,-72.1972,ghsl_popw_centroid,0.2587,29.6201,2321.7544,14.0574,1462.9221
030502,-13.7457,-72.3427,ghsl_popw_centroid,0.6936,29.1122,2303.2543,13.5495,1434.3768
030503,-13.9194,-72.4133,ghsl_popw_centroid,1.5222,29.0899,2291.6298,13.5272,1445.0094
030504,-14.2341,-72.1931,ghsl_popw_centroid,1.2770,28.8254,2263.9654,13.2627,1487.2380
030505,-14.0663,-72.1326,ghsl_popw_centroid,1.2014,29.4800,2294.9530,13.9173,1476.4326
030506,-14.1421,-72.2696,ghsl_popw_centroid,1.2434,29.1895,2285.6379,13.6268,1474.1032
030601,-13.5246,-73.7317,ghsl_popw_centroid,0.5343,24.2461,1939.1741,8.6834,1326.8239
030602,-13.5339,-73.6775,ghsl_popw_centroid,0.0264,24.3337,1945.9190,8.7710,1330.9122
030603,-13.6194,-73.7381,ghsl_popw_centroid,0.5812,26.1221,2051.0566,10.5594,1335.2702
030604,-13.3652,-73.6953,ghsl_popw_centroid,0.6576,25.1377,1979.0064,9.5750,1314.2342
030605,-13.5024,-73.5415,ghsl_popw_centroid,0.2966,25.6400,2004.5929,10.0773,1336.1828
030606,-13.3997,-73.6662,ghsl_popw_centroid,0.1614,25.2055,1974.4321,9.6428,1319.1738
030607,-13.6796,-73.6641,ghsl_popw_centroid,0.0198,25.3315,2016.3400,9.7688,1345.2443
030608,-13.5359,-73.5970,ghsl_popw_centroid,0.1527,24.6422,1958.7434,9.0795,1335.9198
030609,-13.4429,-73.6071,ghsl_popw_centroid,0.0111,25.3578,1985.6170,9.7951,1326.7285
030610,-13.4028,-73.5733,ghsl_popw_centroid,0.0685,25.7652,2002.8458,10.2025,1325.0893
030611,-13.4049,-73.8093,ghsl_popw_centroid,2.7239,24.0708,1916.0674,8.5081,1311.0921
030612,-13.4895,-73.8124,ghsl_popw_centroid,0.0501,23.9691,1919.1190,8.4064,1318.7827
030701,-14.1176,-72.7241,ghsl_popw_centroid,0.1349,27.6750,2184.8611,12.1124,1442.7904
030702,-14.0187,-72.6155,ghsl_popw_centroid,0.3480,27.9910,2213.8480,12.4283,1440.7762
030703,-13.8269,-72.5276,ghsl_popw_centroid,2.2070,28.2189,2239.8097,12.6562,1429.3553
030704,-13.9673,-72.4940,ghsl_popw_centroid,0.8026,28.8279,2275.4871,13.2652,1444.0046
030705,-14.2393,-72.5808,ghsl_popw_centroid,0.0321,28.4556,2229.2465,12.8929,1462.8009
030706,-14.1095,-72.6180,ghsl_popw_centroid,0.0085,28.0281,2210.9825,12.4654,1448.7650
030707,-14.1894,-72.6847,ghsl_popw_centroid,0.1858,28.4516,2224.5266,12.8889,1451.7539
030708,-14.1047,-72.4358,ghsl_popw_centroid,1.1089,28.8298,2266.0797,13.2671,1459.9980
030709,-14.1719,-72.6229,ghsl_popw_centroid,0.1772,28.3168,2227.1169,12.7542,1454.0689
030710,-14.1366,-72.6583,ghsl_popw_centroid,0.0802,28.2151,2212.2560,12.6524,1448.6515
030711,-14.2313,-72.6321,ghsl_popw_centroid,0.8781,28.5743,2231.6483,13.0117,1458.8452
030712,-14.0781,-72.6262,ghsl_popw_centroid,0.0239,27.9032,2200.9061,12.3405,1445.4228
030713,-14.2547,-72.6806,ghsl_popw_centroid,0.2015,28.7661,2240.0117,13.2034,1457.9181
030714,-14.0710,-72.5561,ghsl_popw_centroid,0.1463,28.3617,2231.5268,12.7991,1449.2582
040101,-16.4054,-71.5361,ghsl_popw_centroid,0.0493,27.9895,2266.5326,12.4268,1724.2358
040102,-16.3715,-71.5192,ghsl_popw_centroid,0.0612,28.0704,2269.9101,12.5077,1722.1539
040103,-16.3490,-71.5446,ghsl_popw_centroid,0.0193,28.0789,2268.8935,12.5162,1718.5557
040104,-16.3521,-71.5780,ghsl_popw_centroid,0.2080,28.0173,2267.6696,12.4547,1716.8197
040105,-16.4770,-71.4960,ghsl_popw_centroid,0.0483,28.1193,2276.2860,12.5566,1733.2197
040106,-16.4042,-71.3960,ghsl_popw_centroid,0.1713,28.2578,2285.3612,12.6951,1732.6367
040107,-16.4468,-71.5546,ghsl_popw_centroid,0.0445,28.0237,2267.4764,12.4610,1726.9177
040108,-16.5075,-71.8348,ghsl_popw_centroid,0.2733,27.4179,2220.9654,11.8552,1715.8810
040109,-16.4015,-71.5005,ghsl_popw_centroid,0.0211,28.0475,2270.5882,12.4848,1726.0325
040110,-16.3866,-71.5134,ghsl_popw_centroid,0.0294,28.0407,2269.7536,12.4781,1723.8873
040111,-16.4946,-71.4885,ghsl_popw_centroid,0.4297,28.1751,2279.0705,12.6124,1735.2857
040112,-16.4171,-71.4941,ghsl_popw_centroid,0.0152,28.0574,2271.4495,12.4947,1727.8479
040113,-16.5116,-71.3670,ghsl_popw_centroid,0.7881,28.6102,2299.3998,13.0475,1744.2029
040114,-16.5916,-71.3433,ghsl_popw_centroid,1.1595,28.6459,2303.9078,13.0833,1752.9513
040115,-16.5304,-71.4782,ghsl_popw_centroid,0.0546,28.2234,2282.7870,12.6607,1739.1897
040116,-16.4601,-71.5017,ghsl_popw_centroid,0.0150,28.1107,2273.9121,12.5480,1731.3265
040117,-16.4193,-71.5724,ghsl_popw_centroid,0.1826,27.9776,2264.1695,12.4149,1723.3219
040118,-16.3767,-72.1451,ghsl_popw_centroid,0.5363,26.9599,2182.4386,11.3972,1685.6676
040119,-16.2056,-71.0528,ghsl_popw_centroid,1.6242,29.2494,2358.9133,13.6867,1736.0539
040120,-16.2897,-72.0917,ghsl_popw_centroid,0.7232,27.0491,2185.7964,11.4864,1680.6191
040121,-16.4952,-72.0983,ghsl_popw_centroid,6.1800,27.5652,2203.0658,12.0025,1699.4592
040122,-16.4514,-71.5293,ghsl_popw_centroid,0.0373,28.0268,2270.0034,12.4641,1728.8636
040123,-16.4450,-71.5954,ghsl_popw_centroid,0.1266,27.9657,2263.1770,12.4030,1724.3009
040124,-16.4379,-71.6324,ghsl_popw_centroid,0.4237,27.9253,2255.0482,12.3626,1721.4311
040125,-16.5121,-71.9224,ghsl_popw_centroid,0.8660,27.6076,2228.3356,12.0449,1711.1951
040126,-16.3934,-71.5475,ghsl_popw_centroid,0.0240,27.9811,2265.5343,12.4184,1722.4474
040127,-16.5564,-71.5037,ghsl_popw_centroid,2.5996,28.3789,2287.4413,12.8162,1740.0425
040128,-16.2951,-71.6339,ghsl_popw_centroid,0.0527,28.0874,2273.6173,12.5247,1708.2189
040129,-16.4302,-71.5256,ghsl_popw_centroid,0.0250,27.9950,2268.1460,12.4323,1727.1429
040201,-16.6223,-72.7100,ghsl_popw_centroid,0.0363,25.8114,2094.3856,10.2487,1677.5594
040202,-16.5971,-72.7393,ghsl_popw_centroid,0.4133,25.7287,2087.1425,10.1660,1673.5664
040203,-15.9847,-73.1758,ghsl_popw_centroid,0.1563,26.1649,2076.9975,10.6023,1591.2954
040204,-16.5925,-72.7823,ghsl_popw_centroid,0.0843,25.6463,2081.3916,10.0836,1670.8232
040205,-16.5629,-72.6985,ghsl_popw_centroid,1.3155,25.8973,2094.6297,10.3346,1672.4777
040206,-16.4110,-73.1405,ghsl_popw_centroid,0.4357,25.3040,2033.4876,9.7413,1634.3994
040207,-16.7232,-72.3806,ghsl_popw_centroid,1.9613,26.4877,2143.2533,10.9250,1705.1261
040208,-16.6258,-72.6864,ghsl_popw_centroid,0.1380,25.8524,2096.4588,10.2897,1679.1640
040301,-15.7756,-73.3654,ghsl_popw_centroid,0.0706,25.2733,2035.2821,9.7107,1561.0480
040302,-15.3964,-74.6127,ghsl_popw_centroid,0.5540,22.6549,1827.5910,7.0922,1461.7403
040303,-16.1822,-73.6113,ghsl_popw_centroid,1.7832,24.3195,1969.1150,8.7568,1588.0286
040304,-15.7698,-74.3479,ghsl_popw_centroid,3.3737,23.0135,1859.4803,7.4508,1511.4617
040305,-15.4781,-74.6735,ghsl_popw_centroid,0.0953,22.4787,1817.4218,6.9160,1467.1524
040306,-15.4853,-73.5121,ghsl_popw_centroid,0.4892,24.6673,1999.3630,9.1047,1525.2225
040307,-15.8490,-74.2514,ghsl_popw_centroid,0.0347,23.0422,1873.0733,7.4795,1523.9086
040308,-15.7583,-73.9070,ghsl_popw_centroid,0.0462,23.6250,1920.2975,8.0624,1531.5912
040309,-15.6256,-74.0507,ghsl_popw_centroid,0.4593,23.7115,1908.9751,8.1488,1511.4000
040310,-15.4828,-74.4422,ghsl_popw_centroid,0.0785,22.8200,1852.1946,7.2573,1478.3540
040311,-15.5617,-74.8548,ghsl_popw_centroid,0.7362,22.0968,1795.1790,6.5341,1467.4577
040312,-15.5882,-73.7595,ghsl_popw_centroid,0.4595,24.0239,1950.9562,8.4613,1522.3372
040313,-15.6700,-74.5150,ghsl_popw_centroid,0.7782,22.4994,1828.2433,6.9367,1493.7036
040401,-16.0144,-72.4843,ghsl_popw_centroid,0.0318,27.2635,2179.3124,11.7008,1632.2441
040402,-15.4988,-72.3562,ghsl_popw_centroid,0.0241,29.2278,2281.2435,13.6652,1591.5995
040403,-15.6573,-72.2683,ghsl_popw_centroid,0.5156,29.7104,2313.8729,14.1477,1611.4859
040404,-15.2703,-72.1477,ghsl_popw_centroid,6.7306,29.5219,2284.9875,13.9592,1583.2257
040405,-15.2996,-72.3741,ghsl_popw_centroid,1.9138,28.8759,2256.1615,13.3132,1572.1472
040406,-15.4099,-72.0574,ghsl_popw_centroid,4.3692,30.1166,2321.8292,14.5539,1601.4964
040407,-16.0797,-72.4582,ghsl_popw_centroid,1.8112,27.3413,2177.3591,11.7786,1639.8750
040408,-15.6584,-72.4978,ghsl_popw_centroid,1.0736,28.4144,2252.7030,12.8517,1598.1003
040409,-15.2606,-72.3362,ghsl_popw_centroid,0.3093,28.5869,2244.0811,13.0242,1570.8468
040410,-15.7148,-72.5718,ghsl_popw_centroid,0.0210,28.2339,2242.7668,12.6712,1599.0955
040411,-15.7167,-72.5056,ghsl_popw_centroid,0.0854,27.9549,2227.5758,12.3922,1603.0952
040412,-15.7499,-72.4168,ghsl_popw_centroid,2.3666,28.3067,2235.6629,12.7440,1611.3538
040413,-16.2403,-72.4683,ghsl_popw_centroid,0.2120,26.8689,2151.3346,11.3062,1654.4506
040414,-15.6615,-72.5261,ghsl_popw_centroid,0.1258,28.2372,2247.2354,12.6745,1596.7463
040501,-15.6357,-71.6008,ghsl_popw_centroid,0.0358,29.8816,2366.7277,14.3189,1650.3148
040502,-15.6675,-71.7006,ghsl_popw_centroid,0.1578,29.7011,2371.5935,14.1384,1646.9451
040503,-15.6203,-71.9622,ghsl_popw_centroid,0.0478,29.1393,2334.0235,13.5766,1626.5238
040504,-15.5062,-71.2867,ghsl_popw_centroid,2.4837,30.5797,2392.2697,15.0171,1658.7964
040505,-15.1404,-71.7959,ghsl_popw_centroid,0.4500,29.3623,2282.9985,13.7997,1593.5094
040506,-15.6284,-71.6369,ghsl_popw_centroid,0.5917,30.1129,2374.3883,14.5502,1647.3916
040507,-15.7293,-72.1073,ghsl_popw_centroid,0.0054,28.4681,2286.8650,12.9054,1627.7394
040508,-16.0368,-71.8771,ghsl_popw_centroid,0.1505,29.1159,2295.6562,13.5532,1669.8561
040509,-15.6456,-71.6894,ghsl_popw_centroid,0.1843,29.8908,2377.0809,14.3281,1645.6621
040510,-15.6099,-71.7679,ghsl_popw_centroid,0.8209,29.7518,2367.1852,14.1891,1637.5464
040511,-16.0366,-71.9692,ghsl_popw_centroid,0.9758,28.4558,2265.0174,12.8932,1664.3307
040512,-15.6425,-71.7655,ghsl_popw_centroid,0.0077,29.5524,2362.6891,13.9898,1640.6498
040513,-15.6014,-71.8142,ghsl_popw_centroid,0.1012,29.8439,2372.6724,14.2812,1633.9050
040514,-15.8166,-71.0933,ghsl_popw_centroid,0.2416,29.5998,2378.6065,14.0372,1698.8102
040515,-15.4018,-71.5262,ghsl_popw_centroid,1.0857,29.8828,2323.1746,14.3201,1634.0885
040516,-15.5184,-71.9550,ghsl_popw_centroid,7.1769,30.1734,2360.9374,14.6107,1617.6730
040517,-15.2060,-71.3601,ghsl_popw_centroid,16.1687,31.5978,2351.3490,16.0351,1627.5088
040518,-15.5212,-71.5500,ghsl_popw_centroid,1.0615,30.1867,2353.3692,14.6240,1643.2408
040519,-15.6693,-71.6077,ghsl_popw_centroid,0.3756,29.9273,2358.3247,14.3647,1652.9091
040520,-16.3487,-72.2052,ghsl_popw_centroid,0.1257,26.8720,2173.2161,11.3093,1679.5943
040601,-15.8373,-72.6526,ghsl_popw_centroid,0.0192,27.8652,2199.8677,12.3025,1605.9990
040602,-15.8192,-72.8595,ghsl_popw_centroid,1.5702,27.8539,2172.5954,12.2912,1592.6696
040603,-14.8254,-72.1204,ghsl_popw_centroid,2.3642,28.8712,2248.7950,13.3085,1544.6531
040604,-15.5391,-72.9459,ghsl_popw_centroid,2.3005,29.9977,2263.5168,14.4350,1561.2734
040605,-15.8606,-72.6181,ghsl_popw_centroid,0.1924,27.7554,2207.9106,12.1928,1610.1527
040606,-15.9216,-73.1212,ghsl_popw_centroid,1.0779,26.3316,2096.3405,10.7689,1588.1423
040607,-15.4587,-72.7684,ghsl_popw_centroid,0.7066,28.9539,2250.1637,13.3912,1563.7662
040608,-15.7596,-72.9354,ghsl_popw_centroid,0.0492,27.3255,2144.8726,11.7628,1582.7913
040701,-16.9878,-71.9963,ghsl_popw_centroid,2.2357,27.3893,2211.2003,11.8266,1751.5930
040702,-17.0608,-71.7247,ghsl_popw_centroid,0.6696,27.8077,2249.6803,12.2451,1773.8718
040703,-17.1200,-71.8307,ghsl_popw_centroid,1.7813,27.6436,2234.3152,12.0809,1773.3932
040704,-16.9969,-72.0979,ghsl_popw_centroid,0.1161,27.0929,2195.0166,11.5302,1746.7708
040705,-17.0919,-71.9094,ghsl_popw_centroid,0.0584,27.4168,2222.0387,11.8541,1766.3036
040706,-17.1783,-71.7707,ghsl_popw_centroid,0.5441,27.7576,2248.2571,12.1950,1782.2766
040801,-15.2130,-72.8870,ghsl_popw_centroid,0.0231,27.7876,2216.4459,12.2249,1533.8868
040802,-15.1399,-72.7662,ghsl_popw_centroid,0.2100,27.5176,2197.5299,11.9549,1534.0752
040803,-15.2351,-73.0574,ghsl_popw_centroid,0.5412,28.0649,2189.9250,12.5022,1526.2334
040804,-15.0888,-72.8007,ghsl_popw_centroid,4.0749,27.6178,2195.2307,12.0551,1527.2928
040805,-15.0773,-72.9203,ghsl_popw_centroid,3.9928,27.5611,2177.0878,11.9984,1519.2481
040806,-14.9774,-72.6409,ghsl_popw_centroid,5.0231,27.7250,2166.9727,12.1623,1526.4314
040807,-15.2779,-73.0334,ghsl_popw_centroid,0.4514,28.4173,2232.3565,12.8546,1531.6347
040808,-15.3247,-73.2339,ghsl_popw_centroid,1.2916,27.9292,2182.0002,12.3665,1524.8662
040809,-15.3629,-73.2326,ghsl_popw_centroid,0.1742,28.1772,2193.5852,12.6145,1528.5802
040810,-15.1797,-72.8305,ghsl_popw_centroid,0.4075,27.6643,2206.8236,12.1016,1534.0382
040811,-15.3045,-72.9706,ghsl_popw_centroid,0.7152,28.7616,2268.4444,13.1989,1537.7064
050101,-13.1524,-74.2308,ghsl_popw_centroid,0.0156,22.3016,1799.0935,6.7389,1262.8073
050102,-13.2668,-74.0302,ghsl_popw_centroid,2.1858,23.0619,1838.4463,7.4992,1285.1941
050103,-13.1399,-74.0760,ghsl_popw_centroid,3.5471,23.2636,1807.5007,7.7340,1270.6474
050104,-13.1820,-74.2223,ghsl_popw_centroid,0.0599,22.3873,1800.0164,6.8247,1266.0837
050105,-13.3938,-74.1684,ghsl_popw_centroid,2.2954,23.2467,1829.3181,7.6840,1289.1509
050106,-13.4052,-73.9024,ghsl_popw_centroid,0.3866,23.5358,1883.7583,7.9731,1305.6213
050107,-13.0650,-74.2295,ghsl_popw_centroid,0.3613,22.3078,1780.0162,6.7782,1254.6673
050108,-13.0644,-74.1489,ghsl_popw_centroid,0.0038,22.5197,1785.7810,6.9901,1259.3132
050109,-13.1249,-74.3182,ghsl_popw_centroid,0.9426,22.6449,1823.2101,7.0822,1255.1967
050110,-13.1764,-74.2109,ghsl_popw_centroid,0.0160,22.4077,1798.5242,6.8450,1266.2136
050111,-13.0665,-74.3492,ghsl_popw_centroid,1.2032,22.8415,1806.9847,7.3119,1247.9092
050112,-13.2275,-74.2927,ghsl_popw_centroid,0.4985,22.0934,1800.7181,6.5307,1266.3485
050113,-13.1861,-74.1444,ghsl_popw_centroid,0.2250,22.5782,1806.1660,7.0155,1270.9750
050114,-13.3005,-74.3989,ghsl_popw_centroid,4.5069,21.9280,1775.4607,6.3653,1267.2929
050115,-13.1464,-74.2141,ghsl_popw_centroid,0.0153,22.3582,1796.4592,6.7955,1263.2069
050116,-13.1592,-74.2047,ghsl_popw_centroid,0.0324,22.4113,1796.1218,6.8486,1264.9538
050201,-13.6153,-74.1338,ghsl_popw_centroid,1.5507,23.9052,1902.8438,8.3425,1312.0883
050202,-13.5170,-74.3781,ghsl_popw_centroid,0.1811,22.3709,1802.3383,6.8082,1289.1181
050203,-13.5228,-74.2063,ghsl_popw_centroid,0.9615,22.8026,1825.0184,7.2399,1299.2270
050204,-13.5941,-74.2532,ghsl_popw_centroid,1.7308,23.0164,1843.2744,7.4537,1303.3921
050205,-13.4987,-74.6950,ghsl_popw_centroid,5.7512,21.8591,1762.9203,6.2964,1270.2577
050206,-13.5816,-74.4983,ghsl_popw_centroid,2.3431,22.3965,1807.5120,6.8338,1288.7743
050301,-13.9279,-74.3623,ghsl_popw_centroid,0.4141,22.4296,1808.8427,6.8670,1329.4891
050302,-13.8022,-74.3398,ghsl_popw_centroid,0.5140,22.7569,1820.4858,7.1942,1318.5792
050303,-13.9441,-74.2850,ghsl_popw_centroid,1.5391,22.7255,1819.5495,7.1628,1335.2008
050304,-13.8372,-74.3819,ghsl_popw_centroid,0.5921,22.8762,1803.3516,7.3135,1319.6828
050401,-12.9369,-74.2499,ghsl_popw_centroid,0.0237,21.9537,1753.2251,6.4241,1241.4706
050402,-12.5873,-74.3343,ghsl_popw_centroid,0.0242,22.5656,1755.3259,7.0360,1203.8763
050403,-13.0143,-74.1791,ghsl_popw_centroid,0.0616,22.2846,1769.7120,6.7550,1252.8581
050404,-12.9861,-74.2266,ghsl_popw_centroid,0.0360,22.1763,1762.8820,6.6467,1247.4390
050405,-12.8952,-74.2811,ghsl_popw_centroid,0.3364,21.8908,1747.4611,6.3612,1235.7420
050406,-12.7176,-74.2738,ghsl_popw_centroid,7.9099,22.7224,1751.5766,7.1928,1219.5931
050407,-12.5361,-73.8977,ghsl_popw_centroid,2.2123,24.5251,1922.4457,8.9955,1225.8869
050408,-12.4159,-73.9558,ghsl_popw_centroid,0.3089,25.3754,1955.2735,9.8458,1211.3381
050409,-12.3009,-74.0379,ghsl_popw_centroid,1.0293,26.5718,1996.2864,11.0422,1195.7491
050410,-12.7786,-74.0800,ghsl_popw_centroid,2.4028,23.9961,1885.0774,8.4665,1236.8536
050411,-12.3867,-74.4742,ghsl_popw_centroid,12.4452,24.7225,1798.4626,9.1929,1176.8948
050412,-12.7815,-74.2051,ghsl_popw_centroid,5.7901,24.5644,1909.5958,9.0348,1229.6198
050413,-12.6199,-74.1956,ghsl_popw_centroid,10.8888,23.9510,1783.0343,8.4214,1215.2134
050501,-13.0102,-73.9686,ghsl_popw_centroid,0.3128,23.2198,1829.4030,7.6901,1264.9732
050502,-13.0468,-73.6185,ghsl_popw_centroid,6.4264,26.1600,2031.1916,10.6304,1289.7429
050503,-12.6356,-73.8141,ghsl_popw_centroid,0.5005,24.2189,1914.7212,8.6893,1240.1605
050504,-13.1697,-73.8830,ghsl_popw_centroid,0.7884,24.2633,1881.1952,8.7337,1284.8744
050505,-13.2224,-73.5822,ghsl_popw_centroid,1.6971,25.2480,1965.8424,9.7184,1308.0091
050506,-13.2299,-73.8887,ghsl_popw_centroid,0.1257,24.0742,1872.1552,8.5446,1290.1145
050507,-12.6983,-73.7361,ghsl_popw_centroid,0.1890,24.5526,1933.1076,9.0230,1250.7495
050508,-12.9379,-74.0152,ghsl_popw_centroid,0.3678,22.9719,1817.6397,7.4423,1255.4831
050509,-12.7759,-73.6616,ghsl_popw_centroid,0.8281,24.7986,1949.7349,9.2690,1262.4691
050510,-12.8968,-73.6193,ghsl_popw_centroid,0.7331,25.3755,1987.8535,9.8459,1276.0729
050511,-13.3410,-73.4091,ghsl_popw_centroid,7.7454,27.1727,2078.6669,11.6100,1329.5427
050512,-12.9287,-73.5435,ghsl_popw_centroid,0.1956,25.3900,1993.1542,9.8603,1283.7377
050513,-12.8331,-73.6152,ghsl_popw_centroid,0.4386,25.0059,1964.8614,9.4763,1270.5698
050514,-13.0957,-73.8981,ghsl_popw_centroid,0.1227,23.4396,1846.8328,7.9100,1277.1202
050515,-13.0609,-73.9397,ghsl_popw_centroid,0.0827,23.2875,1835.5447,7.7579,1271.4007
050601,-14.6948,-74.1203,ghsl_popw_centroid,0.0277,22.8872,1862.3996,7.3245,1416.6114
050602,-14.2386,-74.0171,ghsl_popw_centroid,5.6171,24.3737,1906.6871,8.8111,1378.0333
050603,-14.2935,-73.9661,ghsl_popw_centroid,0.0582,24.0110,1897.1410,8.4483,1386.0806
050604,-14.3904,-73.9613,ghsl_popw_centroid,0.0655,23.7938,1901.5873,8.2311,1395.6387
050605,-14.9761,-73.8510,ghsl_popw_centroid,0.7962,23.8488,1937.5435,8.2861,1458.0357
050606,-14.3955,-73.8449,ghsl_popw_centroid,4.2574,24.6052,1930.3528,9.0425,1402.4886
050607,-14.1468,-74.9638,ghsl_popw_centroid,1.2351,21.4040,1736.6895,5.8413,1320.3447
050608,-14.2882,-74.8515,ghsl_popw_centroid,0.6004,21.6237,1740.7325,6.0610,1339.8299
050609,-14.7190,-74.6712,ghsl_popw_centroid,0.7599,21.9290,1770.0220,6.3663,1391.3440
050610,-14.2558,-74.9481,ghsl_popw_centroid,0.3791,21.0110,1712.2944,5.4483,1331.9450
050611,-14.5824,-74.2603,ghsl_popw_centroid,0.4040,22.7091,1842.2677,7.1464,1398.4033
050612,-14.3730,-74.7636,ghsl_popw_centroid,1.2697,21.7842,1738.5494,6.2215,1352.5228
050613,-14.4974,-74.6939,ghsl_popw_centroid,0.1914,21.4271,1738.9136,5.8644,1368.2553
050614,-14.9634,-74.4137,ghsl_popw_centroid,2.4946,22.8064,1843.5780,7.2437,1428.1114
050615,-14.7534,-74.2246,ghsl_popw_centroid,0.6296,22.6664,1827.2673,7.1037,1416.9435
050616,-14.6566,-74.2006,ghsl_popw_centroid,0.1893,22.8730,1853.3420,7.3104,1408.7244
050617,-14.8213,-74.1067,ghsl_popw_centroid,1.5086,23.6812,1898.6827,8.1185,1429.6374
050618,-14.3681,-74.5763,ghsl_popw_centroid,0.3226,22.1684,1778.1192,6.6057,1361.3206
050619,-15.1667,-74.1109,ghsl_popw_centroid,7.7438,24.0209,1917.0958,8.4582,1463.2147
050620,-14.2279,-73.9555,ghsl_popw_centroid,0.0322,24.2326,1914.6997,8.6699,1380.3804
050621,-14.9649,-74.5309,ghsl_popw_centroid,1.4459,23.0089,1861.4439,7.4462,1422.5472
050701,-14.9979,-73.7747,ghsl_popw_centroid,0.6668,24.2440,1962.9899,8.6813,1464.1856
050702,-15.1042,-73.7450,ghsl_popw_centroid,0.2049,24.3070,1972.5910,8.7443,1476.0377
050703,-14.7871,-73.2058,ghsl_popw_centroid,4.8508,25.5499,2038.6403,9.9872,1475.5546
050704,-14.9419,-73.3698,ghsl_popw_centroid,0.3331,25.4716,2049.4701,9.9089,1480.8944
050705,-15.3856,-73.9272,ghsl_popw_centroid,4.6701,25.5650,1956.7036,10.0023,1493.9727
050706,-15.2516,-73.5907,ghsl_popw_centroid,1.1125,24.8749,2005.7508,9.3122,1498.4786
050707,-14.9927,-73.3424,ghsl_popw_centroid,0.2224,25.5914,2059.2813,10.0287,1487.2500
050708,-14.8550,-73.4763,ghsl_popw_centroid,0.1777,25.5754,2019.2373,10.0128,1466.6991
050801,-15.2806,-73.3472,ghsl_popw_centroid,0.0156,25.4476,2056.2176,9.8849,1514.4261
050802,-15.1675,-73.2829,ghsl_popw_centroid,0.7646,26.2028,2099.2427,10.6401,1507.1820
050803,-15.2528,-73.2167,ghsl_popw_centroid,0.5798,27.2345,2151.7810,11.6718,1518.9745
050804,-15.2039,-73.3722,ghsl_popw_centroid,2.5673,25.8059,2072.9740,10.2432,1505.7240
050805,-15.1273,-73.3371,ghsl_popw_centroid,0.3246,25.8721,2080.7896,10.3094,1500.3495
050806,-15.1154,-73.2024,ghsl_popw_centroid,5.1568,28.1376,2170.5044,12.5750,1506.7320
050807,-15.2195,-73.4586,ghsl_popw_centroid,0.0223,25.3257,2038.8667,9.7630,1502.5021
050808,-15.0578,-73.3214,ghsl_popw_centroid,0.0093,25.7379,2069.9971,10.1752,1494.6074
050809,-15.2232,-73.2259,ghsl_popw_centroid,0.0342,27.0431,2143.9799,11.4805,1515.6483
050810,-15.2453,-73.4525,ghsl_popw_centroid,0.0261,25.1484,2033.5246,9.5857,1505.3080
050901,-14.0055,-73.8336,ghsl_popw_centroid,0.0182,24.3499,1940.4474,8.7872,1366.0233
050902,-13.8105,-73.7669,ghsl_popw_centroid,5.4037,24.3117,1916.0110,8.7490,1351.4653
050903,-13.8500,-73.7514,ghsl_popw_centroid,7.4704,25.0321,1928.9226,9.4694,1356.0704
050904,-13.8906,-73.7274,ghsl_popw_centroid,5.0991,25.2301,1974.5535,9.6674,1361.2705
050905,-14.1771,-73.8830,ghsl_popw_centroid,0.1411,24.5244,1937.3138,8.9617,1379.5410
050906,-14.1196,-73.8391,ghsl_popw_centroid,2.3466,24.7616,1956.4378,9.1989,1376.5274
050907,-14.0095,-73.6506,ghsl_popw_centroid,3.0218,25.0786,1986.1017,9.5159,1376.8743
050908,-14.2085,-73.5670,ghsl_popw_centroid,1.8318,24.9872,2023.3109,9.4245,1400.3937
050909,-13.9684,-73.7221,ghsl_popw_centroid,1.0899,25.1599,1979.6658,9.5972,1368.8884
050910,-14.0825,-73.6461,ghsl_popw_centroid,0.3477,25.0924,1993.6396,9.5298,1383.9935
050911,-14.1391,-73.6586,ghsl_popw_centroid,1.1742,25.3876,2012.1884,9.8249,1388.6049
051001,-13.7466,-74.0699,ghsl_popw_centroid,0.0356,23.5506,1879.0271,7.9879,1328.1479
051002,-13.6574,-74.2008,ghsl_popw_centroid,2.1114,24.1845,1898.9237,8.6218,1312.3413
051003,-14.0283,-73.9488,ghsl_popw_centroid,1.0015,24.3543,1923.3432,8.7916,1361.7085
051004,-14.0882,-73.9258,ghsl_popw_centroid,3.3615,24.9371,1946.6203,9.3744,1368.6925
051005,-13.9531,-73.9192,ghsl_popw_centroid,0.1813,23.9144,1907.1847,8.3517,1356.2236
051006,-13.7951,-73.9878,ghsl_popw_centroid,0.0191,23.7110,1891.3738,8.1484,1337.3749
051007,-13.7041,-74.0467,ghsl_popw_centroid,1.7796,23.8258,1892.8991,8.2631,1325.4231
051008,-13.7252,-74.2884,ghsl_popw_centroid,0.2815,23.0568,1839.8665,7.4941,1313.9832
051009,-13.7178,-74.1168,ghsl_popw_centroid,0.5740,23.4288,1869.1435,7.8661,1322.7808
051010,-13.8616,-73.9423,ghsl_popw_centroid,0.7135,23.9375,1907.7461,8.3748,1346.2470
051011,-13.6542,-74.3523,ghsl_popw_centroid,3.8854,23.3642,1851.7991,7.8015,1303.6795
051012,-13.6059,-74.6051,ghsl_popw_centroid,0.8619,22.2527,1796.8494,6.6900,1285.4101
051101,-13.6578,-73.9299,ghsl_popw_centroid,0.9912,23.4835,1869.6956,7.9208,1327.7069
051102,-13.8064,-73.8714,ghsl_popw_centroid,0.0224,23.9951,1893.9327,8.4324,1345.0637
051103,-13.7431,-73.7910,ghsl_popw_centroid,0.0161,23.9444,1903.9500,8.3818,1343.7448
051104,-13.5524,-73.8773,ghsl_popw_centroid,0.0039,24.0726,1895.6507,8.5099,1320.8541
051105,-13.7505,-73.9216,ghsl_popw_centroid,0.4980,23.9445,1891.0621,8.3818,1336.9201
051106,-13.8712,-73.8619,ghsl_popw_centroid,0.9624,24.3337,1907.8894,8.7710,1351.7204
051107,-13.6962,-73.7685,ghsl_popw_centroid,0.0083,23.8374,1896.3409,8.2748,1340.6608
051108,-13.5936,-74.0081,ghsl_popw_centroid,0.0115,23.1212,1847.1310,7.5585,1317.1712
060101,-7.1562,-78.5157,ghsl_popw_centroid,0.0587,9.8691,770.9506,9.8865,451.6541
060102,-7.3339,-78.5284,ghsl_popw_centroid,0.1847,9.5298,737.8712,9.5471,469.0015
060103,-7.1513,-78.6644,ghsl_popw_centroid,0.2653,10.6608,800.9473,10.6781,444.3629
060104,-7.4585,-78.4979,ghsl_popw_centroid,4.0382,10.7320,797.2495,10.7493,483.0234
060105,-6.9993,-78.3945,ghsl_popw_centroid,0.2526,10.7003,805.3450,10.7176,442.0702
060106,-7.2691,-78.3766,ghsl_popw_centroid,0.7528,10.2836,788.9516,10.3009,469.6558
060107,-7.1932,-78.4189,ghsl_popw_centroid,0.6590,9.9666,776.7671,9.9839,460.0213
060108,-7.1256,-78.4694,ghsl_popw_centroid,0.0899,10.1119,781.7845,10.1293,450.8141
060109,-7.2373,-78.6264,ghsl_popw_centroid,1.2359,9.3036,718.3183,9.3209,454.8042
060110,-7.2642,-78.2584,ghsl_popw_centroid,0.1089,10.3234,805.8774,10.1116,475.1284
060111,-7.1899,-78.3067,ghsl_popw_centroid,0.5855,10.2871,796.8756,10.3044,465.3344
060112,-7.2789,-78.4925,ghsl_popw_centroid,0.9739,9.4692,739.3860,9.4865,465.0892
060201,-7.6292,-78.0503,ghsl_popw_centroid,0.1421,11.3434,885.7557,9.1304,521.7355
060202,-7.5698,-78.2396,ghsl_popw_centroid,5.7726,11.6448,865.1772,10.0615,506.3221
060203,-7.5420,-78.0967,ghsl_popw_centroid,2.8975,11.5331,887.4789,9.5045,510.7733
060204,-7.4822,-77.9438,ghsl_popw_centroid,2.1494,12.1590,926.8041,9.9962,513.1578
060301,-6.8617,-78.1494,ghsl_popw_centroid,0.0421,11.1504,871.2030,11.1677,442.3397
060302,-6.5841,-78.2086,ghsl_popw_centroid,1.8242,12.4966,923.4055,12.6559,412.8411
060303,-6.5115,-78.3095,ghsl_popw_centroid,1.1076,12.7190,932.2249,12.8783,399.9867
060304,-6.8311,-78.3082,ghsl_popw_centroid,5.3743,11.5890,838.9343,11.6063,430.3612
060305,-6.9373,-78.1001,ghsl_popw_centroid,1.9209,11.3634,868.6795,11.3808,452.3527
060306,-6.9194,-78.1506,ghsl_popw_centroid,0.6309,11.2542,867.2236,11.2716,447.7236
060307,-6.6460,-78.2671,ghsl_popw_centroid,0.8582,12.0480,902.3458,12.2074,415.1158
060308,-7.0771,-78.0789,ghsl_popw_centroid,0.9553,11.9995,855.8465,12.0168,466.8132
060309,-6.9274,-78.2851,ghsl_popw_centroid,2.8375,11.5900,878.9473,11.6073,440.9071
060310,-6.9931,-78.1565,ghsl_popw_centroid,3.8450,11.1050,854.9486,11.1224,454.3913
060311,-6.8631,-78.0853,ghsl_popw_centroid,0.3630,11.5690,905.1875,11.5863,446.2625
060312,-6.7133,-78.2775,ghsl_popw_centroid,0.1576,10.9402,839.7616,11.7461,420.8628
060401,-6.5588,-78.6512,ghsl_popw_centroid,0.0331,9.5148,756.4692,11.3114,385.5231
060402,-6.3439,-78.5964,ghsl_popw_centroid,5.3352,9.6607,736.6462,12.6763,367.5263
060403,-6.4529,-78.4120,ghsl_popw_centroid,1.1288,10.7827,824.6319,11.5946,388.4216
060404,-6.4224,-78.7131,ghsl_popw_centroid,0.2637,9.0815,721.7758,11.8685,368.9152
060405,-6.2951,-78.4693,ghsl_popw_centroid,11.6702,10.1284,750.2959,13.1440,370.1996
060406,-6.3826,-78.3905,ghsl_popw_centroid,8.8694,11.1697,832.3725,11.9816,383.0907
060407,-6.4748,-78.8489,ghsl_popw_centroid,0.5761,8.9867,700.1725,11.4721,367.4311
060408,-6.4757,-78.6085,ghsl_popw_centroid,2.1247,9.5174,747.6294,11.6188,379.6175
060409,-6.4292,-78.9558,ghsl_popw_centroid,2.3452,8.6256,675.1862,11.1110,357.9077
060410,-6.5639,-78.7302,ghsl_popw_centroid,0.2775,9.5433,757.7536,11.5007,382.0638
060411,-6.5693,-79.2242,ghsl_popw_centroid,0.8047,7.6251,604.7861,10.1106,361.7011
060412,-6.3563,-79.3269,ghsl_popw_centroid,3.6607,8.7406,639.6739,11.2261,335.6525
060413,-6.5187,-78.4059,ghsl_popw_centroid,1.6937,10.7278,820.7289,11.5396,395.0027
060414,-6.1872,-78.4797,ghsl_popw_centroid,7.7587,10.1997,774.4118,14.4760,359.5048
060415,-6.3514,-79.0564,ghsl_popw_centroid,2.2133,10.3620,778.9242,13.3035,345.5615
060416,-6.4601,-79.2364,ghsl_popw_centroid,0.0790,9.2032,664.7563,11.6887,349.7705
060417,-6.3952,-78.5828,ghsl_popw_centroid,8.2757,9.6929,743.6383,12.1236,373.2159
060418,-6.4232,-79.3611,ghsl_popw_centroid,0.7174,8.2269,620.3695,10.7123,341.6110
060419,-6.5208,-78.4963,ghsl_popw_centroid,1.0175,10.7147,818.7691,11.5265,390.0907
060501,-7.3548,-78.7790,ghsl_popw_centroid,1.8666,9.3532,725.5722,8.3993,460.5314
060502,-7.2260,-78.8377,ghsl_popw_centroid,0.1120,8.7539,684.9596,8.7637,444.8425
060503,-7.3588,-79.0258,ghsl_popw_centroid,0.7262,8.7852,671.8830,9.1392,451.9499
060504,-7.3670,-78.9111,ghsl_popw_centroid,1.1563,9.5181,699.1372,8.6432,456.8110
060505,-7.4888,-78.9244,ghsl_popw_centroid,1.6972,9.8207,735.3701,8.0728,469.1594
060506,-7.3411,-78.8647,ghsl_popw_centroid,2.6445,9.5525,713.4346,8.5060,455.8068
060507,-7.2371,-78.9320,ghsl_popw_centroid,2.3393,8.7389,676.1491,9.0347,442.4177
060508,-7.2581,-79.1711,ghsl_popw_centroid,3.8671,8.3783,643.6518,8.7323,436.5799
060601,-6.3885,-78.8245,ghsl_popw_centroid,0.3434,8.7335,692.3226,11.6750,359.9621
060602,-6.1271,-78.9326,ghsl_popw_centroid,2.7645,8.2291,644.4240,12.5054,328.6174
060603,-5.9471,-78.7750,ghsl_popw_centroid,7.1370,8.4492,652.5323,12.7255,319.4993
060604,-6.1179,-78.5628,ghsl_popw_centroid,4.5489,9.3770,727.7051,13.6533,348.0332
060605,-6.2357,-78.5678,ghsl_popw_centroid,1.4192,9.8376,749.7129,12.8532,358.8239
060606,-6.0742,-78.7638,ghsl_popw_centroid,1.0332,8.3598,659.9505,12.6361,332.3006
060607,-6.2272,-79.0357,ghsl_popw_centroid,3.3237,10.1823,766.1403,13.1238,333.7960
060608,-6.2268,-78.7201,ghsl_popw_centroid,0.8825,9.0913,710.4985,12.4599,349.4367
060609,-6.1831,-78.5989,ghsl_popw_centroid,7.4019,10.1481,756.2057,13.1637,352.0408
060610,-6.2830,-78.6151,ghsl_popw_centroid,0.9376,9.3852,730.3268,12.4007,360.6373
060611,-6.1173,-78.8361,ghsl_popw_centroid,1.5012,8.4266,646.6156,12.7029,332.5832
060612,-6.2496,-78.8556,ghsl_popw_centroid,0.3131,8.2479,656.8995,12.0779,344.6134
060613,-6.1492,-78.6906,ghsl_popw_centroid,0.0857,8.5702,677.3468,12.8465,343.5820
060614,-6.2976,-78.6881,ghsl_popw_centroid,0.8991,9.1673,723.3373,12.1828,358.0337
060615,-6.0149,-78.7029,ghsl_popw_centroid,0.2159,8.6687,674.6737,12.9450,330.0858
060701,-6.6922,-78.5111,ghsl_popw_centroid,0.0750,10.2004,796.5767,11.0063,405.8986
060702,-6.6679,-78.7221,ghsl_popw_centroid,10.2438,15.4002,976.7112,15.4462,392.8427
060703,-6.7364,-78.5899,ghsl_popw_centroid,0.8393,10.2354,801.0849,10.6522,406.1716
060801,-5.7196,-78.8093,ghsl_popw_centroid,0.1029,8.5493,674.5761,12.8256,296.0382
060802,-5.5909,-78.7559,ghsl_popw_centroid,2.1566,8.4352,657.7947,13.1621,287.5329
060803,-5.6598,-79.0859,ghsl_popw_centroid,23.3423,8.9197,633.9965,14.7518,274.6927
060804,-5.8799,-78.9945,ghsl_popw_centroid,12.3863,8.9587,660.9677,13.2350,301.0451
060805,-5.6039,-78.9077,ghsl_popw_centroid,8.5418,9.0024,661.9080,13.9592,279.3275
060806,-5.6392,-78.8539,ghsl_popw_centroid,4.6566,8.9337,682.4718,13.2429,285.8533
060807,-5.9073,-79.1948,ghsl_popw_centroid,5.9978,7.6032,588.2682,11.8795,294.1478
060808,-6.0438,-79.1220,ghsl_popw_centroid,0.0916,7.5160,599.0096,11.7923,311.2851
060809,-5.6394,-79.3299,ghsl_popw_centroid,2.3467,7.7852,584.9401,12.0615,260.8684
060810,-5.7851,-79.3229,ghsl_popw_centroid,0.1815,7.0702,557.5205,11.3465,276.1097
060811,-5.4987,-79.0422,ghsl_popw_centroid,4.9580,8.0005,615.6122,13.8326,261.5358
060812,-5.4165,-78.5799,ghsl_popw_centroid,8.0848,9.4431,729.1846,13.7194,284.3681
060901,-5.1415,-79.0095,ghsl_popw_centroid,0.0505,8.9944,582.4356,14.2016,230.6311
060902,-5.3110,-78.8840,ghsl_popw_centroid,7.7361,8.7524,640.0494,13.9596,254.0468
060903,-5.2745,-78.7547,ghsl_popw_centroid,6.0390,8.6863,636.8562,13.8935,259.7897
060904,-5.3938,-78.9639,ghsl_popw_centroid,8.0037,8.1921,621.7995,13.9456,256.3901
060905,-5.0669,-79.1241,ghsl_popw_centroid,4.1071,9.5683,556.8094,14.7755,216.4263
060906,-5.0817,-78.8920,ghsl_popw_centroid,7.0300,9.0942,609.1803,14.3013,233.6054
060907,-5.3347,-79.1651,ghsl_popw_centroid,3.9935,7.6696,592.0355,14.0670,238.9022
061001,-7.3303,-78.1546,ghsl_popw_centroid,0.0116,10.6111,827.4840,9.8730,487.0289
061002,-7.3978,-78.1234,ghsl_popw_centroid,0.2035,10.7486,839.2076,9.6935,495.2650
061003,-7.4549,-78.1355,ghsl_popw_centroid,0.7283,10.9670,852.4747,9.6198,500.2153
061004,-7.2441,-78.1752,ghsl_popw_centroid,1.1498,10.7222,824.8785,10.3484,477.5377
061005,-7.3728,-78.1104,ghsl_popw_centroid,1.6874,10.9275,838.6885,10.1242,493.5193
061006,-7.3449,-78.0433,ghsl_popw_centroid,1.6347,11.8591,885.7503,11.1210,494.4507
061007,-7.2234,-78.0211,ghsl_popw_centroid,3.0058,11.5544,870.1742,10.8163,484.0369
061101,-7.0263,-78.8799,ghsl_popw_centroid,1.5154,9.6135,730.9126,9.6595,422.4461
061102,-6.9760,-79.1695,ghsl_popw_centroid,0.3773,8.4122,612.4972,10.1935,406.5868
061103,-6.9374,-78.9197,ghsl_popw_centroid,7.8768,10.1908,747.9021,10.2368,411.6409
061104,-6.8154,-78.7435,ghsl_popw_centroid,0.0722,10.4236,803.6813,10.4697,406.6889
061105,-7.0554,-79.0064,ghsl_popw_centroid,0.2739,10.3166,768.1260,10.3626,420.6338
061106,-6.8778,-79.1118,ghsl_popw_centroid,0.3578,11.8365,836.8219,11.8826,398.1724
061107,-6.9260,-78.7770,ghsl_popw_centroid,0.1981,10.2397,760.4906,10.2858,416.4357
061108,-6.9663,-79.2333,ghsl_popw_centroid,0.3161,8.1867,603.2238,9.9680,403.5093
061109,-6.9319,-79.1173,ghsl_popw_centroid,0.1841,11.4057,817.7737,11.4518,403.6839
061110,-7.0903,-79.1514,ghsl_popw_centroid,6.3931,11.0867,798.4195,11.1327,419.3182
061111,-6.9511,-78.7448,ghsl_popw_centroid,2.3401,10.3674,763.5589,10.4134,420.4110
061112,-6.7684,-78.8299,ghsl_popw_centroid,1.2596,10.8421,824.2050,10.8881,398.0338
061113,-7.0768,-79.0403,ghsl_popw_centroid,0.2785,10.6188,784.0904,10.6648,421.6623
061201,-7.0984,-78.8094,ghsl_popw_centroid,0.2688,9.2250,711.4077,9.2711,432.7627
061202,-7.1664,-78.7644,ghsl_popw_centroid,0.6943,9.4619,723.3445,9.5079,441.6330
061203,-7.1503,-78.8654,ghsl_popw_centroid,0.0610,9.1538,708.6478,9.1998,435.8886
061204,-6.9997,-78.6952,ghsl_popw_centroid,1.5885,10.0010,749.5668,10.0470,427.5648
061301,-6.6272,-78.9405,ghsl_popw_centroid,0.1726,14.1758,933.2611,14.2218,378.7949
061302,-6.6627,-78.8113,ghsl_popw_centroid,0.5197,14.9148,967.0215,14.9608,388.1335
061303,-6.7698,-79.0530,ghsl_popw_centroid,1.3002,12.8531,881.2790,12.8992,389.0061
061304,-6.5616,-78.8609,ghsl_popw_centroid,1.1571,14.8200,955.3945,14.8660,375.6321
061305,-6.6233,-78.8537,ghsl_popw_centroid,4.2081,14.8066,954.4201,14.8526,382.2127
061306,-6.6720,-78.7813,ghsl_popw_centroid,3.7754,15.0713,969.9951,15.1173,390.4571
061307,-6.7326,-78.9252,ghsl_popw_centroid,0.4062,14.8329,962.1849,14.8789,390.2667
061308,-6.6853,-78.9043,ghsl_popw_centroid,0.7506,14.5738,949.2938,14.6198,386.3012
061309,-6.5792,-79.0452,ghsl_popw_centroid,1.6690,8.4804,658.0578,10.9658,369.4982
061310,-6.6168,-78.7905,ghsl_popw_centroid,5.6515,10.0615,776.4841,12.0189,384.4650
061311,-6.6801,-78.8368,ghsl_popw_centroid,0.3931,14.8169,962.7743,14.8629,388.7407
070101,-12.0186,-77.1172,ghsl_popw_centroid,0.0160,15.8776,1266.9014,0.5233,1010.0497
070102,-12.0607,-77.1106,ghsl_popw_centroid,0.0300,15.6196,1266.1797,0.1292,1014.6899
070103,-12.0423,-77.0892,ghsl_popw_centroid,0.0844,15.5938,1264.6640,0.1019,1013.5793
070104,-12.0709,-77.1169,ghsl_popw_centroid,0.0073,15.6132,1266.3996,0.1542,1015.5177
070105,-12.0715,-77.1626,ghsl_popw_centroid,0.0438,15.6460,1268.0053,0.2161,1013.8776
070106,-11.8564,-77.1351,ghsl_popw_centroid,0.0876,15.3265,1241.9512,0.4152,992.4671
070107,-11.8539,-77.1217,ghsl_popw_centroid,0.0073,15.2958,1241.5447,0.3816,992.7195
080101,-13.5162,-71.9767,ghsl_popw_centroid,0.0047,29.1136,2317.2239,13.5509,1439.4193
080102,-13.5773,-72.0673,ghsl_popw_centroid,0.0396,29.2364,2317.8066,13.6737,1438.3910
080103,-13.5016,-72.0234,ghsl_popw_centroid,0.1019,29.0332,2310.5717,13.4705,1434.9361
080104,-13.5466,-71.8896,ghsl_popw_centroid,0.0482,29.2557,2327.5306,13.6930,1448.0657
080105,-13.5346,-71.9272,ghsl_popw_centroid,0.0316,29.2070,2323.2598,13.6443,1444.4265
080106,-13.5355,-71.9797,ghsl_popw_centroid,0.0600,29.1313,2318.9198,13.5686,1440.8574
080107,-13.5672,-71.8315,ghsl_popw_centroid,0.0523,29.3407,2334.3150,13.7780,1453.8706
080108,-13.5296,-71.9554,ghsl_popw_centroid,0.0108,29.1677,2320.1843,13.6050,1442.0403
080201,-13.9184,-71.6801,ghsl_popw_centroid,0.2093,30.7375,2394.6714,15.1749,1494.2810
080202,-14.0687,-71.4835,ghsl_popw_centroid,0.5206,30.5573,2421.9994,14.9946,1520.7166
080203,-13.9439,-71.7343,ghsl_popw_centroid,0.6584,30.8562,2387.3337,15.2935,1492.7231
080204,-14.1137,-71.4797,ghsl_popw_centroid,0.8512,30.6772,2418.2205,15.1145,1524.8104
080205,-14.0284,-71.5928,ghsl_popw_centroid,1.5528,30.6803,2426.7454,15.1176,1509.7075
080206,-13.7920,-71.7762,ghsl_popw_centroid,0.2029,30.0569,2381.4920,14.4942,1476.8428
080207,-13.9685,-71.5738,ghsl_popw_centroid,0.1270,30.4567,2416.9131,14.8940,1505.9191
080301,-13.4676,-72.1566,ghsl_popw_centroid,0.2074,28.8181,2295.7027,13.2555,1422.8375
080302,-13.4629,-72.3111,ghsl_popw_centroid,0.5642,28.6034,2276.7397,13.0407,1411.8781
080303,-13.4729,-72.0651,ghsl_popw_centroid,0.4756,28.9875,2306.3612,13.4248,1429.5984
080304,-13.6199,-72.2496,ghsl_popw_centroid,0.0700,29.2587,2328.6597,13.6960,1429.6493
080305,-13.4038,-72.2068,ghsl_popw_centroid,0.0954,28.9178,2293.6481,13.3551,1413.9097
080306,-13.4748,-72.4351,ghsl_popw_centroid,0.0770,28.2399,2246.5428,12.6772,1404.5334
080307,-13.4951,-72.5566,ghsl_popw_centroid,0.7119,28.4473,2252.9811,12.8847,1398.1876
080308,-13.4783,-72.1031,ghsl_popw_centroid,0.1858,28.8889,2301.4069,13.3262,1427.4370
080309,-13.4655,-72.2475,ghsl_popw_centroid,0.2966,28.7574,2286.5719,13.1947,1416.4326
080401,-13.3158,-71.9615,ghsl_popw_centroid,0.2945,29.5555,2307.2889,13.9929,1423.4738
080402,-13.3972,-71.9110,ghsl_popw_centroid,0.4210,29.7305,2319.5783,14.1678,1433.9037
080403,-13.3462,-71.9022,ghsl_popw_centroid,0.4621,29.7636,2320.7092,14.2009,1430.2168
080404,-13.0814,-72.0257,ghsl_popw_centroid,2.4300,29.3004,2260.1406,13.7708,1399.1992
080405,-13.4043,-71.8271,ghsl_popw_centroid,0.0491,29.6128,2331.7179,14.0502,1440.4133
080406,-13.4897,-71.7738,ghsl_popw_centroid,0.4819,29.6917,2336.9338,14.1290,1451.3701
080407,-13.4579,-71.8898,ghsl_popw_centroid,0.4431,29.4045,2334.7839,13.8418,1440.5274
080408,-12.7684,-72.1504,ghsl_popw_centroid,1.8055,28.0649,2197.3310,12.5353,1364.1236
080501,-14.2419,-71.4403,ghsl_popw_centroid,0.2093,30.8028,2411.3690,15.2401,1538.4715
080502,-14.4903,-71.4304,ghsl_popw_centroid,1.8613,31.0867,2403.7875,15.5240,1560.4655
080503,-14.5437,-71.3052,ghsl_popw_centroid,0.3846,30.7918,2393.5053,15.2291,1573.5994
080504,-14.4052,-71.2906,ghsl_popw_centroid,1.2548,31.1386,2415.4967,15.5760,1562.7464
080505,-14.5113,-71.1460,ghsl_popw_centroid,0.2224,31.6504,2434.6503,16.0877,1581.7885
080506,-14.1440,-71.4477,ghsl_popw_centroid,1.2391,30.6969,2413.2725,15.1342,1529.6095
080507,-14.3691,-71.4801,ghsl_popw_centroid,0.6533,31.1436,2403.5838,15.5809,1546.6438
080508,-14.1572,-71.5141,ghsl_popw_centroid,0.7751,31.0139,2411.9773,15.4512,1526.1433
080601,-14.2686,-71.2296,ghsl_popw_centroid,0.0022,30.8941,2438.0901,15.3314,1555.3691
080602,-14.0102,-71.3947,ghsl_popw_centroid,1.9726,30.7519,2429.9934,15.1892,1521.9572
080603,-14.0922,-71.4041,ghsl_popw_centroid,2.4928,30.6170,2426.5989,15.0543,1528.2404
080604,-14.3769,-71.1502,ghsl_popw_centroid,1.1741,31.1339,2449.5441,15.5713,1570.0844
080605,-13.9676,-71.3726,ghsl_popw_centroid,0.7654,30.5989,2429.4449,15.0362,1519.9164
080606,-14.2014,-71.2820,ghsl_popw_centroid,2.1060,30.8421,2439.1651,15.2794,1546.0184
080607,-14.1821,-71.3458,ghsl_popw_centroid,0.1864,30.6778,2430.7551,15.1151,1539.9308
080608,-14.1566,-71.3980,ghsl_popw_centroid,0.8320,30.6129,2431.2505,15.0502,1534.1323
080701,-14.5054,-72.0886,ghsl_popw_centroid,0.0354,29.2413,2276.1239,13.6786,1518.0873
080702,-14.0264,-72.0165,ghsl_popw_centroid,0.6832,29.9094,2328.7206,14.3468,1480.6836
080703,-14.3317,-71.8540,ghsl_popw_centroid,0.6369,29.7715,2322.2071,14.2088,1518.1824
080704,-14.2789,-72.0445,ghsl_popw_centroid,0.2898,29.3107,2289.4767,13.7480,1500.9344
080705,-14.3274,-71.6668,ghsl_popw_centroid,1.1656,30.4471,2350.2365,14.8844,1530.3651
080706,-14.3699,-72.1228,ghsl_popw_centroid,1.7770,28.7430,2257.9149,13.1803,1503.8444
080707,-14.3483,-72.1723,ghsl_popw_centroid,0.0763,28.3269,2235.0190,12.7642,1498.7118
080708,-14.4993,-71.8771,ghsl_popw_centroid,0.9607,29.3775,2296.2250,13.8148,1531.3514
080801,-14.8082,-71.4013,ghsl_popw_centroid,0.0356,30.2637,2351.5816,14.7010,1589.9621
080802,-15.3036,-71.0988,ghsl_popw_centroid,3.4647,30.5174,2410.4863,14.9547,1653.3116
080803,-14.7712,-71.5759,ghsl_popw_centroid,1.6792,30.2977,2348.3916,14.7351,1575.1086
080804,-15.0310,-71.1615,ghsl_popw_centroid,1.6491,30.9288,2400.9210,15.3661,1625.3989
080805,-14.8991,-71.1634,ghsl_popw_centroid,0.8931,30.7973,2387.6169,15.2347,1613.8525
080806,-14.6802,-71.3511,ghsl_popw_centroid,1.9133,30.7995,2373.7545,15.2368,1582.2368
080807,-14.9768,-71.6420,ghsl_popw_centroid,2.6310,29.8786,2318.9471,14.3159,1588.8669
080808,-14.7565,-71.2618,ghsl_popw_centroid,0.7869,30.6808,2373.0969,15.1181,1594.8748
080901,-12.8668,-72.6958,ghsl_popw_centroid,0.0324,27.4915,2171.4154,11.9619,1334.1625
080902,-12.6345,-72.7889,ghsl_popw_centroid,1.5903,26.6016,2093.6257,11.0720,1307.7903
080903,-13.0145,-72.5408,ghsl_popw_centroid,0.1250,28.1698,2209.2587,12.6402,1357.5099
080904,-12.9592,-72.6545,ghsl_popw_centroid,0.0492,27.7415,2188.1683,12.2119,1344.9564
080905,-12.8310,-72.3761,ghsl_popw_centroid,4.1565,28.3220,2203.7205,12.7924,1353.3185
080906,-12.5827,-72.4995,ghsl_popw_centroid,1.1720,27.4595,2161.0475,11.9299,1323.6516
080907,-12.6258,-73.7561,ghsl_popw_centroid,0.1693,24.3716,1925.1262,8.8420,1242.9324
080908,-13.1346,-72.6340,ghsl_popw_centroid,3.3551,28.3546,2217.3754,12.8250,1361.5347
080909,-13.0399,-72.9627,ghsl_popw_centroid,0.7076,27.4998,2135.6541,11.9701,1331.2551
080910,-12.5061,-73.8309,ghsl_popw_centroid,0.3095,24.4446,1932.7807,8.9150,1227.3863
080911,-13.3145,-73.2481,ghsl_popw_centroid,0.3046,28.0282,2201.0975,12.4655,1337.2430
080912,-13.0140,-73.4912,ghsl_popw_centroid,0.1057,25.7264,2011.1542,10.1968,1294.7477
080913,-12.9022,-73.5297,ghsl_popw_centroid,0.1513,25.2864,1986.0182,9.7568,1282.2204
080914,-11.7408,-73.0035,ghsl_popw_centroid,75.3496,30.3283,2160.2808,14.7987,1217.1278
080915,-12.6423,-73.2039,ghsl_popw_centroid,0.4481,25.5846,2022.1964,10.0550,1280.2933
080916,-12.8121,-73.5922,ghsl_popw_centroid,0.3779,24.7824,1957.7035,9.2528,1270.1314
080917,-12.7555,-73.6250,ghsl_popw_centroid,0.3774,24.8105,1954.2665,9.2809,1262.9468
080918,-12.3148,-73.9242,ghsl_popw_centroid,5.9301,26.2756,1982.2931,10.7460,1204.2075
081001,-13.7505,-71.8499,ghsl_popw_centroid,0.3129,29.9481,2374.0551,14.3855,1468.2025
081002,-13.9752,-71.8385,ghsl_popw_centroid,0.6836,30.6507,2362.2670,15.0880,1488.2784
081003,-13.8641,-72.0327,ghsl_popw_centroid,1.4144,30.5115,2363.2660,14.9488,1465.4900
081004,-13.8662,-71.8405,ghsl_popw_centroid,0.3600,30.3178,2384.1128,14.7551,1478.7636
081005,-13.6893,-72.0237,ghsl_popw_centroid,0.0334,29.7286,2345.6253,14.1659,1451.0068
081006,-14.1514,-71.7549,ghsl_popw_centroid,3.4999,30.9038,2377.0023,15.3411,1509.1724
081007,-13.7511,-71.9498,ghsl_popw_centroid,0.3312,29.9510,2374.2122,14.3884,1461.3821
081008,-13.9638,-71.7567,ghsl_popw_centroid,0.2630,30.9271,2382.2692,15.3644,1492.8908
081009,-13.6459,-71.9127,ghsl_popw_centroid,0.8648,29.6237,2345.7259,14.0610,1454.9225
081101,-13.3389,-71.5590,ghsl_popw_centroid,0.0747,30.7217,2357.9271,15.1921,1454.1023
081102,-13.5668,-71.6780,ghsl_popw_centroid,1.9182,29.7749,2358.0707,14.2122,1464.6261
081103,-13.1606,-71.7302,ghsl_popw_centroid,1.0021,30.4049,2342.0930,14.8753,1426.9713
081104,-13.3922,-71.6745,ghsl_popw_centroid,0.5341,30.1983,2375.4088,14.6356,1450.2388
081105,-13.5032,-71.6493,ghsl_popw_centroid,0.0410,29.9067,2374.8012,14.3440,1461.3194
081106,-13.0353,-71.3920,ghsl_popw_centroid,5.3048,31.6561,2415.8425,16.1265,1441.4836
081201,-13.6885,-71.6194,ghsl_popw_centroid,0.0666,29.7346,2364.2437,14.1719,1479.0113
081202,-13.6678,-71.6827,ghsl_popw_centroid,0.2522,29.6694,2357.8806,14.1068,1472.8127
081203,-13.3378,-70.7521,ghsl_popw_centroid,6.4594,32.3659,2549.0008,16.8032,1513.7568
081204,-13.5619,-71.3815,ghsl_popw_centroid,0.0026,30.7200,2425.3217,15.1574,1485.3802
081205,-13.6233,-71.5259,ghsl_popw_centroid,0.6148,30.1725,2389.6764,14.6098,1480.1523
081206,-13.8926,-71.4864,ghsl_popw_centroid,0.2781,30.2848,2403.1806,14.7222,1505.5880
081207,-13.7050,-71.6515,ghsl_popw_centroid,0.4470,29.7462,2364.5147,14.1835,1478.1471
081208,-13.6210,-71.7353,ghsl_popw_centroid,0.5896,29.5373,2347.5876,13.9746,1465.1642
081209,-13.6215,-70.9475,ghsl_popw_centroid,3.2611,31.5984,2497.1969,16.0357,1521.9259
081210,-13.6707,-71.3369,ghsl_popw_centroid,0.2205,30.6866,2429.1929,15.1240,1497.6159
081211,-13.5893,-71.7834,ghsl_popw_centroid,0.1521,29.4336,2340.4706,13.8710,1459.1095
081212,-13.8036,-71.5433,ghsl_popw_centroid,0.2670,29.9754,2384.0132,14.4127,1494.0760
081301,-13.2986,-72.1288,ghsl_popw_centroid,0.0304,29.2631,2305.4666,13.7004,1410.3080
081302,-13.4065,-72.0527,ghsl_popw_centroid,0.0153,29.1144,2312.6614,13.5517,1424.7911
081303,-13.3404,-72.0596,ghsl_popw_centroid,0.1483,29.3564,2314.8834,13.7938,1418.6856
081304,-13.1862,-72.5082,ghsl_popw_centroid,5.3201,28.5853,2227.3957,13.0557,1374.5430
081305,-13.3406,-72.1483,ghsl_popw_centroid,0.1369,29.1746,2309.4630,13.6119,1412.5352
081306,-13.2355,-72.2833,ghsl_popw_centroid,1.0845,29.4277,2293.0571,13.8680,1394.2088
081307,-13.3195,-72.0839,ghsl_popw_centroid,0.0334,29.2752,2310.9804,13.7125,1415.2141
090101,-12.7858,-74.9703,ghsl_popw_centroid,0.0061,20.5705,1636.8758,5.0079,1186.5908
090102,-12.6631,-75.2977,ghsl_popw_centroid,1.6011,20.6544,1608.2160,5.0917,1157.3641
090103,-12.6183,-74.8503,ghsl_popw_centroid,2.6341,21.1759,1675.2968,5.6463,1177.0808
090104,-12.5183,-75.0222,ghsl_popw_centroid,0.7807,20.4516,1623.3452,4.9220,1158.0224
090105,-12.4629,-75.0468,ghsl_popw_centroid,0.0907,20.3460,1614.1923,4.8164,1151.3562
090106,-13.0385,-74.9448,ghsl_popw_centroid,0.1634,21.2904,1680.1584,5.7278,1212.4010
090107,-12.4149,-75.1764,ghsl_popw_centroid,2.5846,20.3983,1604.0890,4.8687,1139.6874
090108,-12.4988,-75.0009,ghsl_popw_centroid,0.0863,20.1570,1609.0657,4.6274,1157.3197
090109,-12.5563,-75.0549,ghsl_popw_centroid,0.5144,20.6205,1633.0656,5.0909,1159.8938
090110,-12.6011,-75.1854,ghsl_popw_centroid,2.8314,20.7489,1628.0129,5.2193,1157.2195
090111,-12.5344,-74.9342,ghsl_popw_centroid,0.0361,20.2622,1618.1144,4.7326,1164.4084
090112,-12.4262,-75.1383,ghsl_popw_centroid,0.4590,20.6536,1619.4302,5.1240,1142.8385
090113,-12.6070,-75.0501,ghsl_popw_centroid,2.4144,20.8489,1644.0306,5.3193,1165.0383
090114,-12.6582,-74.9740,ghsl_popw_centroid,0.0350,20.5776,1641.0768,5.0480,1174.0983
090115,-12.4166,-75.0773,ghsl_popw_centroid,0.7460,20.3219,1606.7710,4.7923,1145.2402
090116,-12.5304,-75.2227,ghsl_popw_centroid,1.3674,21.3440,1618.3848,5.8144,1148.3825
090117,-12.7809,-74.8377,ghsl_popw_centroid,0.1388,20.9899,1662.5536,5.4273,1193.3352
090118,-12.7848,-75.0003,ghsl_popw_centroid,0.0122,20.6200,1637.8270,5.0574,1184.8808
090119,-12.5883,-74.9742,ghsl_popw_centroid,0.0328,20.6436,1636.7410,5.1140,1167.3712
090201,-12.8341,-74.5705,ghsl_popw_centroid,0.1367,21.4359,1709.2583,5.9063,1213.3207
090202,-12.6716,-74.6566,ghsl_popw_centroid,3.6462,21.2472,1686.0463,5.7176,1193.0364
090203,-12.8071,-74.6690,ghsl_popw_centroid,0.7732,21.3479,1697.3447,5.8183,1205.2025
090204,-12.8822,-74.4768,ghsl_popw_centroid,0.4519,21.7068,1730.2721,6.1772,1223.2055
090205,-12.8742,-74.4063,ghsl_popw_centroid,0.7574,22.0364,1751.0310,6.5068,1226.4987
090206,-12.7349,-74.6942,ghsl_popw_centroid,1.4303,21.2376,1687.9758,5.7080,1196.9193
090207,-12.8618,-74.5260,ghsl_popw_centroid,0.0891,21.6063,1720.0839,6.0767,1218.4713
090208,-12.7467,-74.6187,ghsl_popw_centroid,0.0173,21.1934,1692.6655,5.6637,1202.3038
090301,-13.0209,-74.7282,ghsl_popw_centroid,0.5639,21.6885,1718.6343,6.1258,1222.3603
090302,-12.8873,-74.7035,ghsl_popw_centroid,1.0087,21.7807,1707.9607,6.2180,1210.9258
090303,-12.8762,-74.6252,ghsl_popw_centroid,0.7371,22.0884,1741.1711,6.5257,1214.2346
090304,-12.9252,-74.7791,ghsl_popw_centroid,0.0748,21.2314,1688.4614,5.6687,1210.3902
090305,-12.9942,-74.3324,ghsl_popw_centroid,3.8804,22.7720,1806.5610,7.2424,1242.0578
090306,-12.9658,-74.5394,ghsl_popw_centroid,1.7471,22.5803,1770.9054,7.0176,1227.5754
090307,-12.9334,-74.6134,ghsl_popw_centroid,0.2226,22.2343,1750.0452,6.6717,1220.3410
090308,-12.9398,-74.6972,ghsl_popw_centroid,0.0273,21.7045,1722.0206,6.1418,1216.2932
090309,-13.0169,-74.4349,ghsl_popw_centroid,0.0164,22.4263,1785.7437,6.8636,1238.3331
090310,-13.0670,-74.4200,ghsl_popw_centroid,0.0105,22.5893,1787.8023,7.0266,1243.9235
090311,-13.1201,-74.4342,ghsl_popw_centroid,0.9627,22.6819,1797.2884,7.1192,1248.1566
090312,-13.0596,-74.5174,ghsl_popw_centroid,2.0303,22.2967,1769.3862,6.7341,1237.7297
090401,-13.2466,-75.3184,ghsl_popw_centroid,0.9061,20.1928,1645.2250,4.6301,1213.7270
090402,-13.1449,-75.5466,ghsl_popw_centroid,0.2734,19.0969,1561.8581,3.5343,1192.5582
090403,-13.0166,-75.5474,ghsl_popw_centroid,0.0090,19.5059,1576.9621,3.9432,1179.7308
090404,-13.3138,-75.5714,ghsl_popw_centroid,2.1199,19.7752,1586.4470,4.2125,1208.2797
090405,-12.9811,-75.5611,ghsl_popw_centroid,1.5157,19.6772,1573.1906,4.1145,1175.5355
090406,-13.2753,-75.3711,ghsl_popw_centroid,0.0428,20.5676,1658.9147,5.0050,1213.9980
090407,-13.2270,-75.5362,ghsl_popw_centroid,0.7053,19.1620,1556.9435,3.5993,1201.2525
090408,-13.1084,-75.6766,ghsl_popw_centroid,1.1616,19.2799,1565.9530,3.7173,1182.7615
090409,-13.2931,-75.4215,ghsl_popw_centroid,1.8466,19.9527,1617.2992,4.3900,1213.3303
090410,-13.2448,-75.6463,ghsl_popw_centroid,2.4912,18.8543,1535.7912,3.2916,1197.8617
090411,-13.1212,-75.1406,ghsl_popw_centroid,4.9274,20.8109,1652.9134,5.2482,1210.2794
090412,-13.0958,-75.6454,ghsl_popw_centroid,0.1745,19.3199,1570.2378,3.7572,1182.9643
090413,-13.3949,-75.4236,ghsl_popw_centroid,0.1730,19.6598,1607.0972,4.0971,1223.3783
090501,-12.7300,-74.3886,ghsl_popw_centroid,0.3172,21.7417,1722.9494,6.2121,1213.9869
090502,-12.6584,-74.5615,ghsl_popw_centroid,0.1337,21.3426,1697.0376,5.8130,1197.2274
090503,-12.4951,-74.5762,ghsl_popw_centroid,2.3420,21.3253,1674.7187,5.7957,1181.0182
090504,-12.7210,-74.4946,ghsl_popw_centroid,4.4116,21.7867,1712.6940,6.2571,1206.9811
090505,-12.7916,-74.3569,ghsl_popw_centroid,0.0353,21.7541,1733.3487,6.2245,1221.6094
090506,-12.7263,-74.4483,ghsl_popw_centroid,1.0395,21.9117,1727.9453,6.3821,1210.1608
090507,-12.5616,-74.5320,ghsl_popw_centroid,2.5828,21.3918,1689.1303,5.8622,1189.8324
090508,-12.7974,-74.3984,ghsl_popw_centroid,0.5704,21.7527,1729.4578,6.2231,1219.7356
090509,-12.5931,-74.4101,ghsl_popw_centroid,0.7152,21.8614,1720.9139,6.3318,1199.9248
090510,-12.5247,-74.4796,ghsl_popw_centroid,7.4146,21.8850,1710.4864,6.3554,1189.4432
090511,-12.5832,-74.6530,ghsl_popw_centroid,0.6670,21.2170,1681.0694,5.6873,1184.8790
090601,-13.6094,-75.3655,ghsl_popw_centroid,0.7137,19.5611,1597.8281,3.9984,1247.5640
090602,-13.6998,-75.3541,ghsl_popw_centroid,0.0580,20.0443,1636.8903,4.4816,1257.1451
090603,-14.0214,-75.1648,ghsl_popw_centroid,1.3968,20.6928,1670.4679,5.1301,1298.2401
090604,-13.5425,-75.3086,ghsl_popw_centroid,0.7869,20.0102,1627.0794,4.4475,1243.5999
090605,-13.9489,-75.0349,ghsl_popw_centroid,0.0128,21.2478,1704.1984,5.6851,1297.2375
090606,-14.0059,-75.0182,ghsl_popw_centroid,0.4007,21.2931,1719.2611,5.7304,1303.7096
090607,-13.3415,-74.9193,ghsl_popw_centroid,3.8454,20.8240,1689.1312,5.2614,1243.2194
090608,-13.9488,-74.9388,ghsl_popw_centroid,3.8057,21.8990,1732.3656,6.3363,1301.9246
090609,-13.5284,-75.3548,ghsl_popw_centroid,2.5219,20.2323,1635.0743,4.6696,1239.9825
090610,-13.4819,-75.2648,ghsl_popw_centroid,1.1543,20.2331,1638.6923,4.6704,1239.6881
090611,-13.7802,-75.2759,ghsl_popw_centroid,2.2314,20.8648,1682.6559,5.3021,1268.8772
090612,-13.9759,-75.2283,ghsl_popw_centroid,1.0574,20.8969,1654.7332,5.3342,1290.6970
090613,-13.8324,-75.2307,ghsl_popw_centroid,0.4293,20.7654,1677.8044,5.2027,1276.2353
090614,-14.0553,-74.9541,ghsl_popw_centroid,1.0814,21.5531,1737.7139,5.9904,1311.7275
090615,-13.7124,-75.2210,ghsl_popw_centroid,2.5065,20.7358,1678.8462,5.1731,1264.7308
090616,-13.6611,-75.2454,ghsl_popw_centroid,3.5951,20.5056,1660.2962,4.9429,1258.4492
090701,-12.4078,-74.8645,ghsl_popw_centroid,0.0183,20.2587,1611.6890,4.7291,1156.2381
090702,-12.4018,-75.0233,ghsl_popw_centroid,0.2877,20.0245,1593.6333,4.4949,1146.7926
090703,-12.4065,-74.9236,ghsl_popw_centroid,0.0526,20.3612,1610.2922,4.8316,1152.7898
090704,-12.4097,-74.8999,ghsl_popw_centroid,0.0351,20.2962,1610.3869,4.7666,1154.4243
090705,-12.3948,-74.6952,ghsl_popw_centroid,0.0716,21.3674,1677.8040,5.8377,1164.6859
090706,-12.3745,-74.8507,ghsl_popw_centroid,0.1086,20.2553,1613.0268,4.7257,1153.8594
090707,-12.0540,-74.5804,ghsl_popw_centroid,2.5035,22.0593,1681.0803,6.5297,1139.6705
090709,-12.2703,-74.9300,ghsl_popw_centroid,0.0580,20.2218,1598.5035,4.6922,1139.4801
090710,-12.3306,-75.0775,ghsl_popw_centroid,0.3465,19.7918,1579.3367,4.2622,1136.9820
090711,-12.2740,-75.0392,ghsl_popw_centroid,0.7797,19.7962,1577.4886,4.2666,1133.6952
090713,-12.2416,-74.7760,ghsl_popw_centroid,0.0835,21.4433,1677.1058,5.9137,1145.5937
090714,-12.2057,-74.7924,ghsl_popw_centroid,0.4043,21.3866,1674.4960,5.8570,1141.2667
090715,-12.1166,-74.7508,ghsl_popw_centroid,0.8127,21.0563,1630.8791,5.5267,1135.3401
090716,-12.0963,-74.8806,ghsl_popw_centroid,1.5817,20.5185,1601.5408,4.9889,1125.8635
090717,-12.1426,-74.6381,ghsl_popw_centroid,1.9840,21.8022,1670.9959,6.2726,1144.4313
090718,-12.1591,-74.5556,ghsl_popw_centroid,2.1493,22.1048,1687.0792,6.5752,1150.8947
090719,-12.4756,-74.7342,ghsl_popw_centroid,0.8310,20.7017,1650.8513,5.1721,1170.0658
090720,-12.3119,-74.6392,ghsl_popw_centroid,0.6273,22.3346,1717.0146,6.8050,1160.1668
090721,-12.2183,-74.4846,ghsl_popw_centroid,12.3041,22.6125,1697.2339,7.0829,1160.6481
090722,-12.2253,-74.9295,ghsl_popw_centroid,1.2133,20.4681,1605.5686,4.9385,1135.2413
090723,-12.3114,-74.8936,ghsl_popw_centroid,3.6489,20.8339,1632.9023,5.3043,1145.4422
090724,-12.0727,-74.6247,ghsl_popw_centroid,0.2961,21.9040,1676.8517,6.3744,1138.7371
090725,-12.1986,-74.5200,ghsl_popw_centroid,7.9263,22.3936,1692.8561,6.8640,1156.6937
100101,-9.9246,-76.2448,ghsl_popw_centroid,0.0088,17.5164,1300.3438,4.6723,842.1785
100102,-9.9265,-76.2296,ghsl_popw_centroid,0.0199,17.5302,1302.0897,4.6579,843.2417
100103,-9.7403,-76.0700,ghsl_popw_centroid,1.9235,18.1398,1344.3979,5.2675,835.4069
100104,-9.7935,-76.1812,ghsl_popw_centroid,6.7985,18.0303,1322.9014,5.1580,833.6278
100105,-10.0199,-76.5196,ghsl_popw_centroid,0.5874,17.0594,1254.2731,5.3183,835.7904
100106,-9.8919,-76.4163,ghsl_popw_centroid,0.6437,17.1814,1285.3404,4.9487,829.2538
100107,-9.9878,-76.3040,ghsl_popw_centroid,0.0885,17.7207,1309.6032,4.7891,844.7484
100108,-10.0603,-76.4402,ghsl_popw_centroid,5.3333,17.9692,1293.8703,5.4725,844.0320
100109,-9.8447,-76.2165,ghsl_popw_centroid,3.7873,17.8160,1312.9087,4.9559,836.3232
100110,-9.9716,-76.4490,ghsl_popw_centroid,0.8655,17.3366,1272.1554,5.0803,835.0354
100111,-9.9706,-76.2487,ghsl_popw_centroid,0.0802,17.5320,1302.8003,4.5985,846.2938
100112,-9.9550,-76.4988,ghsl_popw_centroid,0.3969,17.1775,1265.2134,5.3458,830.6848
100113,-9.7643,-75.9733,ghsl_popw_centroid,2.8811,18.5422,1357.6130,5.6698,843.5662
100201,-10.1360,-76.1964,ghsl_popw_centroid,0.0497,17.4525,1322.8500,4.3535,864.9533
100202,-10.2447,-76.3701,ghsl_popw_centroid,5.3096,17.3671,1351.7084,4.4659,865.6183
100203,-10.2670,-76.4379,ghsl_popw_centroid,8.1209,17.6739,1379.2621,4.7726,864.0908
100204,-10.0509,-76.2319,ghsl_popw_centroid,0.2743,17.6327,1313.4437,4.5431,854.8563
100205,-10.1906,-76.2544,ghsl_popw_centroid,0.3471,17.3912,1334.5396,4.4899,866.8539
100206,-10.3269,-76.2813,ghsl_popw_centroid,1.9881,17.7818,1358.6907,4.5954,878.4006
100207,-10.3236,-76.1680,ghsl_popw_centroid,0.9163,17.8070,1349.5845,4.0302,884.3992
100208,-10.0691,-76.2067,ghsl_popw_centroid,0.5052,17.5657,1315.7442,4.4761,858.0271
100301,-9.8507,-76.7995,ghsl_popw_centroid,0.5826,15.8975,1181.6378,5.2591,804.4011
100307,-9.6605,-76.6909,ghsl_popw_centroid,1.6350,16.5508,1214.5471,5.9123,791.7956
100311,-9.5882,-76.5482,ghsl_popw_centroid,2.0476,17.8373,1273.9774,6.5248,792.8806
100313,-9.6867,-76.7703,ghsl_popw_centroid,0.0561,16.1068,1200.0384,5.4683,790.0046
100316,-9.5926,-76.7222,ghsl_popw_centroid,0.6358,16.2590,1210.6150,5.6205,783.5430
100317,-9.8178,-76.8145,ghsl_popw_centroid,1.3524,15.8904,1176.7145,5.2519,800.4025
100321,-9.7452,-76.7989,ghsl_popw_centroid,1.1859,15.9544,1185.5584,5.3159,794.1523
100322,-9.7741,-76.7727,ghsl_popw_centroid,0.5276,16.5009,1189.2734,5.8624,798.3554
100323,-9.7114,-76.7344,ghsl_popw_centroid,2.5935,16.1587,1197.6803,5.5202,794.3329
100401,-9.0220,-76.9591,ghsl_popw_centroid,0.0787,16.3439,1227.7331,6.7792,715.6793
100402,-8.8757,-77.1247,ghsl_popw_centroid,0.0121,17.4382,1303.6901,7.8735,692.4250
100403,-9.1105,-76.7210,ghsl_popw_centroid,4.0049,17.5807,1304.9733,7.2645,737.7452
100404,-8.9347,-77.0251,ghsl_popw_centroid,0.0651,16.9552,1269.7526,7.3905,703.6294
100501,-9.5657,-76.8285,ghsl_popw_centroid,0.1544,16.2797,1204.1119,6.0625,775.1518
100502,-9.1537,-76.7548,ghsl_popw_centroid,0.9195,17.4844,1305.9439,7.0523,739.8513
100503,-9.4311,-76.7687,ghsl_popw_centroid,0.4016,16.6381,1237.7359,5.9996,765.4663
100504,-9.5424,-76.7317,ghsl_popw_centroid,0.3948,16.4282,1220.7698,5.7897,778.1951
100505,-9.2433,-76.7009,ghsl_popw_centroid,1.8345,17.5331,1296.3906,6.8947,751.4365
100506,-9.4890,-76.8351,ghsl_popw_centroid,1.0278,16.5218,1212.3346,6.3352,767.3804
100507,-9.2526,-76.2777,ghsl_popw_centroid,3.2162,18.1816,1391.3011,6.9249,777.7714
100508,-9.4594,-76.8179,ghsl_popw_centroid,0.0628,16.4620,1224.2843,6.4365,765.4666
100509,-9.5116,-76.8746,ghsl_popw_centroid,0.4478,16.3621,1203.3348,6.1756,767.4282
100510,-9.3897,-76.8066,ghsl_popw_centroid,0.2361,16.2298,1223.8399,6.4991,759.3912
100511,-9.3795,-76.7133,ghsl_popw_centroid,0.0962,16.9419,1259.4479,6.3035,763.6483
100601,-9.2935,-75.9994,ghsl_popw_centroid,0.0410,17.3612,1335.1484,6.1335,799.2232
100602,-9.2512,-75.8814,ghsl_popw_centroid,5.3958,17.6565,1342.8271,6.8010,803.2220
100603,-9.1752,-75.8817,ghsl_popw_centroid,0.9924,17.3892,1332.1794,6.5337,796.4970
100604,-8.9298,-76.1136,ghsl_popw_centroid,0.1143,16.7277,1283.2269,6.8133,759.3447
100605,-9.2407,-75.9790,ghsl_popw_centroid,1.2956,17.3441,1330.1343,6.2718,795.8396
100606,-9.3601,-75.9844,ghsl_popw_centroid,0.4713,17.4860,1343.9589,6.0474,806.1687
100607,-8.7140,-76.1206,ghsl_popw_centroid,3.2486,16.5666,1262.1270,7.2445,739.9406
100608,-9.2833,-76.0099,ghsl_popw_centroid,0.0342,17.4190,1338.7547,6.1623,797.6267
100609,-9.0971,-76.0508,ghsl_popw_centroid,0.6177,17.0001,1304.6997,6.5479,778.3353
100610,-9.0394,-76.0598,ghsl_popw_centroid,1.1743,16.9196,1296.5894,6.6841,772.6206
100701,-8.6040,-77.1630,ghsl_popw_centroid,0.8860,14.0333,1066.5540,8.6089,664.3018
100702,-8.5591,-76.5523,ghsl_popw_centroid,1.4678,15.1859,1157.0107,8.4472,697.4542
100703,-8.7757,-77.1689,ghsl_popw_centroid,5.8531,14.6368,1097.8065,9.2123,680.3738
100704,-8.7818,-76.2691,ghsl_popw_centroid,5.2714,16.5542,1251.5004,7.5826,735.9051
100705,-8.6456,-76.3218,ghsl_popw_centroid,7.1414,16.4368,1240.0623,7.7636,720.3438
100801,-9.9835,-75.9263,ghsl_popw_centroid,0.0633,19.7909,1400.8741,6.9185,866.6346
100802,-9.7824,-75.8615,ghsl_popw_centroid,10.1185,19.1512,1403.5939,7.1738,852.1997
100803,-9.9435,-76.0347,ghsl_popw_centroid,0.4806,18.7965,1358.1625,5.9242,856.3672
100804,-9.8695,-76.0211,ghsl_popw_centroid,1.8409,18.1754,1338.5823,5.3030,850.3262
100901,-9.3333,-74.9844,ghsl_popw_centroid,3.3885,20.0158,1537.5700,7.4481,873.2539
100902,-9.6709,-75.4230,ghsl_popw_centroid,35.3366,22.9346,1707.2876,7.7029,870.9014
100903,-8.7436,-74.7062,ghsl_popw_centroid,2.2899,20.6312,1574.2680,9.5481,847.8408
100904,-8.9539,-74.8207,ghsl_popw_centroid,5.4635,21.0839,1586.7749,10.0008,855.0947
100905,-9.6496,-75.0114,ghsl_popw_centroid,0.9651,20.3657,1572.8340,6.8558,897.6876
101001,-10.1079,-76.6720,ghsl_popw_centroid,0.4682,16.8314,1233.9697,4.8336,836.1959
101002,-10.0871,-76.7400,ghsl_popw_centroid,0.6274,16.4980,1215.5611,4.9512,830.6280
101003,-10.0308,-76.6770,ghsl_popw_centroid,0.3383,16.4343,1219.5646,5.0563,828.4093
101004,-10.1764,-76.8120,ghsl_popw_centroid,0.8264,16.8881,1241.7698,5.1049,835.7506
101005,-9.9789,-76.7002,ghsl_popw_centroid,0.4396,16.2447,1206.2932,5.1593,822.1281
101006,-9.9756,-76.6497,ghsl_popw_centroid,0.9709,16.4797,1221.1561,5.2771,824.4862
101007,-10.2377,-76.6471,ghsl_popw_centroid,1.9950,17.1078,1248.7588,4.5485,850.1907
101101,-9.8481,-76.5973,ghsl_popw_centroid,0.0349,16.6694,1241.3184,5.5777,814.9886
101102,-9.8608,-76.6322,ghsl_popw_centroid,0.3261,17.0580,1255.0292,5.8414,814.3102
101103,-9.9027,-76.6262,ghsl_popw_centroid,0.3192,16.9331,1249.4192,5.7165,818.6844
101104,-9.7288,-76.6362,ghsl_popw_centroid,0.3492,16.6447,1228.1753,6.0063,801.3740
101105,-9.8794,-76.5040,ghsl_popw_centroid,0.0490,16.8250,1258.6139,5.2456,823.1443
101106,-9.7991,-76.6674,ghsl_popw_centroid,1.8817,16.4812,1225.6173,5.7726,806.4400
101107,-9.7294,-76.6964,ghsl_popw_centroid,3.0916,16.3820,1214.0537,5.7436,798.1341
101108,-9.9039,-76.5810,ghsl_popw_centroid,0.5565,16.8406,1245.0154,5.6195,821.2563
110101,-14.0698,-75.7378,ghsl_popw_centroid,0.0491,19.1169,1565.3940,3.5542,1277.3648
110102,-14.0347,-75.7049,ghsl_popw_centroid,0.0178,19.2081,1569.5241,3.6454,1275.1915
110103,-14.0941,-75.6976,ghsl_popw_centroid,0.3454,19.2173,1572.1920,3.6547,1281.5640
110104,-14.3981,-75.6957,ghsl_popw_centroid,0.6276,19.7105,1608.4806,4.1478,1312.7299
110105,-14.1537,-75.6862,ghsl_popw_centroid,0.0773,19.3188,1578.7102,3.7562,1288.1347
110106,-14.0526,-75.7050,ghsl_popw_centroid,0.0100,19.1540,1568.5366,3.5913,1277.0128
110107,-14.1224,-75.6990,ghsl_popw_centroid,0.4302,19.2757,1574.6569,3.7130,1284.3923
110108,-13.9559,-75.8232,ghsl_popw_centroid,1.9965,18.9907,1549.9725,3.4280,1262.0947
110109,-13.9380,-75.6737,ghsl_popw_centroid,0.0172,19.3437,1573.1407,3.7810,1266.6950
110110,-14.0232,-75.7359,ghsl_popw_centroid,0.1153,19.1398,1562.3968,3.5771,1272.6880
110111,-14.2208,-75.6971,ghsl_popw_centroid,0.9326,19.3942,1585.4415,3.8315,1294.5250
110112,-14.0304,-75.7538,ghsl_popw_centroid,0.0276,19.0682,1561.0892,3.5055,1272.6583
110113,-14.1523,-75.7058,ghsl_popw_centroid,0.1060,19.2692,1576.5191,3.7065,1287.1554
110114,-14.1157,-75.4586,ghsl_popw_centroid,1.9043,19.7028,1602.1356,4.1401,1294.2198
110201,-13.4188,-76.1286,ghsl_popw_centroid,0.0419,17.8197,1461.1587,2.2570,1194.2392
110202,-13.4402,-76.0767,ghsl_popw_centroid,0.0204,17.9826,1468.3449,2.4199,1198.6088
110203,-13.0697,-75.9291,ghsl_popw_centroid,0.2316,18.9520,1523.8765,3.3893,1167.2932
110204,-13.4760,-76.1497,ghsl_popw_centroid,0.0701,17.9180,1465.0909,2.3553,1199.2348
110205,-13.5227,-76.0811,ghsl_popw_centroid,0.1473,18.2512,1481.2059,2.6886,1206.8797
110206,-13.3943,-76.1567,ghsl_popw_centroid,0.1562,17.8101,1458.7982,2.2474,1190.5543
110207,-13.3980,-76.1324,ghsl_popw_centroid,0.0277,17.8660,1461.7237,2.3033,1191.9471
110208,-13.2104,-75.8345,ghsl_popw_centroid,0.2857,18.8457,1534.7608,3.2830,1185.7787
110209,-13.0820,-75.7102,ghsl_popw_centroid,1.3969,19.4481,1574.1500,3.8854,1178.5434
110210,-13.4227,-76.1519,ghsl_popw_centroid,0.0781,17.8273,1460.1315,2.2646,1193.6693
110211,-13.4607,-76.1820,ghsl_popw_centroid,0.0372,17.8372,1460.0958,2.2745,1196.3300
110301,-14.8337,-74.9425,ghsl_popw_centroid,0.0397,20.9113,1706.7564,5.3486,1390.0291
110302,-14.6773,-75.2443,ghsl_popw_centroid,2.2570,20.7539,1678.7808,5.1913,1360.6247
110303,-14.6495,-75.0695,ghsl_popw_centroid,0.2933,20.6963,1687.5129,5.1337,1365.6807
110304,-15.3628,-75.1624,ghsl_popw_centroid,0.0966,21.9004,1782.0144,6.3377,1433.8912
110305,-14.8610,-74.9418,ghsl_popw_centroid,0.6802,20.9984,1710.2517,5.4357,1392.8062
110401,-14.5317,-75.1829,ghsl_popw_centroid,0.0208,20.3098,1658.3781,4.7471,1348.6525
110402,-14.5817,-75.2032,ghsl_popw_centroid,0.2968,20.3974,1664.8685,4.8347,1352.7852
110403,-14.4754,-75.1900,ghsl_popw_centroid,0.0933,20.3275,1659.1072,4.7648,1342.6525
110404,-14.4839,-75.2497,ghsl_popw_centroid,0.3907,20.2148,1648.7313,4.6521,1340.8138
110405,-14.0930,-75.1555,ghsl_popw_centroid,6.4712,20.8945,1673.0909,5.3318,1305.8389
110501,-13.7119,-76.2021,ghsl_popw_centroid,0.0559,18.2897,1496.5523,2.7270,1221.4020
110502,-13.5868,-75.5998,ghsl_popw_centroid,1.0635,19.0824,1558.4834,3.5197,1234.4173
110503,-13.7363,-75.9083,ghsl_popw_centroid,0.4607,18.7265,1521.9862,3.1638,1236.0299
110504,-13.6827,-76.0103,ghsl_popw_centroid,0.2189,18.5995,1510.7204,3.0368,1226.2458
110505,-13.8057,-76.1952,ghsl_popw_centroid,2.6335,18.6010,1516.8891,3.0384,1231.3690
110506,-13.7373,-76.2034,ghsl_popw_centroid,0.4864,18.3724,1499.7184,2.8098,1223.9736
110507,-13.6754,-76.1542,ghsl_popw_centroid,0.0415,18.1793,1489.2791,2.6167,1219.5682
110508,-13.7131,-76.1478,ghsl_popw_centroid,0.0269,18.2308,1494.0505,2.6681,1223.7132
120101,-12.0618,-75.2022,ghsl_popw_centroid,0.0396,19.3565,1544.3157,3.8269,1104.3564
120104,-12.3546,-75.2008,ghsl_popw_centroid,5.0361,20.4641,1590.6100,4.9345,1132.5526
120105,-12.3455,-75.2394,ghsl_popw_centroid,1.2357,20.4722,1581.8245,4.9426,1129.5922
120106,-12.2968,-75.3017,ghsl_popw_centroid,0.0260,20.0339,1567.0006,4.5043,1121.5405
120107,-12.0862,-75.2025,ghsl_popw_centroid,0.0084,19.3556,1545.4985,3.8260,1106.6740
120108,-12.3335,-75.3132,ghsl_popw_centroid,0.0651,20.2228,1576.5584,4.6932,1124.4804
120111,-12.1684,-75.2472,ghsl_popw_centroid,0.0488,19.4781,1552.4444,3.9485,1112.1015
120112,-12.3241,-75.1877,ghsl_popw_centroid,2.3144,20.2222,1583.1248,4.6926,1130.3236
120113,-12.2409,-75.1627,ghsl_popw_centroid,0.2008,19.6638,1566.6797,4.1342,1123.6925
120114,-12.0474,-75.2230,ghsl_popw_centroid,0.0502,19.3115,1541.4963,3.7819,1101.8258
120116,-12.1781,-75.2174,ghsl_popw_centroid,0.4680,19.5429,1556.0065,4.0133,1114.6635
120117,-11.9736,-75.2547,ghsl_popw_centroid,0.0329,19.2353,1533.4115,3.7057,1093.0084
120119,-12.1058,-75.2063,ghsl_popw_centroid,0.0974,19.4179,1547.5314,3.8883,1108.3403
120120,-12.3419,-75.2758,ghsl_popw_centroid,0.7921,20.4161,1582.2179,4.8865,1127.2907
120121,-12.1322,-75.2229,ghsl_popw_centroid,0.1158,19.4116,1550.5454,3.8820,1109.9561
120122,-11.8923,-75.2617,ghsl_popw_centroid,0.3397,19.2427,1531.7993,3.7131,1084.8519
120124,-12.0007,-74.8615,ghsl_popw_centroid,1.7492,20.9285,1618.0335,5.3989,1117.9953
120125,-12.0530,-75.2527,ghsl_popw_centroid,0.0715,19.2785,1538.4047,3.7489,1100.7211
120126,-12.1810,-75.1304,ghsl_popw_centroid,0.6805,19.6017,1560.1326,4.0721,1119.7385
120127,-11.8861,-75.2835,ghsl_popw_centroid,0.1484,19.1891,1529.3401,3.6595,1083.0441
120128,-11.9341,-75.2558,ghsl_popw_centroid,0.1474,19.2811,1533.8608,3.7515,1089.1719
120129,-12.0009,-75.2472,ghsl_popw_centroid,0.1607,19.2660,1536.0467,3.7364,1096.0357
120130,-11.9480,-75.2844,ghsl_popw_centroid,0.0104,19.1675,1528.8466,3.6379,1088.9127
120132,-11.9577,-75.2612,ghsl_popw_centroid,0.0563,19.2222,1531.9978,3.6926,1091.1271
120133,-12.1348,-75.1673,ghsl_popw_centroid,0.1253,19.4399,1552.3497,3.9103,1113.2739
120134,-12.0313,-75.2802,ghsl_popw_centroid,0.4068,19.2982,1535.6723,3.7686,1097.1262
120135,-11.8559,-74.7462,ghsl_popw_centroid,14.6684,22.4508,1679.1558,6.9212,1111.3401
120136,-12.1587,-75.2315,ghsl_popw_centroid,0.0489,19.4506,1552.3775,3.9210,1112.0279
120201,-11.9171,-75.3167,ghsl_popw_centroid,0.0210,19.1150,1525.0414,3.5854,1084.1673
120202,-11.9564,-75.3765,ghsl_popw_centroid,0.2064,19.2207,1523.3103,3.6911,1084.6556
120203,-11.7007,-74.8251,ghsl_popw_centroid,7.2769,20.7195,1618.0469,5.1899,1092.2134
120204,-12.0223,-75.3946,ghsl_popw_centroid,0.8924,19.6701,1542.1415,4.1405,1090.0206
120205,-11.6475,-75.1066,ghsl_popw_centroid,5.2858,20.1093,1580.0829,4.5797,1070.5395
120206,-11.7075,-75.0646,ghsl_popw_centroid,0.1974,19.8095,1571.3606,4.2799,1078.6234
120207,-11.8427,-75.2932,ghsl_popw_centroid,0.8986,19.2801,1531.9617,3.7505,1078.3592
120208,-12.0146,-75.3495,ghsl_popw_centroid,0.2633,19.3941,1533.7945,3.8645,1091.7274
120209,-11.5969,-75.0995,ghsl_popw_centroid,7.4034,20.4020,1597.1496,4.8724,1066.2110
120210,-11.8850,-75.3565,ghsl_popw_centroid,0.4055,19.0894,1520.1336,3.5598,1078.8948
120211,-11.9274,-75.3467,ghsl_popw_centroid,0.2466,19.0914,1521.1820,3.5618,1083.5013
120212,-11.8929,-75.3138,ghsl_popw_centroid,0.4353,19.1524,1525.5612,3.6228,1082.0109
120213,-11.9696,-75.3157,ghsl_popw_centroid,0.3720,19.1477,1527.2294,3.6181,1089.2548
120214,-12.0502,-75.5275,ghsl_popw_centroid,0.4752,19.5070,1522.0679,3.9774,1085.6182
120215,-11.8758,-75.3044,ghsl_popw_centroid,0.2286,19.1553,1525.4707,3.6257,1080.8970
120301,-11.0426,-75.3220,ghsl_popw_centroid,0.0814,19.1184,1507.7786,3.8868,1001.2961
120302,-10.9148,-74.9876,ghsl_popw_centroid,3.9680,20.0458,1570.1170,4.8141,1010.2017
120303,-10.9495,-74.8627,ghsl_popw_centroid,0.9179,20.0797,1581.7067,4.8481,1021.3044
120304,-10.8392,-75.2438,ghsl_popw_centroid,2.1777,20.1088,1551.2690,4.8772,987.2745
120305,-11.1250,-75.3623,ghsl_popw_centroid,0.0293,18.9608,1495.2962,3.7292,1006.5777
120306,-11.2311,-75.3451,ghsl_popw_centroid,9.8527,19.5270,1508.4451,4.2953,1017.5219
120401,-11.7752,-75.4956,ghsl_popw_centroid,0.0350,18.8354,1501.4913,3.3058,1060.7250
120402,-11.7154,-75.5524,ghsl_popw_centroid,0.1055,18.7866,1490.7805,3.4589,1051.8759
120403,-11.8151,-75.3348,ghsl_popw_centroid,2.0729,19.3726,1525.0257,3.8430,1073.4046
120404,-11.8003,-75.4427,ghsl_popw_centroid,0.0069,18.8492,1505.5719,3.3196,1066.0289
120405,-11.8104,-75.7201,ghsl_popw_centroid,0.3196,18.4466,1469.8299,2.9170,1052.1483
120406,-11.7854,-75.6685,ghsl_popw_centroid,0.3108,18.4277,1470.8207,2.8981,1052.4293
120407,-11.8275,-75.3949,ghsl_popw_centroid,0.1711,18.9671,1511.9974,3.4375,1071.2655
120408,-11.8062,-75.4223,ghsl_popw_centroid,0.0830,18.9077,1508.1905,3.3781,1067.7148
120409,-11.8087,-75.4723,ghsl_popw_centroid,0.0070,18.8028,1501.3882,3.2732,1065.2193
120410,-11.7672,-75.4710,ghsl_popw_centroid,0.6231,18.9095,1504.3287,3.3799,1061.2984
120411,-11.7580,-75.6112,ghsl_popw_centroid,0.5918,19.1330,1502.9144,3.7521,1052.8213
120412,-11.7574,-75.4395,ghsl_popw_centroid,0.1355,19.0117,1509.5365,3.4821,1062.0859
120413,-11.8635,-75.4144,ghsl_popw_centroid,0.0267,18.9097,1510.3160,3.3801,1073.6518
120414,-11.8137,-75.6203,ghsl_popw_centroid,0.0949,18.4891,1476.8982,2.9595,1057.7338
120415,-11.7509,-75.5599,ghsl_popw_centroid,0.0817,18.9278,1496.3742,3.5170,1054.8942
120416,-11.7850,-75.4262,ghsl_popw_centroid,0.0465,18.9473,1509.7901,3.4177,1065.4658
120417,-11.7887,-75.3712,ghsl_popw_centroid,1.3141,19.1153,1515.8314,3.5857,1068.8582
120418,-11.6794,-75.3992,ghsl_popw_centroid,7.6943,19.3735,1516.3702,3.8439,1056.8531
120419,-11.3849,-75.2835,ghsl_popw_centroid,27.6691,20.4178,1526.2615,5.1861,1035.5577
120420,-11.8331,-75.4347,ghsl_popw_centroid,0.0812,18.9446,1506.5227,3.4150,1069.6191
120421,-11.8156,-75.4542,ghsl_popw_centroid,0.1042,18.8498,1503.6213,3.3202,1066.8706
120422,-11.6997,-75.5223,ghsl_popw_centroid,0.2942,19.0735,1501.9856,3.5545,1052.0031
120423,-11.8565,-75.5043,ghsl_popw_centroid,0.4851,18.8640,1499.9999,3.3344,1068.0918
120424,-11.7502,-75.4935,ghsl_popw_centroid,0.1720,18.9340,1502.4300,3.4044,1058.4337
120425,-11.8126,-75.5322,ghsl_popw_centroid,1.1244,18.7088,1491.3859,3.1792,1062.3471
120426,-11.6884,-75.6424,ghsl_popw_centroid,1.2711,19.4984,1518.5100,4.1175,1044.4125
120427,-11.5505,-75.5087,ghsl_popw_centroid,6.2282,19.0754,1482.7173,3.8437,1038.4384
120428,-11.8449,-75.3842,ghsl_popw_centroid,0.1606,18.9665,1513.9514,3.4369,1073.5236
120429,-11.7248,-75.4857,ghsl_popw_centroid,1.2194,19.0646,1507.4590,3.5350,1056.4186
120430,-11.7894,-75.4862,ghsl_popw_centroid,0.0893,18.7999,1501.1464,3.2703,1062.6041
120431,-11.9149,-75.4382,ghsl_popw_centroid,1.8379,19.6330,1535.6162,4.1034,1077.3025
120432,-11.7175,-75.5763,ghsl_popw_centroid,0.3163,18.9379,1495.7552,3.6101,1050.7839
120433,-11.7180,-75.4761,ghsl_popw_centroid,0.1664,19.0309,1507.0701,3.5013,1056.2922
120434,-11.7820,-75.5003,ghsl_popw_centroid,0.0336,18.8330,1501.8134,3.3034,1061.1240
120501,-11.1544,-75.9956,ghsl_popw_centroid,0.0739,17.7697,1418.0111,2.9635,973.7878
120502,-10.9223,-76.0562,ghsl_popw_centroid,0.0355,17.3895,1395.5567,3.3211,948.0540
120503,-11.0516,-76.1866,ghsl_popw_centroid,0.6262,17.5568,1396.8637,3.5067,953.7333
120504,-10.9315,-75.7999,ghsl_popw_centroid,9.0720,18.5345,1447.1388,4.4660,963.0590
120601,-11.2377,-74.6303,ghsl_popw_centroid,0.3599,20.7377,1629.2465,5.5060,1062.1389
120602,-11.2914,-74.6557,ghsl_popw_centroid,1.9437,20.9666,1637.6739,5.7349,1065.3404
120603,-11.3924,-74.5822,ghsl_popw_centroid,1.6924,21.3356,1659.7211,6.1040,1079.1365
120604,-11.3252,-74.4936,ghsl_popw_centroid,0.3745,21.0592,1654.3086,5.8275,1078.8103
120605,-11.4030,-74.7791,ghsl_popw_centroid,0.9764,20.9936,1656.5922,5.4640,1067.6750
120606,-11.5121,-74.4227,ghsl_popw_centroid,2.5672,21.4437,1679.0942,6.2120,1100.1266
120607,-11.1374,-74.6863,ghsl_popw_centroid,1.6298,20.5689,1614.1653,5.3372,1049.5314
120608,-11.3765,-74.0201,ghsl_popw_centroid,37.9717,23.4913,1726.1160,8.2597,1114.7924
120609,-12.2194,-74.0535,ghsl_popw_centroid,6.3452,26.8631,2002.8174,11.3335,1187.3891
120701,-11.4176,-75.6923,ghsl_popw_centroid,0.0210,18.1828,1442.7036,2.9511,1015.5771
120702,-11.3508,-75.6558,ghsl_popw_centroid,0.1174,18.3429,1443.2450,3.1113,1011.1666
120703,-11.5136,-75.6254,ghsl_popw_centroid,1.6952,18.4927,1462.5002,3.2611,1028.4685
120704,-11.2588,-75.6535,ghsl_popw_centroid,8.1981,18.8219,1445.9059,3.5971,1002.4909
120705,-11.3754,-75.7721,ghsl_popw_centroid,0.0978,18.0284,1423.1533,2.8680,1007.1729
120706,-11.3253,-75.5673,ghsl_popw_centroid,1.2979,18.5296,1457.3453,3.2979,1013.6631
120707,-11.2934,-75.7685,ghsl_popw_centroid,0.0112,18.2099,1428.0267,3.3325,999.4632
120708,-11.2246,-75.8461,ghsl_popw_centroid,1.6215,17.9668,1416.0914,3.0894,988.6115
120709,-11.4127,-75.5572,ghsl_popw_centroid,2.6873,18.8012,1464.5044,3.5695,1022.5662
120801,-11.5478,-75.9121,ghsl_popw_centroid,1.5815,17.8884,1426.4174,2.3588,1016.5039
120802,-11.7064,-75.7931,ghsl_popw_centroid,0.6052,18.3328,1454.6432,2.8032,1038.1888
120803,-11.7271,-75.9325,ghsl_popw_centroid,0.1568,18.1766,1461.5748,2.6470,1033.0383
120804,-11.3936,-76.2984,ghsl_popw_centroid,0.6783,17.2430,1358.1315,2.0913,981.8142
120805,-11.5900,-76.0775,ghsl_popw_centroid,0.2627,17.4667,1414.3506,1.9371,1012.2114
120806,-11.4677,-75.9640,ghsl_popw_centroid,0.3051,17.9352,1411.5540,2.4056,1005.9791
120807,-11.1977,-76.3250,ghsl_popw_centroid,1.2743,16.9283,1344.2335,2.5922,961.0773
120808,-11.5463,-75.9360,ghsl_popw_centroid,0.1637,17.7560,1426.1420,2.2264,1015.1193
120809,-11.8302,-75.9794,ghsl_popw_centroid,4.8641,18.7576,1476.9491,3.2280,1040.8427
120810,-11.6651,-76.0806,ghsl_popw_centroid,0.2377,17.7209,1432.9012,2.1913,1019.4781
120901,-12.0638,-75.2873,ghsl_popw_centroid,0.0148,19.3747,1538.8914,3.8451,1099.8562
120902,-12.0775,-75.3283,ghsl_popw_centroid,0.1400,19.5295,1545.3552,3.9999,1098.9362
120903,-12.1359,-75.2665,ghsl_popw_centroid,0.0408,19.5052,1547.7492,3.9756,1107.9229
120904,-12.0334,-75.3437,ghsl_popw_centroid,0.1064,19.4602,1535.7333,3.9306,1093.8527
120905,-12.0788,-75.2443,ghsl_popw_centroid,0.3584,19.3443,1542.4902,3.8147,1103.6573
120906,-12.1067,-75.2924,ghsl_popw_centroid,0.2023,19.5092,1544.5104,3.9796,1103.7013
120907,-12.1069,-75.4492,ghsl_popw_centroid,0.0465,19.7437,1534.0016,4.2141,1095.2738
120908,-12.1092,-75.2442,ghsl_popw_centroid,0.1363,19.3846,1545.4019,3.8550,1106.5790
120909,-12.2132,-75.4053,ghsl_popw_centroid,0.2082,20.1606,1552.5607,4.6310,1107.9180
130101,-8.1085,-79.0254,ghsl_popw_centroid,0.0598,9.1757,721.2950,6.4310,531.9924
130102,-8.0733,-79.0065,ghsl_popw_centroid,0.0098,9.2311,720.7950,6.5243,528.7564
130103,-8.0827,-79.0228,ghsl_popw_centroid,0.0134,9.1713,719.5733,6.4957,529.2956
130104,-8.0552,-79.0819,ghsl_popw_centroid,0.0696,9.0890,714.6659,6.6176,524.6809
130105,-8.0702,-79.0504,ghsl_popw_centroid,0.0673,9.0818,715.9216,6.4931,527.1701
130106,-8.0854,-78.9419,ghsl_popw_centroid,0.2386,9.3761,729.1504,6.5574,531.9690
130107,-8.1664,-79.0078,ghsl_popw_centroid,0.0389,9.2638,728.0334,6.3080,538.7125
130108,-8.0135,-78.7647,ghsl_popw_centroid,0.1416,9.7151,758.3919,6.8963,530.0759
130109,-8.2099,-78.9763,ghsl_popw_centroid,0.0071,9.3832,734.4768,6.3880,544.2853
130110,-7.9666,-78.8063,ghsl_popw_centroid,0.2141,9.6545,752.5231,6.8358,523.6945
130111,-8.1377,-79.0460,ghsl_popw_centroid,0.0507,9.2323,724.6304,6.4339,534.5529
130201,-7.7097,-79.1056,ghsl_popw_centroid,0.1147,8.9559,693.9156,7.2079,486.8787
130202,-7.8371,-79.0988,ghsl_popw_centroid,4.3789,9.0178,694.3964,7.1226,500.7504
130203,-7.7925,-79.2292,ghsl_popw_centroid,0.2328,8.6053,677.6836,6.9859,492.4183
130204,-7.8624,-79.2963,ghsl_popw_centroid,0.3488,9.0595,694.2292,7.3902,498.3388
130205,-7.7294,-79.3059,ghsl_popw_centroid,0.0067,8.4553,666.3348,7.1152,483.6731
130206,-7.7035,-79.4087,ghsl_popw_centroid,0.7410,8.6595,678.3554,7.3160,478.4934
130207,-7.9058,-79.2229,ghsl_popw_centroid,0.3530,8.9357,694.7600,7.0626,504.8372
130208,-7.7342,-79.1883,ghsl_popw_centroid,0.1383,8.7702,683.8173,7.1433,487.1983
130301,-7.2033,-77.7304,ghsl_popw_centroid,21.4886,14.9401,1019.3741,14.9574,499.4308
130302,-7.4768,-77.7068,ghsl_popw_centroid,23.2549,14.2916,1026.7235,11.2518,526.2469
130303,-7.5533,-77.6234,ghsl_popw_centroid,19.9863,14.0324,1019.1462,10.9927,538.3774
130304,-7.0121,-77.9239,ghsl_popw_centroid,0.1834,12.8213,961.3510,12.8386,469.8768
130305,-7.0484,-77.8102,ghsl_popw_centroid,5.2171,14.1241,1003.0206,14.1415,480.2438
130306,-7.1630,-77.8676,ghsl_popw_centroid,11.5884,14.5450,1012.9705,14.5623,487.3126
130401,-7.2316,-79.4194,ghsl_popw_centroid,0.0238,7.5053,593.6748,8.1993,426.9236
130402,-7.1548,-79.4648,ghsl_popw_centroid,1.3688,7.3845,583.3656,8.3382,417.5056
130403,-7.1832,-79.5337,ghsl_popw_centroid,0.6446,7.6948,597.7282,8.3690,419.0610
130501,-8.0522,-78.4687,ghsl_popw_centroid,0.3448,10.5325,819.1505,7.2749,545.1947
130502,-8.1360,-78.4018,ghsl_popw_centroid,0.3732,11.2671,869.4161,8.1954,556.5699
130503,-8.1199,-78.5995,ghsl_popw_centroid,0.8260,10.6636,821.9291,6.8062,547.1840
130504,-8.2426,-78.3941,ghsl_popw_centroid,0.0275,11.6497,880.8227,8.3920,567.9027
130601,-7.8925,-78.5659,ghsl_popw_centroid,0.5440,10.2200,794.8162,7.4012,524.7663
130602,-7.9451,-78.4758,ghsl_popw_centroid,5.8197,10.7415,824.4389,7.7018,533.8351
130604,-7.8161,-78.4675,ghsl_popw_centroid,0.4252,10.9126,834.1477,8.0939,520.8937
130605,-7.6928,-78.4534,ghsl_popw_centroid,0.3088,10.8754,817.1322,8.7706,508.8638
130606,-7.9096,-78.6870,ghsl_popw_centroid,0.9981,10.1404,777.8772,7.3217,521.9218
130608,-8.0318,-78.5327,ghsl_popw_centroid,0.0646,10.3601,809.4678,7.0371,540.5402
130610,-7.8862,-78.7028,ghsl_popw_centroid,0.6264,10.3060,774.7743,7.4873,518.8877
130611,-8.0293,-78.6163,ghsl_popw_centroid,1.1670,10.3098,792.1403,7.4911,537.0788
130613,-7.8099,-78.7368,ghsl_popw_centroid,0.4755,9.9689,755.3934,7.5829,509.6407
130614,-7.8254,-78.3668,ghsl_popw_centroid,1.3642,11.3100,852.5205,8.4913,526.1853
130701,-7.4349,-79.5047,ghsl_popw_centroid,0.1038,7.9289,623.7725,7.6542,447.1461
130702,-7.2665,-79.4700,ghsl_popw_centroid,0.0083,7.5629,599.2167,8.1312,429.5348
130703,-7.3474,-79.5377,ghsl_popw_centroid,0.3948,7.8496,616.0409,8.0292,436.9098
130704,-7.4055,-79.5633,ghsl_popw_centroid,0.0237,7.8278,621.9209,7.7812,442.7590
130705,-7.3450,-79.4516,ghsl_popw_centroid,0.4118,7.7652,612.9199,8.0075,438.4942
130801,-8.2880,-77.2820,ghsl_popw_centroid,0.4709,14.2640,1109.2688,9.1284,627.5059
130802,-8.1489,-77.3987,ghsl_popw_centroid,1.0010,13.7990,1077.9762,9.5596,607.5975
130803,-8.1487,-77.5199,ghsl_popw_centroid,12.0106,14.6051,1089.6896,11.3539,600.7048
130804,-8.4507,-77.2781,ghsl_popw_centroid,0.8234,14.2323,1080.7220,8.8079,643.1672
130805,-8.1891,-77.3345,ghsl_popw_centroid,0.3090,14.0010,1096.2127,9.2884,615.1161
130806,-8.0329,-77.5802,ghsl_popw_centroid,0.6456,13.9038,1075.5219,10.6526,586.2409
130807,-8.1887,-77.0458,ghsl_popw_centroid,27.5073,15.8804,1148.1996,10.6406,632.4587
130808,-8.0239,-77.4760,ghsl_popw_centroid,0.6432,13.5327,1057.7425,9.7901,591.3000
130809,-7.7473,-77.6232,ghsl_popw_centroid,3.9159,13.3471,1024.5315,10.3074,556.6107
130810,-7.8908,-77.5477,ghsl_popw_centroid,2.9674,13.4514,1042.4907,10.2056,574.5570
130811,-8.4382,-77.3489,ghsl_popw_centroid,2.2222,14.5053,1093.5370,9.0809,637.9911
130812,-8.2933,-77.4332,ghsl_popw_centroid,4.0788,14.3172,1079.5955,8.8928,619.4014
130813,-8.3469,-77.3812,ghsl_popw_centroid,3.5321,14.3069,1080.4151,8.8825,627.4430
130901,-7.8184,-78.0484,ghsl_popw_centroid,0.0228,11.4599,895.6401,8.4202,540.4834
130902,-7.7940,-77.8316,ghsl_popw_centroid,0.5355,12.1939,951.0776,9.1542,549.3940
130903,-7.8270,-77.7055,ghsl_popw_centroid,0.9053,12.6975,990.2348,9.6578,559.5101
130904,-7.8474,-77.9515,ghsl_popw_centroid,0.2297,11.8096,908.8751,8.7699,548.2693
130905,-7.7070,-77.9998,ghsl_popw_centroid,0.6676,11.7951,914.3404,8.9141,531.9883
130906,-7.8083,-78.1869,ghsl_popw_centroid,5.1921,12.0621,916.5841,9.0224,532.7071
130907,-7.9285,-77.9109,ghsl_popw_centroid,1.6671,12.3052,931.1747,8.4528,558.3315
130908,-7.6299,-77.7738,ghsl_popw_centroid,4.8565,13.5748,1017.4669,10.5351,536.8253
131001,-8.2222,-78.2164,ghsl_popw_centroid,6.8646,11.4254,876.0132,8.3856,573.2531
131002,-8.1293,-78.0488,ghsl_popw_centroid,0.1874,11.8025,923.8906,7.6520,571.4693
131003,-8.0452,-78.1115,ghsl_popw_centroid,0.6415,11.4319,888.7884,8.1677,560.0627
131004,-8.1576,-77.9887,ghsl_popw_centroid,0.3005,12.0556,939.0213,7.4102,577.1741
131005,-8.1648,-77.9469,ghsl_popw_centroid,0.0690,12.1887,945.4320,7.3486,579.9191
131006,-8.0097,-78.2195,ghsl_popw_centroid,3.1527,11.1172,859.2679,8.0775,551.4974
131007,-8.1231,-78.1038,ghsl_popw_centroid,0.0117,11.6395,910.6306,7.8201,568.2668
131008,-8.0222,-77.7658,ghsl_popw_centroid,0.3644,12.2992,949.7741,8.0380,575.0886
131101,-7.5167,-78.7858,ghsl_popw_centroid,0.4381,9.8617,761.8410,8.0499,477.1302
131102,-7.6445,-78.5629,ghsl_popw_centroid,0.9873,10.3893,789.2424,8.5776,499.2491
131103,-7.6419,-78.6808,ghsl_popw_centroid,6.7959,10.1097,763.8390,8.2980,494.2177
131104,-7.5796,-78.4647,ghsl_popw_centroid,1.7235,10.6228,800.9343,8.8110,496.8211
131201,-8.4178,-78.7846,ghsl_popw_centroid,0.3243,9.7622,767.0524,5.8381,572.3061
131202,-8.5452,-78.6563,ghsl_popw_centroid,1.4711,10.0723,788.8189,5.6766,589.9996
131203,-8.9274,-78.6333,ghsl_popw_centroid,0.2731,10.5570,833.4459,5.0382,631.3605
140101,-6.7733,-79.8465,ghsl_popw_centroid,0.0116,6.5112,518.3456,9.0696,368.5469
140102,-6.6666,-79.4187,ghsl_popw_centroid,1.3874,7.2771,575.2129,9.7626,365.9001
140103,-6.9083,-79.8573,ghsl_popw_centroid,0.0943,6.8353,534.7244,9.1204,383.3042
140104,-6.9290,-79.8650,ghsl_popw_centroid,0.0719,6.8301,536.2826,9.0473,385.4924
140105,-6.7528,-79.8388,ghsl_popw_centroid,0.0341,6.5397,517.9973,9.1043,366.3932
140106,-6.8009,-79.8416,ghsl_popw_centroid,0.0248,6.5752,521.8853,9.0253,371.6595
140107,-6.9972,-79.6405,ghsl_popw_centroid,1.3982,7.0713,557.6563,8.6670,396.5686
140108,-6.8701,-79.8615,ghsl_popw_centroid,0.1989,6.7079,530.3102,9.0080,379.0314
140109,-6.8781,-79.3633,ghsl_popw_centroid,0.2130,7.7100,581.9051,9.4914,390.2002
140110,-6.8371,-79.2910,ghsl_popw_centroid,0.6449,8.0122,593.2467,9.7935,387.9336
140111,-6.7159,-79.7764,ghsl_popw_centroid,0.2240,6.6724,527.9745,9.2202,363.2801
140112,-6.7845,-79.8884,ghsl_popw_centroid,0.1634,6.5844,520.5332,9.1529,369.2357
140113,-6.8670,-79.8141,ghsl_popw_centroid,0.1547,6.6841,530.4805,8.9267,379.3377
140114,-6.8794,-79.9190,ghsl_popw_centroid,0.0493,6.7407,533.5663,9.1272,379.3705
140115,-6.8820,-79.6001,ghsl_popw_centroid,2.5625,7.2248,556.8903,9.1326,384.7855
140116,-6.8915,-79.5552,ghsl_popw_centroid,0.2606,7.1899,558.4380,8.9712,386.7960
140117,-6.7350,-79.6231,ghsl_popw_centroid,0.0654,6.8667,545.2331,9.3522,368.2560
140118,-6.7707,-79.7773,ghsl_popw_centroid,0.0663,6.6103,525.7952,9.1221,369.2930
140119,-6.7840,-79.5875,ghsl_popw_centroid,0.7924,7.0555,551.3317,9.2390,374.3695
140120,-6.7476,-79.6994,ghsl_popw_centroid,0.0257,6.7579,536.6212,9.2697,368.1102
140201,-6.6370,-79.7882,ghsl_popw_centroid,0.0344,6.6431,522.5856,9.3274,354.4106
140202,-6.0551,-79.2912,ghsl_popw_centroid,4.8900,8.8376,635.0753,11.6225,305.3443
140203,-6.2274,-79.3707,ghsl_popw_centroid,0.2617,7.9466,599.4436,10.7315,320.5251
140204,-6.6477,-79.7285,ghsl_popw_centroid,0.7370,6.7956,530.0308,9.4800,356.6204
140205,-6.4816,-79.6831,ghsl_popw_centroid,0.2426,6.9611,531.7874,9.7461,339.3325
140206,-6.6377,-79.7976,ghsl_popw_centroid,0.0217,6.6570,522.3709,9.3639,354.3353
140301,-6.6950,-79.9081,ghsl_popw_centroid,0.0817,6.3738,507.5268,9.2228,359.1042
140302,-6.1555,-79.6483,ghsl_popw_centroid,0.1464,6.4834,510.0526,10.2281,304.6386
140303,-6.4726,-79.8554,ghsl_popw_centroid,0.0064,6.6424,510.3458,9.5337,335.2647
140304,-6.3845,-79.7994,ghsl_popw_centroid,1.5663,6.7408,523.6077,9.7604,326.4733
140305,-6.5574,-79.8844,ghsl_popw_centroid,1.6786,6.5951,516.1184,9.4863,344.2072
140306,-6.5229,-79.9777,ghsl_popw_centroid,0.4389,6.3380,491.1625,9.7221,339.2891
140307,-6.1583,-79.7111,ghsl_popw_centroid,0.1745,6.3211,500.9026,10.1069,303.4695
140308,-5.9331,-79.8056,ghsl_popw_centroid,4.1772,6.0561,470.1453,10.6943,276.8878
140309,-6.4362,-79.8564,ghsl_popw_centroid,0.2559,6.8064,518.1555,9.6977,331.2393
140310,-6.2028,-79.5707,ghsl_popw_centroid,4.2470,7.0454,530.2164,10.7900,311.7638
140311,-6.7681,-79.9513,ghsl_popw_centroid,0.1049,6.6260,518.0057,9.2178,366.7071
140312,-6.5048,-79.8697,ghsl_popw_centroid,0.7689,6.6601,506.8790,9.5514,338.6068
150101,-12.0515,-77.0459,ghsl_popw_centroid,0.0246,15.5848,1266.4089,0.0215,1016.1879
150102,-11.7633,-77.1517,ghsl_popw_centroid,0.4884,15.1926,1234.0518,0.4829,982.1408
150103,-12.0347,-76.9069,ghsl_popw_centroid,0.0573,15.7907,1281.2278,0.2611,1019.8775
150104,-12.1434,-77.0202,ghsl_popw_centroid,0.0450,15.7231,1277.2158,0.1605,1026.7362
150105,-12.0593,-77.0504,ghsl_popw_centroid,0.0623,15.6097,1267.4080,0.0470,1016.8274
150106,-11.8621,-77.0312,ghsl_popw_centroid,0.0586,15.4048,1249.7744,0.3291,997.0824
150107,-11.9826,-76.7899,ghsl_popw_centroid,0.2747,15.9512,1294.0974,0.4216,1019.2466
150108,-12.1893,-77.0047,ghsl_popw_centroid,0.0100,15.8027,1282.8627,0.2401,1032.1066
150109,-12.1001,-76.8221,ghsl_popw_centroid,0.7827,16.0411,1295.2885,0.5010,1030.0399
150110,-11.9311,-77.0473,ghsl_popw_centroid,0.0228,15.4745,1256.1471,0.2035,1003.6158
150111,-12.0434,-76.9942,ghsl_popw_centroid,0.1857,15.6622,1270.8289,0.1320,1017.3422
150112,-11.9868,-77.0498,ghsl_popw_centroid,0.2228,15.5217,1259.5248,0.1381,1009.3080
150113,-12.0778,-77.0483,ghsl_popw_centroid,0.0450,15.6352,1269.5383,0.0726,1018.8335
150114,-12.0848,-76.9340,ghsl_popw_centroid,0.0312,15.7942,1280.2443,0.2542,1023.9928
150115,-12.0713,-77.0164,ghsl_popw_centroid,0.0423,15.6529,1270.1831,0.0902,1019.3814
150116,-12.0854,-77.0357,ghsl_popw_centroid,0.0556,15.6469,1270.3142,0.0843,1020.1065
150117,-11.9722,-77.0746,ghsl_popw_centroid,0.0090,15.4667,1256.9814,0.1312,1006.8358
150118,-11.9825,-76.8569,ghsl_popw_centroid,0.7314,15.9766,1288.8328,0.4470,1016.4947
150119,-12.2606,-76.8756,ghsl_popw_centroid,0.0504,16.0494,1298.6693,0.4868,1044.5136
150120,-12.0927,-77.0667,ghsl_popw_centroid,0.0324,15.6628,1271.6508,0.1001,1019.6849
150121,-12.0750,-77.0652,ghsl_popw_centroid,0.0611,15.6542,1269.4023,0.0915,1017.8978
150122,-12.1208,-77.0284,ghsl_popw_centroid,0.0096,15.6923,1274.4039,0.1296,1024.0703
150123,-12.1336,-76.8706,ghsl_popw_centroid,0.0351,15.9633,1291.3163,0.4232,1031.5561
150124,-12.4777,-76.7867,ghsl_popw_centroid,0.0109,16.4049,1331.5071,0.8422,1070.5119
150125,-11.8712,-77.0856,ghsl_popw_centroid,0.0499,15.3646,1245.5269,0.3205,995.9082
150126,-12.3158,-76.8222,ghsl_popw_centroid,0.8242,16.2247,1310.7342,0.6621,1052.3376
150127,-12.3516,-76.7812,ghsl_popw_centroid,1.6741,16.2270,1313.9003,0.6643,1057.6704
150128,-12.0272,-77.0316,ghsl_popw_centroid,0.0213,15.5944,1265.5815,0.0702,1014.2102
150129,-12.3881,-76.7736,ghsl_popw_centroid,0.0143,16.1978,1316.7641,0.6351,1061.7493
150130,-12.0971,-76.9961,ghsl_popw_centroid,0.0463,15.6993,1274.2692,0.1366,1022.8470
150131,-12.0983,-77.0371,ghsl_popw_centroid,0.0418,15.6710,1271.7938,0.1083,1021.3955
150132,-11.9719,-76.9913,ghsl_popw_centroid,0.0301,15.7317,1275.3228,0.2016,1010.0355
150133,-12.1562,-76.9661,ghsl_popw_centroid,0.0134,15.7864,1281.3104,0.2237,1030.1491
150134,-12.0739,-76.9974,ghsl_popw_centroid,0.0402,15.6803,1271.9247,0.1252,1020.3859
150135,-11.9992,-77.0848,ghsl_popw_centroid,0.0080,15.5127,1260.1511,0.1228,1009.2564
150136,-12.0772,-77.0904,ghsl_popw_centroid,0.0296,15.6294,1268.0479,0.1210,1017.1722
150137,-12.0434,-76.9649,ghsl_popw_centroid,0.0536,15.6872,1273.7316,0.1603,1018.4864
150138,-12.3952,-76.7734,ghsl_popw_centroid,0.1144,16.2154,1317.5083,0.6527,1062.4919
150139,-11.8003,-77.1622,ghsl_popw_centroid,0.3047,15.1924,1233.6188,0.4650,985.5911
150140,-12.1273,-76.9851,ghsl_popw_centroid,0.0261,15.7439,1277.8904,0.1813,1026.4109
150141,-12.1131,-77.0136,ghsl_popw_centroid,0.0091,15.6866,1274.1588,0.1240,1023.8362
150142,-12.2163,-76.9437,ghsl_popw_centroid,0.0188,15.9055,1288.8947,0.3428,1037.2608
150143,-12.1751,-76.9324,ghsl_popw_centroid,0.0608,15.8762,1286.1960,0.3136,1033.4217
150201,-10.7490,-77.7567,ghsl_popw_centroid,0.0648,13.5647,1090.2421,2.1057,853.6434
150202,-10.6550,-77.8149,ghsl_popw_centroid,0.5575,13.4148,1077.5763,2.2254,841.6921
150203,-10.6765,-77.7434,ghsl_popw_centroid,0.0745,13.6018,1090.3002,2.3314,846.5074
150204,-10.8046,-77.6877,ghsl_popw_centroid,0.2775,13.6782,1099.5007,2.0112,861.9633
150205,-10.7953,-77.7369,ghsl_popw_centroid,0.0523,13.6376,1095.8358,2.0249,859.2159
150301,-10.4697,-76.9990,ghsl_popw_centroid,0.2906,15.7239,1221.3030,4.0155,855.9817
150302,-10.3907,-77.0579,ghsl_popw_centroid,0.9740,15.9072,1213.8687,4.6368,845.2978
150303,-10.6204,-77.0131,ghsl_popw_centroid,0.3406,15.4536,1204.3141,4.1832,870.5460
150304,-10.5213,-77.0883,ghsl_popw_centroid,1.0191,15.5049,1207.8852,4.2345,857.1139
150305,-10.5950,-77.2124,ghsl_popw_centroid,4.2680,14.7427,1160.5541,3.4723,859.1411
150401,-11.4718,-76.6239,ghsl_popw_centroid,0.1033,16.5088,1327.9886,1.3483,974.3069
150402,-11.6394,-76.7032,ghsl_popw_centroid,0.4834,16.2822,1306.5010,1.1217,987.7907
150403,-11.5144,-76.7811,ghsl_popw_centroid,3.3422,16.4958,1308.6024,1.7351,971.6575
150404,-11.4094,-76.5573,ghsl_popw_centroid,0.0581,16.7528,1347.5463,1.5923,971.0600
150405,-11.5459,-76.6302,ghsl_popw_centroid,0.5043,16.6944,1333.8958,1.5339,981.5240
150406,-11.4761,-76.6482,ghsl_popw_centroid,0.4334,16.5357,1326.7879,1.3752,973.6447
150407,-11.6967,-76.9004,ghsl_popw_centroid,1.4031,15.9422,1277.3456,0.7817,985.2706
150501,-13.1295,-76.3384,ghsl_popw_centroid,0.6708,17.4589,1422.4397,1.8962,1155.8346
150502,-12.7749,-76.5871,ghsl_popw_centroid,0.1916,16.7554,1366.9737,1.1927,1109.1883
150503,-12.5170,-76.5256,ghsl_popw_centroid,0.5644,16.9014,1374.8142,1.3387,1085.1316
150504,-12.9991,-76.4811,ghsl_popw_centroid,0.4619,17.0889,1396.7425,1.5262,1136.6002
150505,-12.4873,-76.7355,ghsl_popw_centroid,0.0537,16.3542,1329.6388,0.7915,1073.5286
150506,-12.7019,-76.4458,ghsl_popw_centroid,2.1047,17.1195,1387.3137,1.5568,1107.4404
150507,-13.0530,-76.3553,ghsl_popw_centroid,0.0467,17.3265,1413.1610,1.7638,1147.2691
150508,-12.9782,-76.1521,ghsl_popw_centroid,0.5188,17.7332,1446.2109,2.1705,1148.1783
150509,-12.6658,-76.6291,ghsl_popw_centroid,0.0148,16.6340,1354.2395,1.0713,1096.2321
150510,-13.0549,-76.3151,ghsl_popw_centroid,0.3973,17.4715,1420.9087,1.9088,1149.1245
150511,-12.8754,-76.0638,ghsl_popw_centroid,0.1943,17.9222,1462.3027,2.3595,1141.5942
150512,-12.9520,-76.3812,ghsl_popw_centroid,0.0087,17.3099,1403.8190,1.7473,1135.8149
150513,-12.6134,-76.6767,ghsl_popw_centroid,0.1732,16.5575,1348.0901,0.9949,1088.9136
150514,-13.0539,-76.4303,ghsl_popw_centroid,0.0322,17.1854,1405.7032,1.6227,1144.3037
150515,-12.5972,-76.6461,ghsl_popw_centroid,0.1275,16.5767,1345.6494,1.0140,1088.4626
150516,-12.8516,-76.0100,ghsl_popw_centroid,0.2280,18.0202,1470.0347,2.4575,1141.5892
150601,-11.4771,-77.2154,ghsl_popw_centroid,0.6214,14.9626,1203.5524,0.9655,949.9254
150602,-11.2499,-76.6616,ghsl_popw_centroid,0.9881,16.0998,1290.0457,2.1002,950.1785
150603,-11.3466,-76.8009,ghsl_popw_centroid,0.4220,15.8585,1272.3034,1.8589,953.7016
150604,-11.5649,-77.1674,ghsl_popw_centroid,0.2561,15.0725,1216.0856,0.9201,960.9131
150605,-11.5398,-77.2777,ghsl_popw_centroid,0.4106,14.7635,1199.0132,0.8480,954.0562
150606,-11.1938,-76.9496,ghsl_popw_centroid,0.3414,15.1365,1214.6204,1.9321,931.6447
150607,-11.2457,-76.8324,ghsl_popw_centroid,0.7803,15.8924,1271.3329,1.8928,942.0515
150608,-11.1879,-76.6511,ghsl_popw_centroid,0.1622,16.0433,1291.2665,2.0436,944.4186
150609,-11.2791,-76.8007,ghsl_popw_centroid,0.5294,16.0077,1276.7690,2.0081,946.8491
150610,-11.1706,-76.5912,ghsl_popw_centroid,4.1256,16.2220,1297.8055,2.2224,945.4825
150611,-11.3812,-76.8177,ghsl_popw_centroid,1.0141,15.9128,1272.9531,1.9131,956.4868
150612,-11.1996,-76.7807,ghsl_popw_centroid,0.1091,15.9781,1277.3348,1.9785,939.6779
150701,-11.8403,-76.3845,ghsl_popw_centroid,0.2990,16.5756,1346.9252,1.0460,1022.4356
150702,-12.0534,-76.5852,ghsl_popw_centroid,0.8444,16.4997,1328.2925,0.9597,1035.1311
150703,-11.8294,-76.6162,ghsl_popw_centroid,0.0400,16.3650,1324.6703,0.8354,1010.9430
150704,-11.6375,-76.4741,ghsl_popw_centroid,0.0953,17.1486,1377.9123,1.6190,997.8755
150705,-11.6642,-76.2380,ghsl_popw_centroid,0.6516,17.0675,1384.6024,1.5379,1011.6796
150706,-12.1365,-76.4375,ghsl_popw_centroid,0.0432,16.9923,1362.1322,1.4523,1050.0312
150707,-11.7158,-76.5955,ghsl_popw_centroid,0.2191,16.5691,1341.6438,1.0395,1000.3047
150708,-11.6152,-76.4860,ghsl_popw_centroid,1.2461,17.2545,1381.2415,1.7249,995.0804
150709,-12.1319,-76.2379,ghsl_popw_centroid,0.3096,17.6187,1403.4209,2.0787,1058.5613
150710,-12.0963,-76.4148,ghsl_popw_centroid,0.7599,17.0687,1368.1088,1.5286,1046.9547
150711,-12.1461,-76.3961,ghsl_popw_centroid,1.1313,17.1413,1371.3691,1.6012,1052.8393
150712,-11.6577,-76.5384,ghsl_popw_centroid,0.5839,16.9879,1365.2326,1.4583,996.9792
150713,-12.2684,-76.3724,ghsl_popw_centroid,4.8404,17.5800,1394.9593,2.0173,1066.3072
150714,-11.9247,-76.6573,ghsl_popw_centroid,0.0348,16.1234,1310.6692,0.5938,1018.8867
150715,-12.0002,-76.4575,ghsl_popw_centroid,0.2979,16.9238,1367.1834,1.3942,1035.3043
150716,-11.8307,-76.7680,ghsl_popw_centroid,4.9731,16.4172,1314.1874,0.8883,1004.5594
150717,-11.9156,-76.5207,ghsl_popw_centroid,0.1210,16.3764,1328.4264,0.8467,1023.9107
150718,-12.0087,-76.3931,ghsl_popw_centroid,0.0326,17.1335,1383.5741,1.6038,1039.0510
150719,-11.6839,-76.5258,ghsl_popw_centroid,0.0426,16.8699,1360.4010,1.3403,1000.1992
150720,-12.0727,-76.1540,ghsl_popw_centroid,0.1199,18.2093,1434.0696,2.6693,1056.5189
150721,-12.1586,-76.1918,ghsl_popw_centroid,1.4200,17.9310,1419.3590,2.3909,1063.3781
150722,-11.7814,-76.2785,ghsl_popw_centroid,0.8694,17.0634,1373.7826,1.5338,1021.4581
150723,-11.8691,-76.5464,ghsl_popw_centroid,0.0688,16.4896,1330.0218,0.9600,1018.0498
150724,-11.7647,-76.6007,ghsl_popw_centroid,0.4362,16.8041,1347.4905,1.2745,1005.0414
150725,-12.1293,-76.2152,ghsl_popw_centroid,0.1233,17.8370,1417.3111,2.2969,1059.3470
150726,-12.2131,-76.2479,ghsl_popw_centroid,0.9606,17.7447,1421.5081,2.1821,1066.2917
150727,-11.9140,-76.5605,ghsl_popw_centroid,0.5282,16.2815,1322.7094,0.7519,1021.9939
150728,-11.9121,-76.6632,ghsl_popw_centroid,0.1549,16.1394,1311.1711,0.6098,1017.3461
150729,-12.0901,-76.2285,ghsl_popw_centroid,0.4996,17.7994,1411.1522,2.2593,1054.7872
150730,-11.9795,-76.5233,ghsl_popw_centroid,0.3113,16.6216,1347.3604,1.0920,1030.2910
150731,-12.2864,-76.4887,ghsl_popw_centroid,0.6551,17.0237,1373.8795,1.4610,1063.0755
150732,-11.8806,-76.4442,ghsl_popw_centroid,0.2851,16.4686,1338.4037,0.9390,1023.7844
150801,-11.1347,-77.5866,ghsl_popw_centroid,1.0455,14.1141,1138.4000,1.5585,900.2519
150802,-10.8011,-77.2599,ghsl_popw_centroid,3.4952,15.2904,1167.9275,2.9808,878.2564
150803,-11.0929,-77.6265,ghsl_popw_centroid,0.0190,14.1793,1137.0509,1.6883,894.4297
150804,-10.9039,-76.8436,ghsl_popw_centroid,1.6717,15.6798,1252.5463,2.7785,906.9205
150805,-11.0983,-77.6054,ghsl_popw_centroid,0.0217,14.0820,1133.9976,1.6018,895.7540
150806,-11.0563,-77.5594,ghsl_popw_centroid,0.3724,14.0435,1133.9641,1.6582,893.0243
150807,-11.0768,-76.9884,ghsl_popw_centroid,2.4431,15.1340,1207.7144,2.2327,918.0224
150808,-10.9609,-76.9674,ghsl_popw_centroid,1.5166,15.5688,1237.5952,2.6675,907.1311
150809,-10.9481,-76.7363,ghsl_popw_centroid,0.4164,15.6680,1258.1222,2.6592,916.3364
150810,-11.0983,-77.5821,ghsl_popw_centroid,0.0258,14.0623,1134.8429,1.6016,896.5963
150811,-11.1984,-77.3092,ghsl_popw_centroid,0.7352,14.6788,1184.5185,1.4279,917.3276
150812,-10.9731,-77.6263,ghsl_popw_centroid,0.9741,13.9364,1119.9516,1.8389,881.8628
150901,-10.6774,-76.7702,ghsl_popw_centroid,0.2928,15.6441,1263.0015,2.7429,887.5990
150902,-10.7978,-76.9086,ghsl_popw_centroid,0.2306,15.7306,1254.2495,2.8294,893.2348
150903,-10.8131,-76.9804,ghsl_popw_centroid,0.0051,15.4525,1235.8521,2.5512,891.5403
150904,-10.8939,-77.1162,ghsl_popw_centroid,10.5900,15.4470,1216.3986,2.5457,893.8325
150905,-10.8650,-77.0166,ghsl_popw_centroid,1.5784,15.5688,1235.8074,2.6675,895.2065
150906,-10.8502,-76.8109,ghsl_popw_centroid,0.8349,15.9354,1256.7031,3.0341,903.0157
151001,-12.5003,-75.9236,ghsl_popw_centroid,1.0374,18.8864,1524.1831,3.3237,1110.2191
151002,-12.2922,-75.7356,ghsl_popw_centroid,2.7948,19.9473,1568.2283,4.3847,1098.6520
151003,-12.6650,-75.9864,ghsl_popw_centroid,2.4617,18.6756,1506.9985,3.1129,1123.8281
151004,-12.3826,-76.1363,ghsl_popw_centroid,0.0218,18.1031,1458.9115,2.5404,1088.4913
151005,-12.9935,-75.8390,ghsl_popw_centroid,0.0478,18.8129,1527.0717,3.2502,1163.6859
151006,-12.8214,-75.8406,ghsl_popw_centroid,0.7125,18.3815,1493.9898,2.8188,1146.3054
151007,-12.3556,-75.8550,ghsl_popw_centroid,0.1789,19.6236,1565.9971,4.0609,1099.0639
151008,-12.7748,-75.9083,ghsl_popw_centroid,0.4748,18.3436,1493.4579,2.7809,1138.4802
151009,-12.9179,-75.8990,ghsl_popw_centroid,3.4941,18.7629,1515.3434,3.2003,1153.3192
151010,-12.2958,-76.1617,ghsl_popw_centroid,0.0737,17.8090,1446.1053,2.2463,1078.5783
151011,-12.5933,-75.9176,ghsl_popw_centroid,0.3496,18.9164,1521.0506,3.3538,1119.8189
151012,-12.8085,-75.7500,ghsl_popw_centroid,1.3677,18.9528,1523.5747,3.3902,1149.2734
151013,-12.3630,-76.1675,ghsl_popw_centroid,0.0873,18.1876,1467.1175,2.6249,1085.0871
151014,-12.1599,-75.8143,ghsl_popw_centroid,1.7530,19.6553,1523.8160,4.1257,1081.6570
151015,-12.9251,-75.8211,ghsl_popw_centroid,0.0809,18.6044,1512.7803,3.0417,1157.6290
151016,-12.4876,-75.7306,ghsl_popw_centroid,1.8279,19.8028,1561.2420,4.2401,1118.2451
151017,-12.2946,-76.1385,ghsl_popw_centroid,0.0225,17.9154,1452.2661,2.3528,1079.5274
151018,-12.3621,-75.7359,ghsl_popw_centroid,1.7306,19.7051,1572.4419,4.1424,1105.5484
151019,-12.8152,-75.7019,ghsl_popw_centroid,0.2258,18.7578,1515.5342,3.1951,1152.2338
151020,-12.9592,-75.7618,ghsl_popw_centroid,1.0967,18.8217,1525.4417,3.2590,1163.8124
151021,-12.2824,-75.8438,ghsl_popw_centroid,0.1681,19.3874,1549.8528,3.8247,1092.3354
151022,-12.5120,-76.2771,ghsl_popw_centroid,1.0125,17.5268,1418.5487,1.9641,1095.2638
151023,-12.6690,-75.9509,ghsl_popw_centroid,0.0226,18.6776,1514.8022,3.1149,1125.8687
151024,-12.3249,-76.1461,ghsl_popw_centroid,0.2569,18.0771,1462.4316,2.5145,1082.2273
151025,-12.3352,-76.2687,ghsl_popw_centroid,0.6051,17.5884,1427.7027,2.0257,1077.6976
151026,-12.2843,-76.1471,ghsl_popw_centroid,0.0186,17.8417,1448.4701,2.2790,1078.0934
151027,-12.4653,-76.2234,ghsl_popw_centroid,0.9462,17.7400,1433.1201,2.1773,1092.9057
151028,-12.1240,-76.0087,ghsl_popw_centroid,0.3246,18.0229,1446.7946,2.4933,1068.5690
151029,-12.6145,-76.1717,ghsl_popw_centroid,0.0852,17.8674,1444.7196,2.3047,1110.3362
151030,-12.2053,-75.7183,ghsl_popw_centroid,2.0480,19.9472,1547.4367,4.4176,1090.9468
151031,-12.7426,-75.8151,ghsl_popw_centroid,0.3459,18.6994,1509.6320,3.1367,1139.6001
151032,-12.9107,-75.7860,ghsl_popw_centroid,0.0564,18.8907,1526.3587,3.3280,1157.8158
151033,-12.2188,-75.8135,ghsl_popw_centroid,0.5469,19.4841,1536.2504,3.9214,1087.5228
160101,-3.7850,-73.4196,ghsl_popw_centroid,375.1791,34.7569,1593.5209,33.0206,759.9102
160102,-3.8505,-73.6320,ghsl_popw_centroid,353.0015,33.0472,1571.3211,31.3109,736.7026
160103,-3.9861,-73.1618,ghsl_popw_centroid,380.7146,35.0337,1599.0564,33.2974,789.6643
160104,-3.5233,-73.0014,ghsl_popw_centroid,428.1794,37.4069,1646.5212,35.6706,805.7111
160105,-3.5034,-72.4934,ghsl_popw_centroid,471.3275,39.5644,1689.6693,37.8280,862.0923
160106,-3.4422,-73.0679,ghsl_popw_centroid,429.3141,37.4637,1647.6559,35.7274,798.3674
160107,-2.5576,-73.7868,ghsl_popw_centroid,447.6152,37.7778,1665.9348,36.0415,726.2221
160108,-3.6025,-73.3527,ghsl_popw_centroid,394.1443,35.1043,1612.4640,33.3680,766.7893
160110,-1.4148,-74.8091,ghsl_popw_centroid,450.4811,34.4162,1398.9492,38.6925,647.8761
160112,-3.7916,-73.2524,ghsl_popw_centroid,387.7238,35.3842,1606.0656,33.6479,778.4759
160113,-3.8963,-73.3566,ghsl_popw_centroid,371.4428,34.5701,1589.7846,32.8338,767.4848
160201,-5.9037,-76.1216,ghsl_popw_centroid,0.1443,15.3790,1216.9537,13.6426,531.7341
160202,-5.7775,-76.5658,ghsl_popw_centroid,42.1546,17.1120,1232.7167,15.3757,482.3785
160205,-5.2894,-76.2916,ghsl_popw_centroid,68.0877,18.8475,1287.6262,17.1112,483.6437
160206,-5.2171,-75.6873,ghsl_popw_centroid,86.9924,19.7467,1305.3120,18.0104,542.4258
160210,-5.5624,-75.8749,ghsl_popw_centroid,43.7732,17.5858,1262.0929,15.8494,538.2506
160211,-6.0064,-75.9055,ghsl_popw_centroid,18.0222,16.5662,1218.7491,14.8298,558.1386
160301,-4.4993,-73.5860,ghsl_popw_centroid,308.7035,31.4331,1527.0453,29.6968,748.9403
160302,-4.6949,-74.5759,ghsl_popw_centroid,213.6075,26.0775,1431.9272,24.3412,644.7126
160303,-3.1672,-75.1478,ghsl_popw_centroid,293.0048,26.5424,1241.4729,30.8187,568.6796
160304,-3.3590,-75.4782,ghsl_popw_centroid,250.9543,24.4399,1199.4224,28.7162,531.0382
160305,-4.6401,-75.1711,ghsl_popw_centroid,171.7761,23.9859,1390.0957,22.2496,578.9542
160401,-3.9300,-70.4878,ghsl_popw_centroid,636.4467,47.8203,1854.7886,46.0840,1085.5579
160402,-3.4617,-71.8228,ghsl_popw_centroid,532.9075,42.6433,1751.2493,40.9070,936.5420
160403,-4.2001,-70.3498,ghsl_popw_centroid,639.3870,47.9673,1857.7288,46.2310,1102.4386
160404,-3.9112,-71.3257,ghsl_popw_centroid,554.0601,43.7010,1772.4019,41.9647,992.5987
160501,-5.0675,-73.8548,ghsl_popw_centroid,248.7554,28.4357,1467.0972,26.6994,731.7898
160502,-6.3587,-74.2305,ghsl_popw_centroid,173.3241,24.6642,1391.6659,22.9279,740.5049
160503,-5.3928,-74.1443,ghsl_popw_centroid,203.5548,26.1757,1421.8967,24.4394,710.4740
160504,-5.7430,-74.2933,ghsl_popw_centroid,173.7498,24.6855,1392.0916,22.9492,707.4313
160505,-5.8142,-74.6350,ghsl_popw_centroid,135.6055,22.7782,1353.9473,21.0419,675.1287
160506,-5.2604,-74.3273,ghsl_popw_centroid,193.3675,25.6663,1411.7093,23.9300,686.8232
160507,-4.6547,-73.5242,ghsl_popw_centroid,304.0156,31.1988,1522.3574,29.4624,758.4163
160508,-6.0319,-73.7009,ghsl_popw_centroid,231.7260,27.5843,1450.0678,25.8480,780.0890
160509,-5.7891,-74.0968,ghsl_popw_centroid,193.1544,25.6557,1411.4962,23.9194,729.5934
160510,-4.9036,-73.6770,ghsl_popw_centroid,274.8733,29.7416,1493.2151,28.0053,746.9595
160511,-5.3439,-73.0135,ghsl_popw_centroid,321.2202,32.0590,1539.5621,30.3227,829.6080
160601,-7.3780,-75.0250,ghsl_popw_centroid,85.8422,25.3127,1666.0444,14.2296,723.3262
160602,-7.0963,-75.2439,ghsl_popw_centroid,106.7199,20.1162,1256.3936,18.0739,685.3689
160603,-7.8525,-74.8993,ghsl_popw_centroid,31.8219,22.6117,1612.0240,11.5285,766.5926
160604,-7.1992,-75.7559,ghsl_popw_centroid,55.7868,17.9269,1236.9701,14.7566,647.5029
160605,-6.3684,-75.0730,ghsl_popw_centroid,81.7303,20.0845,1300.0721,18.3482,658.0734
160606,-6.9043,-75.1436,ghsl_popw_centroid,104.4350,21.1943,1321.6304,19.4579,682.3527
160701,-4.8459,-76.5692,ghsl_popw_centroid,98.0573,16.7786,1045.7567,21.0549,436.4803
160702,-5.2294,-76.8750,ghsl_popw_centroid,76.0405,16.2399,1040.8513,17.8353,422.5526
160703,-4.6223,-77.4521,ghsl_popw_centroid,2.0717,11.8758,940.5956,16.1521,336.2327
160704,-3.8996,-77.2993,ghsl_popw_centroid,73.8754,15.5859,1022.3435,19.8622,331.8449
160705,-4.6315,-76.5073,ghsl_popw_centroid,100.0482,16.8854,1048.0259,21.1617,435.4115
160706,-2.9084,-76.4687,ghsl_popw_centroid,210.0174,22.3930,1158.4855,26.6693,425.8548
160801,-2.4328,-72.6601,ghsl_popw_centroid,537.8219,42.2882,1756.1415,40.5519,852.0868
160802,-1.8313,-73.3827,ghsl_popw_centroid,536.2520,38.7048,1484.7201,42.9811,785.7712
160803,-1.0537,-74.1531,ghsl_popw_centroid,528.0459,38.2945,1476.5140,42.5708,730.4217
160804,-2.5616,-70.7539,ghsl_popw_centroid,686.3791,50.3169,1904.7209,48.5806,1060.6133
170101,-12.5933,-69.2011,ghsl_popw_centroid,0.0488,35.1661,2788.4243,19.6034,1582.7895
170102,-12.9885,-70.1999,ghsl_popw_centroid,8.1216,33.9302,2669.1615,18.3676,1529.5690
170103,-12.3939,-69.1494,ghsl_popw_centroid,0.7851,35.5162,2817.9720,19.9536,1573.3863
170104,-12.7289,-69.5880,ghsl_popw_centroid,0.8941,34.6941,2747.8589,19.1314,1560.0461
170201,-12.7462,-71.3367,ghsl_popw_centroid,1.6601,32.1026,2456.2146,16.5730,1422.4491
170202,-12.2755,-70.9814,ghsl_popw_centroid,34.8638,34.5341,2543.4103,19.0045,1413.4842
170203,-12.7133,-70.4176,ghsl_popw_centroid,23.8007,34.6912,2676.8323,19.1285,1491.4678
170204,-12.9994,-70.5171,ghsl_popw_centroid,18.5249,34.0632,2648.5858,18.5005,1505.3972
170301,-10.9854,-69.6056,ghsl_popw_centroid,0.0493,38.0585,3021.0844,22.4958,1440.4851
170302,-11.4008,-69.4966,ghsl_popw_centroid,0.0401,37.2822,2959.5018,21.7195,1476.8142
170303,-11.7195,-69.2072,ghsl_popw_centroid,2.2555,36.6689,2905.7736,21.1062,1523.1363
180101,-17.1949,-70.9341,ghsl_popw_centroid,0.0364,29.1782,2357.5780,13.6155,1832.8873
180102,-16.7086,-70.4205,ghsl_popw_centroid,0.0919,30.7610,2478.4565,15.1984,1821.2370
180103,-16.7681,-70.6969,ghsl_popw_centroid,1.2733,30.8624,2478.6201,15.2997,1808.9218
180104,-17.1777,-70.8938,ghsl_popw_centroid,0.1319,29.2405,2362.4220,13.6779,1833.7628
180105,-16.7208,-70.6950,ghsl_popw_centroid,1.3694,31.1636,2495.3825,15.6009,1804.8057
180106,-17.0725,-70.8096,ghsl_popw_centroid,0.0946,29.6407,2388.3546,14.0780,1829.3460
180107,-17.2099,-70.9496,ghsl_popw_centroid,0.0318,29.1352,2354.8698,13.5725,1833.3204
180201,-16.6727,-70.9750,ghsl_popw_centroid,0.0410,29.6516,2382.2735,14.0889,1782.9365
180202,-16.4239,-70.5983,ghsl_popw_centroid,9.7977,31.3093,2465.7713,15.7466,1784.5685
180203,-16.6347,-71.0408,ghsl_popw_centroid,0.0061,29.5260,2373.1017,13.9633,1775.4198
180204,-16.1666,-70.5162,ghsl_popw_centroid,3.1781,33.6253,2572.2181,18.0626,1767.2876
180205,-16.7526,-71.2160,ghsl_popw_centroid,3.9110,29.5460,2352.4996,13.9834,1775.3899
180206,-16.3120,-70.6811,ghsl_popw_centroid,2.4521,30.6618,2428.7124,15.0991,1769.3174
180207,-16.4908,-70.8160,ghsl_popw_centroid,0.5664,30.0600,2400.0438,14.4973,1776.5745
180208,-16.6217,-71.2025,ghsl_popw_centroid,0.1851,28.8319,2324.1449,13.2692,1764.2805
180209,-16.7514,-70.8784,ghsl_popw_centroid,0.1228,30.1226,2414.5919,14.5599,1796.0483
180210,-16.2444,-70.7962,ghsl_popw_centroid,4.6692,30.1244,2395.9670,14.5617,1755.9028
180211,-16.2120,-70.6969,ghsl_popw_centroid,0.2613,30.4944,2432.6047,14.9317,1759.4573
180301,-17.6492,-71.3316,ghsl_popw_centroid,0.0261,28.9441,2342.8257,13.3814,1851.4686
180302,-17.6215,-71.2815,ghsl_popw_centroid,0.5862,29.0528,2345.8345,13.4901,1851.7588
180303,-17.5828,-71.3456,ghsl_popw_centroid,0.7051,28.8662,2333.4506,13.3035,1844.4572
190101,-10.6872,-76.2521,ghsl_popw_centroid,0.1196,17.0302,1362.7746,3.3286,914.7766
190102,-10.6386,-75.8244,ghsl_popw_centroid,0.0291,18.5544,1446.8135,4.5548,933.8833
190103,-10.4453,-76.1860,ghsl_popw_centroid,0.0196,17.6345,1364.8554,3.7857,895.0285
190104,-10.9916,-76.3826,ghsl_popw_centroid,1.2533,16.7368,1342.3526,2.7372,937.8267
190105,-10.8208,-76.0784,ghsl_popw_centroid,3.6423,17.5845,1397.4806,3.5849,937.0481
190106,-10.4297,-76.2466,ghsl_popw_centroid,1.1142,17.7237,1364.9291,4.0609,890.1896
190107,-10.7700,-75.7970,ghsl_popw_centroid,0.0439,18.1981,1442.8885,4.1297,947.8823
190108,-10.5498,-76.2167,ghsl_popw_centroid,0.2391,17.5931,1386.8641,3.9158,903.3899
190109,-10.6955,-76.2996,ghsl_popw_centroid,0.4458,16.9320,1357.0602,3.3998,913.0653
190110,-10.6009,-76.1373,ghsl_popw_centroid,0.9490,18.0235,1390.3850,4.1748,912.6526
190111,-10.7653,-76.2642,ghsl_popw_centroid,0.0495,17.1224,1371.2185,3.1228,921.7294
190112,-10.8329,-76.2424,ghsl_popw_centroid,0.0941,17.0110,1368.6660,3.0114,929.4634
190113,-10.6602,-76.2456,ghsl_popw_centroid,0.0959,17.0626,1365.7976,3.3562,912.5043
190201,-10.5315,-76.5318,ghsl_popw_centroid,1.3398,16.7890,1347.9825,3.8878,884.9496
190202,-10.4582,-76.4005,ghsl_popw_centroid,0.8378,17.7153,1374.5754,4.3036,884.6377
190203,-10.4859,-76.4028,ghsl_popw_centroid,0.0320,17.7270,1378.5894,4.1256,887.2100
190204,-10.3590,-76.4137,ghsl_popw_centroid,0.4515,16.9252,1362.7737,4.0239,874.3031
190205,-10.4351,-76.5059,ghsl_popw_centroid,3.0735,16.8759,1352.5209,3.9746,876.8419
190206,-10.4826,-76.3318,ghsl_popw_centroid,0.3633,17.7685,1387.0286,4.1671,890.6727
190207,-10.4427,-76.4629,ghsl_popw_centroid,1.3324,16.9276,1351.5085,4.0264,879.8334
190208,-10.5111,-76.4448,ghsl_popw_centroid,0.4440,17.1165,1358.7834,4.1441,887.4570
190301,-10.5901,-75.3989,ghsl_popw_centroid,0.6674,20.0889,1582.7404,4.8573,954.8485
190302,-10.5864,-75.4276,ghsl_popw_centroid,1.1720,20.1830,1586.8226,4.9513,952.7351
190303,-10.4232,-75.5819,ghsl_popw_centroid,0.2589,20.6567,1618.8034,5.4251,928.2412
190304,-10.1348,-75.2306,ghsl_popw_centroid,0.6362,21.6091,1689.1793,6.3775,924.6063
190305,-10.0747,-75.5627,ghsl_popw_centroid,1.2820,21.0524,1658.7971,5.8207,897.6411
190306,-10.3238,-74.8960,ghsl_popw_centroid,5.0291,21.3817,1656.6377,6.1500,963.6421
190307,-10.7393,-75.2615,ghsl_popw_centroid,0.4794,19.8249,1562.8917,4.5933,977.0309
190308,-9.8840,-75.0171,ghsl_popw_centroid,0.3580,20.6752,1599.4156,6.4856,917.2468
200101,-5.1812,-80.6399,ghsl_popw_centroid,0.0677,3.8804,308.0864,11.7742,193.2720
200104,-5.1904,-80.6058,ghsl_popw_centroid,0.0308,3.9255,311.9286,11.7702,193.4878
200105,-5.2655,-80.6681,ghsl_popw_centroid,0.0389,4.0011,316.4814,11.7255,203.1032
200107,-5.3414,-80.6490,ghsl_popw_centroid,0.9949,4.3111,329.2687,12.0355,210.8973
200108,-5.4330,-80.6280,ghsl_popw_centroid,0.7215,4.3133,339.4038,11.4260,220.4360
200109,-5.3423,-80.7235,ghsl_popw_centroid,0.3883,4.2018,329.1900,11.9262,212.8334
200110,-5.3912,-80.7458,ghsl_popw_centroid,0.5157,4.2637,334.2614,11.9881,218.7086
200111,-4.6865,-80.2279,ghsl_popw_centroid,0.2855,4.4673,310.7347,12.9257,133.6884
200114,-4.9050,-80.3394,ghsl_popw_centroid,0.4704,3.9923,315.3787,12.4805,158.1748
200115,-5.1848,-80.6652,ghsl_popw_centroid,0.0404,3.8478,305.6411,11.7782,194.2908
200201,-4.6554,-79.6585,ghsl_popw_centroid,3.6605,6.7076,385.4941,15.1660,146.3209
200202,-4.9327,-79.9697,ghsl_popw_centroid,13.3810,6.3226,443.9153,13.2601,164.2191
200203,-4.5450,-79.8238,ghsl_popw_centroid,6.9028,5.6728,291.5249,14.5565,127.4803
200204,-4.7841,-79.8586,ghsl_popw_centroid,0.3203,5.9161,342.9427,14.3745,151.2201
200205,-4.6312,-79.8447,ghsl_popw_centroid,6.4478,5.6122,320.5464,14.0706,135.5866
200206,-4.9617,-79.6421,ghsl_popw_centroid,1.0715,6.5746,464.0477,13.5122,177.9940
200207,-4.6348,-79.9686,ghsl_popw_centroid,0.9064,5.0794,300.9665,13.5379,131.9328
200208,-4.7849,-79.9891,ghsl_popw_centroid,14.0109,6.4025,347.7186,14.8609,147.6872
200209,-4.5670,-79.7764,ghsl_popw_centroid,5.0899,6.7550,382.6974,15.2134,131.8004
200210,-4.4884,-80.0261,ghsl_popw_centroid,3.0553,4.9499,274.8529,13.4083,114.6074
200301,-5.2296,-79.4662,ghsl_popw_centroid,0.2784,6.6453,520.2835,13.5829,213.0926
200302,-5.3160,-79.6323,ghsl_popw_centroid,5.4870,6.0227,459.9981,12.9603,215.2271
200303,-5.0789,-79.3933,ghsl_popw_centroid,4.4576,7.4182,567.5934,14.3558,201.6877
200304,-5.6360,-79.5425,ghsl_popw_centroid,0.2287,7.5799,581.6746,11.8562,252.1190
200305,-5.1879,-79.6677,ghsl_popw_centroid,17.9250,7.6009,497.0599,14.5385,200.4836
200306,-5.4201,-79.6265,ghsl_popw_centroid,1.6363,5.7285,448.5972,12.6660,226.4074
200307,-5.3700,-79.3924,ghsl_popw_centroid,2.7489,6.9267,539.5079,13.8643,230.6885
200308,-5.3573,-79.4637,ghsl_popw_centroid,2.7278,6.5441,502.8772,13.4816,226.2031
200401,-5.0905,-80.1625,ghsl_popw_centroid,0.0803,4.6848,353.7637,12.0004,178.8937
200402,-5.2504,-79.9644,ghsl_popw_centroid,1.0349,4.9784,393.2648,11.9159,199.0726
200403,-5.0641,-79.7982,ghsl_popw_centroid,1.9312,5.9217,442.8861,12.8592,182.9637
200404,-5.2258,-80.0854,ghsl_popw_centroid,0.5414,4.7888,376.3892,11.7853,194.5803
200405,-5.1784,-79.9820,ghsl_popw_centroid,0.1092,4.9724,383.8862,11.9100,190.8555
200406,-5.3727,-79.8194,ghsl_popw_centroid,0.0176,5.2486,417.9372,12.1862,215.5681
200407,-5.3134,-79.7504,ghsl_popw_centroid,3.2744,5.5502,425.7252,12.4878,211.0731
200408,-5.1336,-79.8774,ghsl_popw_centroid,2.2477,5.2901,403.3077,12.2276,188.2177
200409,-5.0441,-79.8905,ghsl_popw_centroid,0.0553,5.7249,433.6782,12.6625,178.1974
200410,-5.1680,-79.7785,ghsl_popw_centroid,12.8721,5.8867,418.5090,12.8242,194.6682
200501,-5.0957,-81.1026,ghsl_popw_centroid,0.0095,4.0107,292.7806,12.3979,201.9966
200502,-4.8753,-81.0116,ghsl_popw_centroid,0.4001,3.5494,263.3515,12.8516,175.6221
200503,-4.8908,-81.0289,ghsl_popw_centroid,0.0495,3.5848,266.3135,12.7665,178.0508
200504,-4.9271,-81.0598,ghsl_popw_centroid,2.5349,3.8331,275.1242,12.9157,183.2368
200505,-4.9190,-80.9286,ghsl_popw_centroid,0.2829,3.8226,285.1577,12.5549,175.8443
200506,-4.8762,-80.9764,ghsl_popw_centroid,0.0206,3.4049,259.9193,12.7395,173.8945
200507,-4.8681,-81.0961,ghsl_popw_centroid,0.0614,3.3865,246.5058,13.1446,179.5674
200601,-4.8953,-80.6715,ghsl_popw_centroid,0.0595,3.5310,274.0767,12.2448,163.3337
200602,-4.8899,-80.6748,ghsl_popw_centroid,0.0236,3.5127,273.7774,12.2464,162.8600
200603,-4.8531,-80.8711,ghsl_popw_centroid,0.6891,3.1644,249.5145,12.4724,166.5358
200604,-4.4747,-80.4278,ghsl_popw_centroid,2.3339,4.3017,240.8898,13.0759,111.6348
200605,-4.8583,-80.7438,ghsl_popw_centroid,0.3342,3.3299,263.8179,12.2714,161.8607
200606,-4.9151,-80.7626,ghsl_popw_centroid,0.1986,3.5354,279.5793,12.2677,168.5100
200607,-4.7912,-80.6176,ghsl_popw_centroid,0.4351,3.6342,284.5972,12.4084,150.5725
200608,-4.8567,-80.6836,ghsl_popw_centroid,0.1082,3.4565,273.1879,12.2307,159.6057
200701,-4.5828,-81.2609,ghsl_popw_centroid,0.0409,2.6537,200.0568,13.2310,164.9696
200702,-4.2684,-81.2119,ghsl_popw_centroid,0.0207,1.9919,156.6725,13.6463,136.8490
200703,-4.6598,-81.2858,ghsl_popw_centroid,1.7155,2.9545,211.7953,13.5318,173.2002
200704,-4.4426,-81.2646,ghsl_popw_centroid,0.1987,2.4423,181.6834,13.4030,154.0917
200705,-4.1783,-81.1258,ghsl_popw_centroid,0.0256,1.7721,140.2953,13.8123,123.1193
200706,-4.1064,-81.0484,ghsl_popw_centroid,0.0147,1.5961,126.6348,13.9733,111.4237
200801,-5.6037,-80.8193,ghsl_popw_centroid,1.9202,4.7777,361.9993,11.8282,243.6219
200802,-5.4335,-80.7439,ghsl_popw_centroid,0.2990,4.3564,339.6802,12.0808,223.2198
200803,-5.4656,-80.7418,ghsl_popw_centroid,0.0913,4.4223,342.6387,12.1373,226.6313
200804,-5.4975,-80.7128,ghsl_popw_centroid,0.5418,4.5779,349.2447,12.1853,229.3565
200805,-5.4319,-80.7937,ghsl_popw_centroid,0.8079,4.4628,345.1213,12.0912,224.4365
200806,-5.4642,-80.7660,ghsl_popw_centroid,0.0109,4.4217,342.9245,12.0715,227.1265
210101,-15.8440,-70.0184,ghsl_popw_centroid,0.0276,31.7369,2532.9115,16.1743,1773.0826
210102,-16.0423,-69.7469,ghsl_popw_centroid,0.3463,32.3564,2574.5124,16.7938,1808.6887
210103,-15.6604,-69.7113,ghsl_popw_centroid,8.6074,32.7467,2575.9987,17.1840,1779.1609
210104,-15.6820,-70.1411,ghsl_popw_centroid,0.5890,31.3742,2507.8940,15.8116,1750.8502
210105,-15.6468,-69.8254,ghsl_popw_centroid,0.0619,31.8907,2550.5722,16.3280,1769.9497
210106,-15.8739,-69.8633,ghsl_popw_centroid,2.6171,32.5104,2579.0752,16.9477,1786.3722
210107,-15.5580,-69.9321,ghsl_popw_centroid,0.4739,31.6775,2534.6155,16.1148,1754.9935
210108,-15.6180,-69.9839,ghsl_popw_centroid,0.3489,31.6842,2528.0911,16.1215,1756.3886
210109,-15.8008,-70.3528,ghsl_popw_centroid,0.0229,31.1227,2493.2725,15.5600,1746.4870
210110,-15.7254,-70.0650,ghsl_popw_centroid,0.8175,31.5454,2519.0141,15.9827,1759.8007
210111,-16.1841,-70.0934,ghsl_popw_centroid,0.1686,31.8185,2564.6782,16.2558,1797.0285
210112,-15.9293,-69.8094,ghsl_popw_centroid,1.3885,32.1765,2564.2707,16.6138,1794.8007
210113,-16.1054,-70.3398,ghsl_popw_centroid,6.0172,33.8269,2579.2345,18.2642,1773.6633
210114,-15.8446,-70.2054,ghsl_popw_centroid,1.5363,31.7156,2517.0095,16.1530,1760.2823
210115,-15.7583,-70.2598,ghsl_popw_centroid,0.4576,31.2778,2499.4255,15.7151,1749.1819
210201,-14.9036,-70.1837,ghsl_popw_centroid,0.5744,32.2749,2517.4597,16.7122,1682.6394
210202,-15.2425,-70.1632,ghsl_popw_centroid,3.2154,32.2310,2561.8047,16.6683,1712.2775
210203,-15.1263,-70.1060,ghsl_popw_centroid,1.2597,31.9805,2548.9980,16.4179,1706.6562
210204,-14.7369,-70.3549,ghsl_popw_centroid,0.7858,32.3777,2509.5345,16.8150,1656.5513
210205,-15.2972,-70.0887,ghsl_popw_centroid,2.2954,31.7188,2533.7647,16.1561,1722.1204
210206,-15.1090,-69.9579,ghsl_popw_centroid,0.2232,32.4190,2555.9418,16.8563,1715.8431
210207,-15.0352,-70.3368,ghsl_popw_centroid,0.0295,31.9517,2499.2781,16.3890,1682.6606
210208,-14.7615,-69.9607,ghsl_popw_centroid,0.5273,32.8156,2552.6985,17.2530,1687.1799
210209,-14.3583,-70.1401,ghsl_popw_centroid,2.3006,33.3767,2584.9101,17.8140,1641.2939
210210,-15.2648,-70.0152,ghsl_popw_centroid,0.6081,31.8025,2539.9753,16.2398,1724.6397
210211,-14.5471,-70.2952,ghsl_popw_centroid,0.0640,32.6999,2537.4790,17.1372,1645.2421
210212,-14.7114,-70.1902,ghsl_popw_centroid,1.0286,32.7763,2543.1479,17.2136,1666.3432
210213,-14.9992,-70.1215,ghsl_popw_centroid,0.2977,32.5035,2528.7723,16.9408,1695.0118
210214,-15.0866,-70.2466,ghsl_popw_centroid,3.2420,32.3087,2513.9957,16.7460,1693.3461
210215,-14.9249,-70.3931,ghsl_popw_centroid,1.7796,32.2085,2492.9018,16.6458,1669.4534
210301,-14.0591,-70.4341,ghsl_popw_centroid,0.2956,33.2620,2576.1710,17.6993,1595.3463
210302,-14.2280,-70.2219,ghsl_popw_centroid,0.1830,33.2787,2582.8684,17.7160,1624.7205
210303,-13.6690,-70.3209,ghsl_popw_centroid,15.0148,34.8745,2669.2431,19.3119,1572.7218
210304,-13.9771,-70.0170,ghsl_popw_centroid,0.0338,34.0182,2632.5059,18.4555,1620.1517
210305,-13.9175,-70.6320,ghsl_popw_centroid,5.1533,34.3713,2636.5031,18.8086,1569.2413
210306,-14.3568,-70.0047,ghsl_popw_centroid,1.0304,33.4853,2597.4075,17.9226,1651.2510
210307,-13.8579,-70.1657,ghsl_popw_centroid,17.3181,34.8592,2632.4569,19.2965,1599.4370
210308,-13.7358,-70.5257,ghsl_popw_centroid,6.5370,34.2325,2637.0529,18.6698,1562.5351
210309,-13.4487,-70.4000,ghsl_popw_centroid,0.8613,33.8226,2672.9840,18.2599,1549.3604
210310,-14.1367,-69.9604,ghsl_popw_centroid,1.1991,33.8253,2618.1554,18.2626,1637.0540
210401,-16.2360,-69.4694,ghsl_popw_centroid,1.4127,32.7860,2613.1569,17.2233,1844.3505
210402,-16.5714,-69.0480,ghsl_popw_centroid,0.0497,32.8908,2639.7992,17.3282,1902.0028
210403,-16.5891,-69.3780,ghsl_popw_centroid,0.3729,32.3696,2597.4070,16.8069,1880.4950
210404,-16.7056,-69.2522,ghsl_popw_centroid,0.9433,33.2337,2650.0645,17.6710,1899.0470
210405,-16.9298,-69.4079,ghsl_popw_centroid,3.6331,33.4764,2638.3619,17.9137,1907.4793
210406,-16.3344,-69.2668,ghsl_popw_centroid,1.2960,33.3288,2644.0454,17.7661,1866.8047
210407,-16.4756,-69.1491,ghsl_popw_centroid,1.7756,33.2909,2636.8969,17.7282,1886.8875
210501,-16.0956,-69.6238,ghsl_popw_centroid,0.1748,32.4333,2588.6563,16.8706,1821.7563
210502,-17.1205,-69.6720,ghsl_popw_centroid,1.7972,32.4247,2594.2342,16.8620,1906.2676
210503,-16.0919,-69.5119,ghsl_popw_centroid,1.7177,32.7372,2603.1383,17.1745,1829.2794
210504,-16.7645,-69.7708,ghsl_popw_centroid,0.1455,31.8696,2554.0756,16.3069,1868.8058
210505,-16.5648,-69.6492,ghsl_popw_centroid,1.9705,32.1223,2572.8326,16.5596,1859.8337
210601,-15.1978,-69.7871,ghsl_popw_centroid,0.2702,32.0861,2566.5585,16.5234,1735.4806
210602,-15.0250,-69.3648,ghsl_popw_centroid,0.6242,32.8301,2629.5882,17.2674,1752.5114
210603,-15.0368,-69.7996,ghsl_popw_centroid,0.0354,32.2165,2575.3509,16.6538,1721.3919
210604,-15.0100,-69.6911,ghsl_popw_centroid,0.7882,32.9461,2602.6316,17.3834,1727.1501
210605,-15.4438,-69.9712,ghsl_popw_centroid,0.0254,31.7107,2532.2200,16.1480,1742.6815
210606,-15.2336,-69.5255,ghsl_popw_centroid,0.1467,32.5960,2596.6080,17.0333,1757.4508
210607,-15.3016,-69.9346,ghsl_popw_centroid,0.7365,31.8928,2544.5920,16.3301,1733.4442
210608,-15.1682,-69.6365,ghsl_popw_centroid,2.0616,32.6052,2598.5235,17.0425,1744.0108
210701,-15.3770,-70.3777,ghsl_popw_centroid,0.7973,31.3630,2512.5897,15.8003,1708.5885
210702,-15.5924,-70.3486,ghsl_popw_centroid,1.1633,31.0139,2488.0240,15.4512,1728.9241
210703,-15.3105,-70.2172,ghsl_popw_centroid,0.1741,31.5967,2532.6543,16.0340,1714.1729
210704,-15.2218,-70.2777,ghsl_popw_centroid,1.3893,31.8659,2527.8991,16.3032,1702.4694
210705,-15.1626,-70.8580,ghsl_popw_centroid,1.5889,31.6594,2448.2662,16.0967,1657.2857
210706,-15.2629,-70.5798,ghsl_popw_centroid,1.3924,31.9639,2491.1226,16.4012,1684.9205
210707,-15.4720,-70.6899,ghsl_popw_centroid,0.7356,30.7988,2458.4574,15.2361,1695.3356
210708,-15.0570,-70.4078,ghsl_popw_centroid,3.6797,32.1498,2500.6654,16.5872,1679.4767
210709,-15.6758,-70.6610,ghsl_popw_centroid,1.1344,30.3631,2440.5727,14.8004,1714.9074
210710,-15.1798,-70.6601,ghsl_popw_centroid,0.7318,31.9299,2475.7385,16.3672,1672.3047
210801,-14.8843,-70.5937,ghsl_popw_centroid,0.0244,31.6864,2465.8892,16.1238,1651.8873
210802,-14.3827,-70.3423,ghsl_popw_centroid,7.4655,33.3298,2565.6644,17.7671,1628.3691
210803,-14.9038,-70.8548,ghsl_popw_centroid,0.2507,31.4820,2435.2440,15.9193,1635.3521
210804,-14.9536,-70.8916,ghsl_popw_centroid,0.2636,31.1976,2426.5824,15.6349,1637.0682
210805,-14.7458,-70.8776,ghsl_popw_centroid,0.6627,31.6004,2438.4002,16.0378,1620.3415
210806,-14.4791,-70.6271,ghsl_popw_centroid,0.2400,32.2290,2507.0018,16.6663,1615.6584
210807,-14.6861,-70.4733,ghsl_popw_centroid,2.6448,32.8722,2524.5150,17.3095,1643.8535
210808,-14.5964,-70.8161,ghsl_popw_centroid,0.5999,31.7045,2478.4227,16.1418,1612.0287
210809,-14.8621,-70.7506,ghsl_popw_centroid,0.8103,31.4684,2446.6045,15.9057,1639.0368
210901,-15.3501,-69.4942,ghsl_popw_centroid,0.9586,32.5348,2604.9770,16.9721,1769.2197
210902,-15.4586,-69.4252,ghsl_popw_centroid,1.1251,32.8939,2623.8291,17.3312,1783.0965
210903,-15.3108,-69.3395,ghsl_popw_centroid,0.4274,32.9540,2621.7390,17.3914,1777.3683
210904,-15.5062,-69.3501,ghsl_popw_centroid,0.1644,33.0623,2639.5571,17.4996,1792.4494
211001,-14.8717,-69.8481,ghsl_popw_centroid,1.4830,32.5667,2570.6767,17.0040,1704.3969
211002,-14.6394,-69.4600,ghsl_popw_centroid,1.0441,33.3928,2635.7466,17.8301,1714.6973
211003,-15.0478,-69.9037,ghsl_popw_centroid,0.2008,32.4557,2558.4395,16.8930,1714.7249
211004,-14.9059,-69.7229,ghsl_popw_centroid,1.8453,32.7023,2591.1162,17.1396,1716.3753
211005,-14.5283,-69.2399,ghsl_popw_centroid,19.4504,34.3287,2676.9539,18.7660,1722.7752
211101,-15.4893,-70.1358,ghsl_popw_centroid,0.0299,31.2784,2508.6593,15.7157,1734.9234
211102,-15.6378,-70.2826,ghsl_popw_centroid,0.7854,31.0671,2490.2761,15.5044,1737.3311
211103,-15.7043,-70.4285,ghsl_popw_centroid,2.6751,30.8371,2471.8651,15.2744,1733.0530
211104,-15.5513,-70.1005,ghsl_popw_centroid,0.7829,31.4149,2516.3171,15.8523,1742.6163
211105,-15.4661,-70.1233,ghsl_popw_centroid,0.0262,31.3366,2512.0822,15.7739,1733.8444
211201,-14.3116,-69.4531,ghsl_popw_centroid,0.1040,34.2286,2672.2012,18.6659,1689.5115
211202,-14.5008,-69.5690,ghsl_popw_centroid,2.1853,33.9964,2647.6852,18.4337,1695.4930
211203,-14.1551,-69.7046,ghsl_popw_centroid,1.4114,34.3018,2654.3285,18.7391,1657.9882
211204,-14.3449,-69.6365,ghsl_popw_centroid,1.2836,34.0511,2649.5872,18.4884,1678.0787
211205,-14.1355,-69.6397,ghsl_popw_centroid,0.2170,34.6165,2672.9004,19.0539,1661.4411
211206,-14.4946,-69.3664,ghsl_popw_centroid,15.5616,34.4339,2652.2410,18.8712,1710.4409
211207,-14.2075,-69.1211,ghsl_popw_centroid,0.5735,35.1554,2749.9528,19.5928,1707.3006
211208,-14.2579,-69.1675,ghsl_popw_centroid,0.1433,34.9629,2735.8378,19.4002,1707.5154
211209,-14.0471,-69.2808,ghsl_popw_centroid,4.9306,35.0325,2724.7296,19.4698,1682.5367
211210,-14.0697,-69.0007,ghsl_popw_centroid,2.0739,35.6092,2781.7542,20.0465,1706.3762
211301,-16.2649,-69.0878,ghsl_popw_centroid,0.8095,33.4948,2664.5345,17.9321,1873.6890
211302,-16.3148,-68.8602,ghsl_popw_centroid,14.4935,34.6295,2695.5302,19.0669,1894.0913
211303,-16.3804,-69.0427,ghsl_popw_centroid,0.5171,33.2730,2650.6596,17.7103,1886.4722
211304,-16.2758,-69.1852,ghsl_popw_centroid,0.5188,33.3272,2654.4614,17.7645,1867.6758
211305,-16.2388,-68.9973,ghsl_popw_centroid,0.0689,33.7669,2676.2965,18.2042,1877.9970
211306,-16.1991,-68.9637,ghsl_popw_centroid,0.0169,33.9403,2683.9514,18.3776,1877.1402
211307,-16.2218,-68.9728,ghsl_popw_centroid,0.1642,33.8570,2680.0369,18.2943,1878.3537
220101,-6.0183,-76.9899,ghsl_popw_centroid,0.0117,12.3938,981.8259,13.0879,459.0486
220102,-6.0305,-77.0737,ghsl_popw_centroid,0.0829,12.2109,971.2004,13.1911,452.5981
220103,-6.0827,-77.0897,ghsl_popw_centroid,0.0521,12.2589,974.0758,13.2134,454.8690
220104,-6.1462,-76.9150,ghsl_popw_centroid,0.5145,12.6199,999.6406,13.0124,474.3393
220105,-6.1557,-77.0908,ghsl_popw_centroid,1.8995,12.4295,984.8839,13.3840,459.9582
220106,-5.9709,-77.0368,ghsl_popw_centroid,0.0947,12.5671,987.2816,13.2816,451.7226
220201,-7.0514,-76.5860,ghsl_popw_centroid,0.0513,14.4140,1134.8198,10.8607,568.1573
220202,-7.4195,-76.4431,ghsl_popw_centroid,23.7022,16.4542,1226.9630,11.1856,608.2321
220203,-7.1642,-76.3728,ghsl_popw_centroid,17.9713,15.5130,1167.0701,11.9379,593.8289
220204,-7.1672,-76.6379,ghsl_popw_centroid,8.0001,14.9554,1152.7469,11.1727,573.1549
220205,-6.8233,-76.5918,ghsl_popw_centroid,0.2630,14.0692,1108.2998,11.3325,550.3383
220206,-7.0159,-76.4915,ghsl_popw_centroid,2.2039,14.6791,1148.9845,11.1040,572.9922
220301,-6.6163,-76.7035,ghsl_popw_centroid,0.4457,13.5282,1070.2722,11.8482,525.8050
220302,-6.7227,-76.6947,ghsl_popw_centroid,0.1665,13.6958,1084.2584,11.5905,534.4071
220303,-6.4616,-76.7875,ghsl_popw_centroid,2.6353,13.4593,1055.9897,12.3229,507.5251
220304,-6.6935,-76.5908,ghsl_popw_centroid,3.2325,13.8886,1087.6517,12.2489,540.8248
220305,-6.5340,-76.7097,ghsl_popw_centroid,0.8757,13.3515,1058.4092,12.0057,519.2902
220401,-6.9266,-76.7910,ghsl_popw_centroid,0.7461,15.1641,1178.4385,11.1214,542.2823
220402,-6.6997,-76.8851,ghsl_popw_centroid,15.6618,14.4530,1093.0574,12.6951,517.2552
220403,-7.0186,-76.7213,ghsl_popw_centroid,0.0176,14.7988,1160.8848,10.7561,554.9496
220404,-6.9970,-76.7929,ghsl_popw_centroid,0.8429,15.0495,1172.5117,11.0068,547.6709
220405,-7.0761,-76.7346,ghsl_popw_centroid,0.1870,14.6870,1156.1319,10.6013,558.4508
220406,-7.0849,-76.6456,ghsl_popw_centroid,0.2680,14.5496,1144.8991,10.7468,566.0712
220501,-6.4172,-76.5209,ghsl_popw_centroid,0.0227,13.4488,1071.2219,12.3981,527.2033
220502,-6.3280,-76.7738,ghsl_popw_centroid,1.3553,12.9736,1030.7576,12.4316,499.1697
220503,-6.2485,-76.0461,ghsl_popw_centroid,0.3445,15.2510,1184.2984,13.5147,558.9829
220504,-6.2307,-76.2867,ghsl_popw_centroid,1.1243,14.6681,1161.5603,12.9318,535.7934
220505,-6.5766,-76.4817,ghsl_popw_centroid,1.0108,13.7487,1092.2709,12.3804,541.6513
220506,-6.2302,-76.7147,ghsl_popw_centroid,6.1333,13.1423,1030.9247,12.8019,497.5314
220507,-6.4495,-76.4773,ghsl_popw_centroid,0.1652,13.5353,1077.8737,12.2823,533.2107
220508,-6.3711,-76.4594,ghsl_popw_centroid,0.1479,14.1026,1098.7612,12.5955,529.4625
220509,-6.4119,-76.5881,ghsl_popw_centroid,0.5861,13.3415,1063.3950,12.5182,521.0077
220510,-6.3957,-76.6295,ghsl_popw_centroid,0.2635,13.2340,1055.8755,12.5788,516.3078
220511,-6.5462,-76.5213,ghsl_popw_centroid,3.2875,13.7988,1090.0863,12.5422,536.1249
220601,-7.1837,-76.7307,ghsl_popw_centroid,0.0437,14.9161,1173.4612,10.4045,567.3394
220602,-7.5357,-76.6715,ghsl_popw_centroid,0.3133,15.5406,1224.0435,9.7603,600.5540
220603,-7.0263,-77.0026,ghsl_popw_centroid,22.2920,16.1482,1194.8808,12.1055,534.0446
220604,-7.2649,-76.8346,ghsl_popw_centroid,7.4986,15.5320,1198.3127,10.7335,566.1322
220605,-7.2715,-76.6551,ghsl_popw_centroid,6.4450,15.4695,1199.9583,10.4446,580.1595
220701,-6.9180,-76.3332,ghsl_popw_centroid,0.1147,14.4806,1151.5248,11.3173,578.6679
220702,-6.7627,-76.3867,ghsl_popw_centroid,3.2801,14.5858,1145.6420,11.8030,562.9412
220703,-6.9527,-76.4162,ghsl_popw_centroid,0.3017,14.6297,1161.3295,11.1869,574.3676
220704,-6.7814,-76.2750,ghsl_popw_centroid,3.2734,14.3747,1133.9728,11.7391,573.7441
220705,-6.8432,-76.3494,ghsl_popw_centroid,0.9078,14.4161,1143.9798,11.4612,571.8767
220706,-6.9920,-76.4208,ghsl_popw_centroid,0.6252,14.7086,1156.6356,11.1404,576.9243
220707,-6.9926,-76.4562,ghsl_popw_centroid,1.2038,14.7074,1154.2486,11.1323,574.0875
220708,-7.0366,-76.1067,ghsl_popw_centroid,13.2722,15.8011,1194.4555,12.6308,606.2137
220709,-6.9516,-76.2354,ghsl_popw_centroid,2.0488,15.0463,1174.0966,11.8760,589.2761
220710,-6.8010,-76.1767,ghsl_popw_centroid,13.9133,14.8878,1143.1016,12.2900,583.5280
220801,-6.0584,-77.1763,ghsl_popw_centroid,0.2785,12.0551,958.9932,13.3358,445.7645
220802,-5.7974,-77.3770,ghsl_popw_centroid,2.1959,11.6337,922.0926,13.8556,410.2111
220803,-5.9975,-77.2766,ghsl_popw_centroid,0.4149,11.8495,944.7015,13.4617,432.9131
220804,-5.9206,-77.3216,ghsl_popw_centroid,0.4396,11.7233,934.5351,13.5903,423.6136
220805,-5.7372,-77.5104,ghsl_popw_centroid,0.5778,11.3508,904.3208,13.9766,394.5284
220806,-6.0131,-77.1661,ghsl_popw_centroid,0.1090,12.0899,961.4066,13.3874,443.4303
220807,-5.8939,-77.2734,ghsl_popw_centroid,1.0501,11.9413,942.8153,13.7591,425.8653
220808,-6.1477,-77.1425,ghsl_popw_centroid,0.3661,12.3010,969.6688,13.5817,455.0219
220809,-5.9313,-77.2297,ghsl_popw_centroid,0.2033,12.0640,947.7313,13.6445,432.2382
220901,-6.4886,-76.3666,ghsl_popw_centroid,0.0349,13.7178,1091.7761,12.0927,545.5406
220902,-6.6724,-76.2794,ghsl_popw_centroid,2.9940,14.2527,1125.0509,11.8332,565.7295
220903,-6.4660,-76.4318,ghsl_popw_centroid,0.1682,13.6264,1084.6314,12.2038,538.3041
220904,-6.5687,-76.0979,ghsl_popw_centroid,0.3356,14.8079,1146.2802,12.7655,574.6084
220905,-6.4092,-75.8381,ghsl_popw_centroid,18.0706,16.7371,1223.8809,15.0008,588.0051
220906,-6.2262,-75.8201,ghsl_popw_centroid,0.1733,15.9404,1215.5354,14.2041,578.7573
220907,-6.4605,-75.7381,ghsl_popw_centroid,26.8933,17.2991,1243.2759,15.5628,600.3722
220908,-6.5865,-76.3302,ghsl_popw_centroid,0.7490,13.9194,1105.1226,11.9420,555.3992
220909,-6.4950,-76.3463,ghsl_popw_centroid,0.0087,13.7751,1094.5232,12.0559,547.7528
220910,-6.4806,-76.3836,ghsl_popw_centroid,0.0572,13.6808,1089.6835,12.1264,543.5097
220911,-6.2325,-75.7267,ghsl_popw_centroid,8.3036,16.4132,1226.6454,14.6768,587.9396
220912,-6.4148,-76.4058,ghsl_popw_centroid,0.5790,13.9142,1098.8339,12.3788,537.1180
220913,-6.6925,-76.2136,ghsl_popw_centroid,7.9067,14.6169,1137.3200,12.0818,572.8100
220914,-6.5898,-76.2066,ghsl_popw_centroid,1.5992,14.2794,1124.2553,12.2370,566.4150
221001,-8.1954,-76.5250,ghsl_popw_centroid,0.5873,16.1364,1233.2595,8.3342,667.1218
221002,-8.5123,-76.2744,ghsl_popw_centroid,2.7001,16.0319,1220.9963,7.7244,711.8618
221003,-8.0349,-76.6486,ghsl_popw_centroid,0.8643,16.5345,1266.6530,8.7323,644.6847
221004,-8.3728,-76.7411,ghsl_popw_centroid,25.0371,17.4316,1265.8968,9.6293,668.4882
221005,-8.4332,-76.4377,ghsl_popw_centroid,1.8727,15.5081,1181.5751,8.1654,693.8548
221006,-8.3350,-76.4081,ghsl_popw_centroid,0.8278,15.6503,1193.9867,8.0073,687.2780
230101,-18.0170,-70.2534,ghsl_popw_centroid,0.0062,30.8150,2483.7570,15.2523,1949.1443
230102,-17.9895,-70.2474,ghsl_popw_centroid,0.0084,30.8074,2483.7400,15.2447,1947.0112
230103,-17.9644,-70.1908,ghsl_popw_centroid,0.0956,30.9430,2491.1227,15.3803,1948.1961
230104,-17.9809,-70.2340,ghsl_popw_centroid,0.0073,30.8384,2485.4489,15.2757,1947.0484
230105,-17.7915,-70.5019,ghsl_popw_centroid,0.0063,30.4332,2448.8799,14.8705,1913.5203
230106,-17.8407,-70.0985,ghsl_popw_centroid,1.3075,31.2638,2510.2191,15.7011,1942.7178
230107,-17.6208,-69.7244,ghsl_popw_centroid,3.3336,32.5979,2613.2820,17.0352,1946.7394
230108,-17.9949,-70.2251,ghsl_popw_centroid,0.0804,30.8563,2486.2387,15.2936,1948.8628
230109,-18.0467,-70.6570,ghsl_popw_centroid,0.1773,30.4656,2451.7473,14.9030,1927.6489
230110,-18.0507,-70.2510,ghsl_popw_centroid,0.0467,30.8406,2487.6292,15.2780,1952.3549
230111,-18.2032,-70.4589,ghsl_popw_centroid,3.0985,30.6551,2464.7680,15.0924,1953.7979
230201,-17.1764,-70.2536,ghsl_popw_centroid,4.6354,31.4530,2493.3789,15.8903,1873.4667
230202,-17.2714,-70.3612,ghsl_popw_centroid,0.8024,31.5051,2499.3601,15.9424,1875.1573
230203,-17.2475,-70.4069,ghsl_popw_centroid,1.7635,31.1622,2480.1107,15.5995,1870.1456
230204,-17.3964,-70.3569,ghsl_popw_centroid,0.0124,31.1032,2475.0695,15.5405,1886.6498
230205,-17.3151,-70.3241,ghsl_popw_centroid,0.0093,31.4543,2486.0426,15.8917,1881.4052
230206,-17.3205,-70.2488,ghsl_popw_centroid,0.1022,31.6107,2507.4231,16.0480,1886.6306
230301,-17.5967,-70.7801,ghsl_popw_centroid,1.7864,30.1262,2418.3471,14.5635,1878.9422
230302,-17.3806,-70.5767,ghsl_popw_centroid,0.2306,30.8993,2439.8743,15.3366,1871.6004
230303,-17.7993,-70.9156,ghsl_popw_centroid,0.5133,29.8046,2404.6771,14.2419,1889.5650
230401,-17.4429,-69.9486,ghsl_popw_centroid,0.0632,32.3607,2586.7394,16.7980,1916.6079
230402,-17.4875,-70.1624,ghsl_popw_centroid,1.4339,32.2593,2526.4810,16.6966,1907.0142
230403,-17.5555,-69.9994,ghsl_popw_centroid,0.9489,31.8797,2562.9371,16.3170,1923.3844
230404,-17.5404,-70.0326,ghsl_popw_centroid,0.0624,31.7105,2555.9646,16.1478,1919.9347
230405,-17.3773,-70.1469,ghsl_popw_centroid,0.6607,32.0111,2528.1475,16.4484,1898.1474
230406,-17.2921,-70.0921,ghsl_popw_centroid,0.4181,32.4999,2555.9354,16.9372,1894.0500
230407,-17.5236,-70.0332,ghsl_popw_centroid,0.0977,31.7876,2554.1169,16.2249,1918.3985
230408,-17.3827,-69.9807,ghsl_popw_centroid,3.9177,32.7095,2586.2956,17.1468,1909.2146
240101,-3.5660,-80.4409,ghsl_popw_centroid,0.3372,0.3830,24.3436,15.4113,21.9374
240102,-3.6078,-80.4844,ghsl_popw_centroid,0.0845,0.4110,30.2282,15.2323,28.3406
240103,-3.6387,-80.5892,ghsl_popw_centroid,0.0385,0.5446,42.0933,15.0369,40.2682
240104,-3.7005,-80.4292,ghsl_popw_centroid,0.4548,0.7024,42.6661,15.5237,30.4169
240105,-3.6903,-80.4558,ghsl_popw_centroid,0.1463,0.6093,41.3519,15.4306,31.4813
240106,-3.6295,-80.4264,ghsl_popw_centroid,0.2967,0.5483,32.7022,15.4732,24.4350
240201,-3.6897,-80.6859,ghsl_popw_centroid,0.6008,0.7333,55.7298,14.8992,52.3947
240202,-3.9557,-80.6650,ghsl_popw_centroid,0.6263,1.5366,100.1358,15.5875,68.9544
240203,-3.9801,-80.9431,ghsl_popw_centroid,1.0896,1.3470,103.4839,14.3299,93.6279
240301,-3.4994,-80.2747,ghsl_popw_centroid,0.0486,0.0494,2.4299,15.5435,2.2493
240302,-3.4879,-80.2586,ghsl_popw_centroid,0.0296,0.0193,0.4882,15.5749,0.4365
240303,-3.6827,-80.2267,ghsl_popw_centroid,0.5973,0.6889,34.1946,16.0747,22.3442
240304,-3.5553,-80.2318,ghsl_popw_centroid,0.2428,0.2725,11.0573,15.7269,8.4895
250101,-8.3854,-74.5502,ghsl_popw_centroid,0.0361,20.1509,1558.4546,9.0677,834.0299
250102,-8.4732,-74.8075,ghsl_popw_centroid,0.0321,19.7842,1528.4009,8.7011,819.2443
250103,-9.3129,-74.3459,ghsl_popw_centroid,54.6919,23.6126,1645.3030,12.5295,920.2265
250104,-8.6875,-74.2481,ghsl_popw_centroid,18.4811,22.4746,1617.5803,11.3915,881.1114
250105,-8.3693,-74.5851,ghsl_popw_centroid,0.0184,20.2022,1557.7329,9.1190,829.9478
250106,-8.2646,-74.8846,ghsl_popw_centroid,1.4736,20.3141,1554.3112,9.2310,797.4423
250107,-8.4107,-74.5529,ghsl_popw_centroid,0.0618,20.2123,1559.9155,9.1291,835.6327
250201,-10.7235,-73.8419,ghsl_popw_centroid,68.9889,25.0679,1754.6907,9.8363,1071.8406
250202,-11.1014,-73.0629,ghsl_popw_centroid,136.6297,28.4290,1821.2892,13.1973,1160.4296
250203,-9.9484,-73.9742,ghsl_popw_centroid,111.9066,26.6286,1733.7818,12.0078,999.0064
250204,-9.6465,-72.7736,ghsl_popw_centroid,211.4534,32.1232,1810.5526,21.0401,1073.6925
250301,-9.0314,-75.5186,ghsl_popw_centroid,0.1007,18.2180,1400.3748,7.3625,809.2792
250302,-8.8367,-75.2363,ghsl_popw_centroid,0.4405,18.7781,1447.4208,7.9226,813.9317
250303,-8.4350,-75.1525,ghsl_popw_centroid,0.0757,19.9231,1534.9058,8.8400,788.6433
250304,-8.6250,-75.0354,ghsl_popw_centroid,3.8488,19.8559,1517.6449,8.7727,812.6012
250305,-8.8271,-75.0556,ghsl_popw_centroid,0.0584,19.1123,1474.8841,8.0371,826.9204
250306,-8.9211,-75.4379,ghsl_popw_centroid,0.6437,18.4990,1422.9871,7.6435,805.8822
250307,-9.0928,-75.7053,ghsl_popw_centroid,1.2535,17.9075,1375.3358,7.0520,801.3590
250401,-9.7855,-70.7517,ghsl_popw_centroid,172.7714,47.1022,3216.2249,31.5395,1262.0519
